index,participants,hypernym,hyponym,word,words_excluded,id,full_list,clean_list,label,word_spec_map
2936,1G_15,alimento,"cibo, energia",torta,"cibo, energia",2936_1G_15,['alimento' 'torta' 'cibo' 'energia'],['alimento' 'torta'],['B-' 'B-' 'O' 'O'],
265,1G_22,oggetto con quattro o più ruote utilizzato per spostarsi o per sport che utilizza un motore per muoversi,subaru,automobile,oggetto con quattro o più ruote utilizzato per spostarsi o per sport che utilizza un motore per muoversi,265_1G_22,"['oggetto con quattro o più ruote utilizzato per spostarsi o per sport che utilizza un motore per muoversi'
 'automobile' 'subaru']",['automobile' 'subaru'],['O' 'B-' 'B-'],
1797,5D_18,unità di misura,"giorno, sole, stella",tempo,"sole, stella",1797_5D_18,['unità di misura' 'tempo' 'giorno' 'sole' 'stella'],['unità di misura' 'tempo' 'giorno'],['B-' 'B-' 'B-' 'O' 'O'],
873,2E_17,"misura, grandezza, entità astratta","giorno, ore, minuti, secondi",tempo,"ore, minuti, secondi",873_2E_17,"['misura' 'grandezza' 'entità astratta' 'tempo' 'giorno' 'ore' 'minuti'
 'secondi']",['misura' 'grandezza' 'entità astratta' 'tempo' 'giorno'],['B-' 'B-' 'B-' 'B-' 'B-' 'O' 'O' 'O'],
1052,3C_3,"lavoro, mestiere, occupazione",insegnante di mate,insegnante,mestiere,1052_3C_3,['lavoro' 'mestiere' 'occupazione' 'insegnante' 'insegnante di mate'],['lavoro' 'occupazione' 'insegnante' 'insegnante di mate'],['B-' 'O' 'B-' 'B-' 'B-'],
532,3C_6,"veicolo, mezzo di trasporto",panda,automobile,,532_3C_6,['veicolo' 'mezzo di trasporto' 'automobile' 'panda'],['veicolo' 'mezzo di trasporto' 'automobile' 'panda'],['B-' 'B-' 'B-' 'B-'],
2401,2F_12,"emozione, sentimento, frustrazione",,rabbia,"sentimento, frustrazione",2401_2F_12,['emozione' 'sentimento' 'frustrazione' 'rabbia'],['emozione' 'rabbia'],['B-' 'O' 'O' 'B-'],
2445,3B_5,sentimento,frustrazione,rabbia,,2445_3B_5,['sentimento' 'rabbia' 'frustrazione'],['sentimento' 'rabbia' 'frustrazione'],['B-' 'B-' 'B-'],
1519,5B_3,"professione, mestiere",prof,insegnante,mestiere,1519_5B_3,['professione' 'mestiere' 'insegnante' 'prof'],['professione' 'insegnante' 'prof'],['B-' 'O' 'B-' 'B-'],
162,1G_13,"sensazione, cosa interna, cosa astratta",,libertà,,162_1G_13,['sensazione' 'cosa interna' 'cosa astratta' 'libertà'],['sensazione' 'cosa interna' 'cosa astratta' 'libertà'],['B-' 'B-' 'B-' 'B-'],
2380,3C_21,"mestiere, dovere, cosa","insegnante privato, insegnante di storia",insegnante,cosa,2380_3C_21,"['mestiere' 'dovere' 'cosa' 'insegnante' 'insegnante privato'
 'insegnante di storia']","['mestiere' 'dovere' 'insegnante' 'insegnante privato'
 'insegnante di storia']",['B-' 'B-' 'O' 'B-' 'B-' 'B-'],
1667,3B_3,"emozione, sentimento, sensazione, presentimento",,libertà,"emozione, sentimento, presentimento",1667_3B_3,['emozione' 'sentimento' 'sensazione' 'presentimento' 'libertà'],['sensazione' 'libertà'],['O' 'O' 'B-' 'O' 'B-'],
1670,5D_10,"veicolo, mezzo, entità, oggetto, cosa",quad,automobile,"oggetto, cosa",1670_5D_10,['veicolo' 'mezzo' 'entità' 'oggetto' 'cosa' 'automobile' 'quad'],['veicolo' 'mezzo' 'entità' 'automobile' 'quad'],['B-' 'B-' 'B-' 'O' 'O' 'B-' 'B-'],
795,2E_12,"erbivoro, eucariote, animale, mammifero, entità","nero, mustang",cavallo,"eucariote, mammifero",795_2E_12,"['erbivoro' 'eucariote' 'animale' 'mammifero' 'entità' 'cavallo' 'nero'
 'mustang']",['erbivoro' 'animale' 'entità' 'cavallo' 'nero' 'mustang'],['B-' 'O' 'B-' 'O' 'B-' 'B-' 'B-' 'B-'],
683,3B_14,"lavoratore, persona, essere vivente, bipede, regno animale","babysitter, capelli neri",badante,"bipede, regno animale, babysitter, capelli neri",683_3B_14,"['lavoratore' 'persona' 'essere vivente' 'bipede' 'regno animale'
 'badante' 'babysitter' 'capelli neri']",['lavoratore' 'persona' 'essere vivente' 'badante'],['B-' 'B-' 'B-' 'O' 'O' 'B-' 'O' 'O'],
1368,1D_10,"emozione, stato d'animo",fomofobia,paura,stato d'animo,1368_1D_10,"['emozione' ""stato d'animo"" 'paura' 'fomofobia']",['emozione' 'paura' 'fomofobia'],['B-' 'O' 'B-' 'B-'],
2186,2F_23,vita parallela,incubo,sogno,vita parallela,2186_2F_23,['vita parallela' 'sogno' 'incubo'],['sogno' 'incubo'],['O' 'B-' 'B-'],
592,1D_20,persona,,badante,,592_1D_20,['persona' 'badante'],['persona' 'badante'],['B-' 'B-'],
2129,5D_7,,,mente,,2129_5D_7,[' mente'],[' mente'],['B-'],
664,2F_20,educare,"bambini, paziente, babysitter",badante,"educare, bambini, babysitter",664_2F_20,['educare' 'badante' 'bambini' 'paziente' 'babysitter'],['badante' 'paziente'],['O' 'B-' 'O' 'B-' 'O'],
2161,1G_15,sentimento,,paura,,2161_1G_15,['sentimento' 'paura'],['sentimento' 'paura'],['B-' 'B-'],
2625,3B_16,"fantasia, pensiero",,sogno,,2625_3B_16,['fantasia' 'pensiero' 'sogno'],['fantasia' 'pensiero' 'sogno'],['B-' 'B-' 'B-'],
583,5B_19,concetto astratto,di un animale,libertà,,583_5B_19,['concetto astratto' 'libertà' 'libertà di un animale'],['concetto astratto' 'libertà' 'libertà di un animale'],['B-' 'B-' 'B-'],di un animale|||libertà di un animale___
2318,3C_18,"sentimento, emozione, sensazione, cosa astratta","abbraccio, falso abbraccio",affetto,"emozione, abbraccio, falso abbraccio",2318_3C_18,"['sentimento' 'emozione' 'sensazione' 'cosa astratta' 'affetto'
 'abbraccio' 'falso abbraccio']",['sentimento' 'sensazione' 'cosa astratta' 'affetto'],['B-' 'O' 'B-' 'B-' 'B-' 'O' 'O'],
1826,5D_22,"mezzo, trasporto","elettrica, a benzina, a gas",automobile,"trasporto, a benzina, a gas",1826_5D_22,"['mezzo' 'trasporto' 'automobile' 'elettrica' 'elettrica a benzina'
 'elettrica a gas']",['mezzo' 'automobile' 'elettrica'],['B-' 'O' 'B-' 'B-' 'O' 'O'],a benzina|||elettrica a benzina___a gas|||elettrica a gas___
289,5B_1,"lavoro, entità","dada, babysitter",badante,"dada, babysitter",289_5B_1,['lavoro' 'entità' 'badante' 'dada' 'babysitter'],['lavoro' 'entità' 'badante'],['B-' 'B-' 'B-' 'O' 'O'],
1467,3B_21,"mestiere, lavoro",,insegnante,,1467_3B_21,['mestiere' 'lavoro' 'insegnante'],['mestiere' 'lavoro' 'insegnante'],['B-' 'B-' 'B-'],
2098,5B_2,,,mente,,2098_5B_2,[' mente'],[' mente'],['B-'],
207,1D_21,"macchina, professione","macchinista, taxista",autista,"macchina, macchinista",207_1D_21,['macchina' 'professione' 'autista' 'macchinista' 'taxista'],['professione' 'autista' 'taxista'],['O' 'B-' 'B-' 'O' 'B-'],
1216,1D_1,"animale, specie, essere vivente",pony,cavallo,specie,1216_1D_1,['animale' 'specie' 'essere vivente' 'cavallo' 'pony'],['animale' 'essere vivente' 'cavallo' 'pony'],['B-' 'O' 'B-' 'B-' 'B-'],
367,5D_13,,taxi,autista,,367_5D_13,[' autista' 'taxi'],[' autista' 'taxi'],['B-' 'B-'],
131,1G_10,"oggetto, entità","lego, lego city",giocattolo,,131_1G_10,['oggetto' 'entità' 'giocattolo' 'lego' 'lego city'],['oggetto' 'entità' 'giocattolo' 'lego' 'lego city'],['B-' 'B-' 'B-' 'B-' 'B-'],
2478,5B_12,"emozione, sentimento, modo di sentimento",odio,rabbia,"sentimento, modo di sentimento, odio",2478_5B_12,['emozione' 'sentimento' 'modo di sentimento' 'rabbia' 'odio'],['emozione' 'rabbia'],['B-' 'O' 'O' 'B-' 'O'],
2147,2F_21,"emozione, sentimento",felicità,gioia,"sentimento, felicità",2147_2F_21,['emozione' 'sentimento' 'gioia' 'felicità'],['emozione' 'gioia'],['B-' 'O' 'B-' 'O'],
1428,2F_1,,lavoro,insegnante,lavoro,1428_2F_1,[' insegnante' 'lavoro'],[' insegnante'],['B-' 'O'],
1724,5D_13,"mammifero, animale, essere vivente",selvatico,cavallo,,1724_5D_13,['mammifero' 'animale' 'essere vivente' 'cavallo' 'selvatico'],['mammifero' 'animale' 'essere vivente' 'cavallo' 'selvatico'],['B-' 'B-' 'B-' 'B-' 'B-'],
2278,3C_15,"mammifero, animale, essere vivente","cavallo bianco, cavallo bianco tedesco",cavallo,,2278_3C_15,"['mammifero' 'animale' 'essere vivente' 'cavallo' 'cavallo bianco'
 'cavallo bianco tedesco']","['mammifero' 'animale' 'essere vivente' 'cavallo' 'cavallo bianco'
 'cavallo bianco tedesco']",['B-' 'B-' 'B-' 'B-' 'B-' 'B-'],
1783,1G_3,"curatore, analizzatore","peste, malattie da curare, felicità",medico,"curatore, analizzatore, peste, malattie da curare, felicità",1783_1G_3,"['curatore' 'analizzatore' 'medico' 'peste' 'malattie da curare'
 'felicità']",['medico'],['O' 'O' 'B-' 'O' 'O' 'O'],
1970,1G_18,intelletto,"riflessioni, pensiero",mente,"intelletto, riflessioni, pensiero",1970_1G_18,['intelletto' 'mente' 'riflessioni' 'pensiero'],['mente'],['O' 'B-' 'O' 'O'],
2130,5D_8,corpo,"mente geniale, mente stupida, mente ignorante",mente,"corpo, mente stupida, mente ignorante",2130_5D_8,['corpo' 'mente' 'mente geniale' 'mente stupida' 'mente ignorante'],['mente' 'mente geniale'],['O' 'B-' 'B-' 'O' 'O'],
354,5B_20,"mestiere, diritto",,autista,,354_5B_20,['mestiere' 'diritto' 'autista'],['mestiere' 'diritto' 'autista'],['B-' 'B-' 'B-'],
1270,3B_19,"emozione, sentimento ","amore, calore",gioia,"sentimento, amore, calore",1270_3B_19,['emozione' 'sentimento ' 'gioia' 'amore' 'calore'],['emozione' 'sentimento ' 'gioia'],['B-' 'B-' 'B-' 'O' 'O'],
2519,5D_9,emozione,,rabbia,,2519_5D_9,['emozione' 'rabbia'],['emozione' 'rabbia'],['B-' 'B-'],
2271,3C_15,"immaginazione, realtà non reale",fantastico,sogno,realtà non reale,2271_3C_15,['immaginazione' 'realtà non reale' 'sogno' 'fantastico'],['immaginazione' 'sogno' 'fantastico'],['B-' 'O' 'B-' 'B-'],
2355,3C_20,"persona, mammifero, essere vivente","di un camion, della spazzatura, della plastica",autista,,2355_3C_20,"['persona' 'mammifero' 'essere vivente' 'autista' 'autista di un camion'
 'autista della spazzatura' 'autista della plastica']","['persona' 'mammifero' 'essere vivente' 'autista' 'autista di un camion'
 'autista della spazzatura' 'autista della plastica']",['B-' 'B-' 'B-' 'B-' 'B-' 'B-' 'B-'],di un camion|||autista di un camion___della spazzatura|||autista della spazzatura___della plastica|||autista della plastica___
2135,1D_12,"sentimento, emozione, incubi","films horror, sangue, serpente",paura,"emozione, incubi, films horror, serpente",2135_1D_12,"['sentimento' 'emozione' 'incubi' 'paura' 'films horror' 'sangue'
 'serpente']",['sentimento' 'paura' 'sangue'],['B-' 'O' 'O' 'B-' 'O' 'B-' 'O'],
876,2E_17,"lavoro, movimentato","taxista, taxista di uber",autista,movimentato,876_2E_17,['lavoro' 'movimentato' 'autista' 'taxista' 'taxista di uber'],['lavoro' 'autista' 'taxista' 'taxista di uber'],['B-' 'O' 'B-' 'B-' 'B-'],
1035,2E_5,"gioco, passatempo",trenino,giocattolo,passatempo,1035_2E_5,['gioco' 'passatempo' 'giocattolo' 'trenino'],['gioco' 'giocattolo' 'trenino'],['B-' 'O' 'B-' 'B-'],
2339,1D_21,"emozione, tristezza",odio,rabbia,"tristezza, odio",2339_1D_21,['emozione' 'tristezza' 'rabbia' 'odio'],['emozione' 'rabbia'],['B-' 'O' 'B-' 'O'],
2160,1G_14,"emozione, sensazione","fantasmi, invisibili",paura,invisibili,2160_1G_14,['emozione' 'sensazione' 'paura' 'fantasmi' 'invisibili'],['emozione' 'sensazione' 'paura' 'fantasmi'],['B-' 'B-' 'B-' 'B-' 'O'],
1729,5D_18,,,libertà,,1729_5D_18,[' libertà'],[' libertà'],['B-'],
1073,3B_16,"utensile, oggetto","peluche, orsetto",giocattolo,utensile,1073_3B_16,['utensile' 'oggetto' 'giocattolo' 'peluche' 'orsetto'],['oggetto' 'giocattolo' 'peluche' 'orsetto'],['O' 'B-' 'B-' 'B-' 'B-'],
281,1G_23,"lavoro, mestiere, attività, passatempo",dentista,medico,"mestiere, passatempo",281_1G_23,['lavoro' 'mestiere' 'attività' 'passatempo' 'medico' 'dentista'],['lavoro' 'attività' 'medico' 'dentista'],['B-' 'O' 'B-' 'O' 'B-' 'B-'],
2060,3B_8,"cervello, organo",subconscio,mente,"cervello, organo",2060_3B_8,['cervello' 'organo' 'mente' 'subconscio'],['mente' 'subconscio'],['O' 'O' 'B-' 'B-'],
766,5D_24,"mestiere, persona, essere umano",,badante,"persona, essere umano",766_5D_24,['mestiere' 'persona' 'essere umano' 'badante'],['mestiere' 'badante'],['B-' 'O' 'O' 'B-'],
2311,3C_17,"emozione, sentimento, emozion",paura per gli esami,paura,"sentimento, emozion, paura per gli esami",2311_3C_17,['emozione' 'sentimento' 'emozion' 'paura' 'paura per gli esami'],['emozione' 'paura'],['B-' 'O' 'O' 'B-' 'O'],
1014,3C_1,"equino, quadrupede, animale, essere vivente","cavallo a macchie, ruben",cavallo,,1014_3C_1,"['equino' 'quadrupede' 'animale' 'essere vivente' 'cavallo'
 'cavallo a macchie' 'ruben']","['equino' 'quadrupede' 'animale' 'essere vivente' 'cavallo'
 'cavallo a macchie' 'ruben']",['B-' 'B-' 'B-' 'B-' 'B-' 'B-' 'B-'],
440,5B_10,"emozione, concetto astratto, entità",talassofobia,paura,,440_5B_10,['emozione' 'concetto astratto' 'entità' 'paura' 'talassofobia'],['emozione' 'concetto astratto' 'entità' 'paura' 'talassofobia'],['B-' 'B-' 'B-' 'B-' 'B-'],
878,2E_17,"mezzo di trasporto, entità","lamborghini, lamborghini huracan",automobile,,878_2E_17,"['mezzo di trasporto' 'entità' 'automobile' 'lamborghini'
 'lamborghini huracan']","['mezzo di trasporto' 'entità' 'automobile' 'lamborghini'
 'lamborghini huracan']",['B-' 'B-' 'B-' 'B-' 'B-'],
2640,3B_6,"speranza, futuro",paurosi,sogno,"speranza, futuro",2640_3B_6,['speranza' 'futuro' 'sogno' 'paurosi'],['sogno' 'paurosi'],['O' 'O' 'B-' 'B-'],
30,1G_16,sentimento,amore,affetto,,30_1G_16,['sentimento' 'affetto' 'amore'],['sentimento' 'affetto' 'amore'],['B-' 'B-' 'B-'],
88,2F_24,sentimento,"baci, fidanzati, abbracci",affetto,"baci, fidanzati, abbracci",88_2F_24,['sentimento' 'affetto' 'baci' 'fidanzati' 'abbracci'],['sentimento' 'affetto'],['B-' 'B-' 'O' 'O' 'O'],
908,3C_19,"mammifero, animale, essere vivente",unicorno,cavallo,unicorno,908_3C_19,['mammifero' 'animale' 'essere vivente' 'cavallo' 'unicorno'],['mammifero' 'animale' 'essere vivente' 'cavallo'],['B-' 'B-' 'B-' 'B-' 'O'],
1554,1D_22,"persona, bipede, onnivoro, animale, essere vivente, entità",,badante,onnivoro,1554_1D_22,"['persona' 'bipede' 'onnivoro' 'animale' 'essere vivente' 'entità'
 'badante']",['persona' 'bipede' 'animale' 'essere vivente' 'entità' 'badante'],['B-' 'B-' 'O' 'B-' 'B-' 'B-' 'B-'],
411,1G_10,"veicolo, mezzo di trasporto, oggetto","auto da corsa, lamborghini, auto nera",automobile,auto nera,411_1G_10,"['veicolo' 'mezzo di trasporto' 'oggetto' 'automobile' 'auto da corsa'
 'lamborghini' 'auto nera']","['veicolo' 'mezzo di trasporto' 'oggetto' 'automobile' 'auto da corsa'
 'lamborghini']",['B-' 'B-' 'B-' 'B-' 'B-' 'B-' 'O'],
2426,3B_11,"emozione, sentimento",,rabbia,sentimento,2426_3B_11,['emozione' 'sentimento' 'rabbia'],['emozione' 'rabbia'],['B-' 'O' 'B-'],
1595,5D_2,entità,libertà eterna,libertà,,1595_5D_2,['entità' 'libertà' 'libertà eterna'],['entità' 'libertà' 'libertà eterna'],['B-' 'B-' 'B-'],
775,1D_10,"equino, mammifero, animale, essere vivente",purosangue,cavallo,,775_1D_10,['equino' 'mammifero' 'animale' 'essere vivente' 'cavallo' 'purosangue'],['equino' 'mammifero' 'animale' 'essere vivente' 'cavallo' 'purosangue'],['B-' 'B-' 'B-' 'B-' 'B-' 'B-'],
2973,2E_4,"dolce, ingredienti, cibo","buona, al cioccolato",torta,"ingredienti, buona",2973_2E_4,['dolce' 'ingredienti' 'cibo' 'torta' 'buona' 'al cioccolato'],['dolce' 'cibo' 'torta' 'al cioccolato'],['B-' 'O' 'B-' 'B-' 'O' 'B-'],
1771,1G_13,persona,lavoro,medico,lavoro,1771_1G_13,['persona' 'medico' 'lavoro'],['persona' 'medico'],['B-' 'B-' 'O'],
81,1G_7,"persona, essere umano ",babysitter ,badante,babysitter,81_1G_7,['persona' 'essere umano ' 'badante' 'babysitter'],['persona' 'essere umano ' 'badante'],['B-' 'B-' 'B-' 'O'],
3033,3C_11,"dolce, cibo",tenerina,torta,,3033_3C_11,['dolce' 'cibo' 'torta' 'tenerina'],['dolce' 'cibo' 'torta' 'tenerina'],['B-' 'B-' 'B-' 'B-'],
1186,1G_10,"felicità, emozione, stato d'animo","vittoria, nome, giovanni",gioia,"felicità, stato d'animo, vittoria, nome, giovanni",1186_1G_10,"['felicità' 'emozione' ""stato d'animo"" 'gioia' 'vittoria' 'nome'
 'giovanni']",['emozione' 'gioia'],['O' 'B-' 'O' 'B-' 'O' 'O' 'O'],
2272,3C_15,"professione, occupazione, mestiere",taxista,autista,mestiere,2272_3C_15,['professione' 'occupazione' 'mestiere' 'autista' 'taxista'],['professione' 'occupazione' 'autista' 'taxista'],['B-' 'B-' 'O' 'B-' 'B-'],
2141,2F_20,emozione,giocare,libertà,"emozione, giocare",2141_2F_20,['emozione' 'libertà' 'giocare'],['libertà'],['O' 'B-' 'O'],
1045,2F_14,"passatempo, oggetto","bambola, barbie",giocattolo,passatempo,1045_2F_14,['passatempo' 'oggetto' 'giocattolo' 'bambola' 'barbie'],['oggetto' 'giocattolo' 'bambola' 'barbie'],['O' 'B-' 'B-' 'B-' 'B-'],
748,2E_9,"cosa astratta, entità",di parola,libertà,,748_2E_9,['cosa astratta' 'entità' 'libertà' 'libertà di parola'],['cosa astratta' 'entità' 'libertà' 'libertà di parola'],['B-' 'B-' 'B-' 'B-'],di parola|||libertà di parola___
2964,2E_2,"zucchero a velo, lievito, forno, dolce, cibo",cioccolato,torta,"zucchero a velo, lievito, forno",2964_2E_2,['zucchero a velo' 'lievito' 'forno' 'dolce' 'cibo' 'torta' 'cioccolato'],['dolce' 'cibo' 'torta' 'cioccolato'],['O' 'O' 'O' 'B-' 'B-' 'B-' 'B-'],
681,3B_12,anziani,babysitter,badante,"anziani, babysitter",681_3B_12,['anziani' 'badante' 'babysitter'],['badante'],['O' 'B-' 'O'],
1533,1D_20,"persona che insegna, essere umano",gardenghi,insegnante,persona che insegna,1533_1D_20,['persona che insegna' 'essere umano' 'insegnante' 'gardenghi'],['essere umano' 'insegnante' 'gardenghi'],['O' 'B-' 'B-' 'B-'],
2119,5D_2,"testa, cervello",pensiero,mente,"testa, cervello, pensiero",2119_5D_2,['testa' 'cervello' 'mente' 'pensiero'],['mente'],['O' 'O' 'B-' 'O'],
2223,2F_3,"ansia, pensiero, emozione","horror, online, multyplayer",paura,"ansia, pensiero, horror, online, multyplayer",2223_2F_3,['ansia' 'pensiero' 'emozione' 'paura' 'horror' 'online' 'multyplayer'],['emozione' 'paura'],['O' 'O' 'B-' 'B-' 'O' 'O' 'O'],
1889,3C_6,"lavoro, mestiere","chirurgo, psicologo, dottore",medico,"mestiere, psicologo, dottore",1889_3C_6,['lavoro' 'mestiere' 'medico' 'chirurgo' 'psicologo' 'dottore'],['lavoro' 'medico' 'chirurgo'],['B-' 'O' 'B-' 'B-' 'O' 'O'],
723,2E_8,cervello,pensare,mente,"cervello, pensare",723_2E_8,['cervello' 'mente' 'pensare'],['mente'],['O' 'B-' 'O'],
1149,5D_2,"legno, plastica","cicciobello, barbie",giocattolo,"legno, plastica, barbie",1149_5D_2,['legno' 'plastica' 'giocattolo' 'cicciobello' 'barbie'],['giocattolo' 'cicciobello'],['O' 'O' 'B-' 'B-' 'O'],
2247,3B_25,"sentimento, emozione ",terrore,paura,emozione,2247_3B_25,['sentimento' 'emozione ' 'paura' 'terrore'],['sentimento' 'emozione ' 'paura' 'terrore'],['B-' 'B-' 'B-' 'B-'],
338,5B_4,"emozione, pensiero, cosa, entità",sogno che forse si avvererà,libertà,"emozione, pensiero, cosa, sogno che forse si avvererà",338_5B_4,"['emozione' 'pensiero' 'cosa' 'entità' 'libertà'
 'sogno che forse si avvererà']",['entità' 'libertà'],['O' 'O' 'O' 'B-' 'B-' 'O'],
1513,5B_17,lavoro,"silvia, margherita, oriana",insegnante,"margherita, oriana",1513_5B_17,['lavoro' 'insegnante' 'silvia' 'margherita' 'oriana'],['lavoro' 'insegnante' 'silvia'],['B-' 'B-' 'B-' 'O' 'O'],
636,2E_2,"attività, lavoro, persona, essere vivente, entità",degli anziani,badante,"lavoro, persona, essere vivente",636_2E_2,"['attività' 'lavoro' 'persona' 'essere vivente' 'entità' 'badante'
 'badante degli anziani']",['attività' 'entità' 'badante' 'badante degli anziani'],['B-' 'O' 'O' 'O' 'B-' 'B-' 'B-'],degli anziani|||badante degli anziani___
237,1G_8,"lavoro, professione",di taxi,autista,professione,237_1G_8,['lavoro' 'professione' 'autista' 'autista di taxi'],['lavoro' 'autista' 'autista di taxi'],['B-' 'O' 'B-' 'B-'],di taxi|||autista di taxi___
1761,1D_4,persona,"vivente, umano, aiuta",medico,"vivente, umano, aiuta",1761_1D_4,['persona' 'medico' 'vivente' 'umano' 'aiuta'],['persona' 'medico'],['B-' 'B-' 'O' 'O' 'O'],
981,2E_24,emozione,"verso qualcuno, verso un nemico",rabbia,,981_2E_24,['emozione' 'rabbia' 'verso qualcuno' 'verso un nemico'],['emozione' 'rabbia' 'verso qualcuno' 'verso un nemico'],['B-' 'B-' 'B-' 'B-'],
2099,5B_20,"organo, insieme di tessuti",cervelletto,mente,"organo, insieme di tessuti, cervelletto",2099_5B_20,['organo' 'insieme di tessuti' 'mente' 'cervelletto'],['mente'],['O' 'O' 'B-' 'O'],
682,3B_13,anziano,babysitter,badante,"anziano, babysitter",682_3B_13,['anziano' 'badante' 'babysitter'],['badante'],['O' 'B-' 'O'],
1703,5B_13,,"giocare, indovinachi, personaggi",libertà,"giocare, indovinachi, personaggi",1703_5B_13,[' libertà' 'giocare' 'indovinachi' 'personaggi'],[' libertà'],['B-' 'O' 'O' 'O'],
2286,3C_16,"animale, essere vivente",pony,cavallo,,2286_3C_16,['animale' 'essere vivente' 'cavallo' 'pony'],['animale' 'essere vivente' 'cavallo' 'pony'],['B-' 'B-' 'B-' 'B-'],
2621,3B_12,immaginazione,,sogno,,2621_3B_12,['immaginazione' 'sogno'],['immaginazione' 'sogno'],['B-' 'B-'],
872,2E_17,immaginazione astratta,"di un supereroe, di superman",sogno,,872_2E_17,"['immaginazione astratta' 'sogno' 'sogno di un supereroe'
 'sogno di superman']","['immaginazione astratta' 'sogno' 'sogno di un supereroe'
 'sogno di superman']",['B-' 'B-' 'B-' 'B-'],di un supereroe|||sogno di un supereroe___di superman|||sogno di superman___
287,1G_23,"lavoro, mestiere",,badante,mestiere ,287_1G_23,['lavoro' 'mestiere' 'badante'],['lavoro' 'mestiere' 'badante'],['B-' 'B-' 'B-'],
655,2F_12,"signora, donna, umana, mammifero",,badante,mammifero,655_2F_12,['signora' 'donna' 'umana' 'mammifero' 'badante'],['signora' 'donna' 'umana' 'badante'],['B-' 'B-' 'B-' 'O' 'B-'],
1733,5D_14,cosa astratta,,libertà,,1733_5D_14,['cosa astratta' 'libertà'],['cosa astratta' 'libertà'],['B-' 'B-'],
765,2E_10,"cronometro, timer","ore, giorni, mesi",tempo,"cronometro, timer, giorni, mesi",765_2E_10,['cronometro' 'timer' 'tempo' 'ore' 'giorni' 'mesi'],['tempo' 'ore'],['O' 'O' 'B-' 'B-' 'O' 'O'],
934,5B_2,,,cavallo,,934_5B_2,[' cavallo'],[' cavallo'],['B-'],
1890,3C_7,"mestiere, cura, ospedale",chirurgo,medico,"cura, ospedale",1890_3C_7,['mestiere' 'cura' 'ospedale' 'medico' 'chirurgo'],['mestiere' 'medico' 'chirurgo'],['B-' 'O' 'O' 'B-' 'B-'],
2579,2E_21,"non reale, strano, notte, mente, sentimento","desiderio, fantasia",sogno,"non reale, strano, notte, sentimento, desiderio, fantasia",2579_2E_21,"['non reale' 'strano' 'notte' 'mente' 'sentimento' 'sogno' 'desiderio'
 'fantasia']",['mente' 'sogno'],['O' 'O' 'O' 'B-' 'O' 'B-' 'O' 'O'],
816,2E_14,"sentimento, stato d'animo, reazione","fobia, talassofobia",paura,"stato d'animo, reazione",816_2E_14,"['sentimento' ""stato d'animo"" 'reazione' 'paura' 'fobia' 'talassofobia']",['sentimento' 'paura' 'fobia' 'talassofobia'],['B-' 'O' 'O' 'B-' 'B-' 'B-'],
2229,2F_9,pensiero,buio,paura,pensiero,2229_2F_9,['pensiero' 'paura' 'buio'],['paura' 'buio'],['O' 'B-' 'B-'],
500,3B_23,moto,,automobile,moto,500_3B_23,['moto' 'automobile'],['automobile'],['O' 'B-'],
2138,2F_20,emozione,felice,gioia,felice,2138_2F_20,['emozione' 'gioia' 'felice'],['emozione' 'gioia'],['B-' 'B-' 'O'],
1983,1G_9,,cervello,mente,cervello,1983_1G_9,[' mente' 'cervello'],[' mente'],['B-' 'O'],
13,1D_21,"emozione, sentimento",amore,affetto,sentimento,13_1D_21,['emozione' 'sentimento' 'affetto' 'amore'],['emozione' 'affetto' 'amore'],['B-' 'O' 'B-' 'B-'],
2684,5B_4,,incubo,sogno,,2684_5B_4,[' sogno' 'incubo'],[' sogno' 'incubo'],['B-' 'B-'],
337,3C_5,"lavoro, guadagno",mezzi di trasporto,autista,"guadagno, mezzi di trasporto",337_3C_5,['lavoro' 'guadagno' 'autista' 'mezzi di trasporto'],['lavoro' 'autista'],['B-' 'O' 'B-' 'O'],
202,1G_18,"mestiere, lavoro, pratica, entità","taxista, dell'uber",autista,,202_1G_18,"['mestiere' 'lavoro' 'pratica' 'entità' 'autista' 'taxista' ""dell'uber""]","['mestiere' 'lavoro' 'pratica' 'entità' 'autista' 'taxista' ""dell'uber""]",['B-' 'B-' 'B-' 'B-' 'B-' 'B-' 'B-'],
2742,1G_14,unità di misura,,tempo,,2742_1G_14,['unità di misura' 'tempo'],['unità di misura' 'tempo'],['B-' 'B-'],
232,1G_20,"lavoro, schiavismo pagato, azione che ti obbligano a fare sotto la tua volontà, entità","badante antipatica di mia nonna, carmen",badante,"schiavismo pagato, azione che ti obbligano a fare sotto la tua volontà",232_1G_20,"['lavoro' 'schiavismo pagato'
 'azione che ti obbligano a fare sotto la tua volontà' 'entità' 'badante'
 'badante antipatica di mia nonna' 'carmen']",['lavoro' 'entità' 'badante' 'badante antipatica di mia nonna' 'carmen'],['B-' 'O' 'O' 'B-' 'B-' 'B-' 'B-'],
101,1G_8,"lavoro sanitario, lavoro, mestiere, entità",medico di base,medico,mestiere,101_1G_8,['lavoro sanitario' 'lavoro' 'mestiere' 'entità' 'medico' 'medico di base'],['lavoro sanitario' 'lavoro' 'entità' 'medico' 'medico di base'],['B-' 'B-' 'O' 'B-' 'B-' 'B-'],
865,2E_17,"emozione, maligna, sentimento",,rabbia,"maligna, sentimento",865_2E_17,['emozione' 'maligna' 'sentimento' 'rabbia'],['emozione' 'rabbia'],['B-' 'O' 'O' 'B-'],
1915,5D_10,"persona, essere vivente","chirurgo, farmacista",medico,farmacista,1915_5D_10,['persona' 'essere vivente' 'medico' 'chirurgo' 'farmacista'],['persona' 'essere vivente' 'medico' 'chirurgo'],['B-' 'B-' 'B-' 'B-' 'O'],
860,2E_16,"testa, cranio, entità","cervello, neuroni",mente,"testa, cranio, cervello, neuroni",860_2E_16,['testa' 'cranio' 'entità' 'mente' 'cervello' 'neuroni'],['entità' 'mente'],['O' 'O' 'B-' 'B-' 'O' 'O'],
1136,5B_8,"oggetto, cosa costruita dall'uomo",bambola,giocattolo,,1136_5B_8,"['oggetto' ""cosa costruita dall'uomo"" 'giocattolo' 'bambola']","['oggetto' ""cosa costruita dall'uomo"" 'giocattolo' 'bambola']",['B-' 'B-' 'B-' 'B-'],
2361,3C_20,"persona, mammifero, essere vivente",di base,medico,,2361_3C_20,['persona' 'mammifero' 'essere vivente' 'medico' 'medico di base'],['persona' 'mammifero' 'essere vivente' 'medico' 'medico di base'],['B-' 'B-' 'B-' 'B-' 'B-'],di base|||medico di base___
1058,3C_4,"condizione politica mentale e fisica, condizione, scelta, decisione, volontà applicata, volontà",,libertà,"scelta, decisione, volontà applicata, volontà",1058_3C_4,"['condizione politica mentale e fisica' 'condizione' 'scelta' 'decisione'
 'volontà applicata' 'volontà' 'libertà']",['condizione politica mentale e fisica' 'condizione' 'libertà'],['B-' 'B-' 'O' 'O' 'O' 'O' 'B-'],
941,2E_21,"lavoratore, persona, entità","dottore, psichiatrico",medico,dottore,941_2E_21,['lavoratore' 'persona' 'entità' 'medico' 'dottore' 'psichiatrico'],['lavoratore' 'persona' 'entità' 'medico' 'psichiatrico'],['B-' 'B-' 'B-' 'B-' 'O' 'B-'],
3060,5B_13,"cibo, sostanza nutritiva","ingredienti, latte",torta,"ingredienti, latte",3060_5B_13,['cibo' 'sostanza nutritiva' 'torta' 'ingredienti' 'latte'],['cibo' 'sostanza nutritiva' 'torta'],['B-' 'B-' 'B-' 'O' 'O'],
2706,5D_24,sentimento,,sogno,sentimento,2706_5D_24,['sentimento' 'sogno'],['sogno'],['O' 'B-'],
2342,1D_3,"emozione, stato d'animo",,rabbia,stato d'animo,2342_1D_3,"['emozione' ""stato d'animo"" 'rabbia']",['emozione' 'rabbia'],['B-' 'O' 'B-'],
763,5D_21,"persona, essere vivente",,badante,,763_5D_21,['persona' 'essere vivente' 'badante'],['persona' 'essere vivente' 'badante'],['B-' 'B-' 'B-'],
131,3C_16,,"mordere, sbraitare, amici",affetto,"mordere, sbraitare, amici",131_3C_16,[' affetto' 'mordere' 'sbraitare' 'amici'],[' affetto'],['B-' 'O' 'O' 'O'],
1248,1D_3,"alimento, nutrimento, entità",tenerina,torta,,1248_1D_3,['alimento' 'nutrimento' 'entità' 'torta' 'tenerina'],['alimento' 'nutrimento' 'entità' 'torta' 'tenerina'],['B-' 'B-' 'B-' 'B-' 'B-'],
36,1G_4,"autovettura, mezzo di trasporto, oggetto per mettere a punto lo scioglimento dei ghiacciai",suzuki,automobile,"autovettura, oggetto per mettere a punto lo scioglimento dei ghiacciai",36_1G_4,"['autovettura' 'mezzo di trasporto'
 'oggetto per mettere a punto lo scioglimento dei ghiacciai' 'automobile'
 'suzuki']",['mezzo di trasporto' 'automobile' 'suzuki'],['O' 'B-' 'O' 'B-' 'B-'],
2912,1D_14,tipo di dolce,"pasticciere, pane, dolce",torta,"pasticciere, pane, dolce",2912_1D_14,['tipo di dolce' 'torta' 'pasticciere' 'pane' 'dolce'],['tipo di dolce' 'torta'],['B-' 'B-' 'O' 'O' 'O'],
817,2E_14,"oggetto, materiale inorganico, entità","videogame, videogame horror, last of us",giocattolo,,817_2E_14,"['oggetto' 'materiale inorganico' 'entità' 'giocattolo' 'videogame'
 'videogame horror' 'last of us']","['oggetto' 'materiale inorganico' 'entità' 'giocattolo' 'videogame'
 'videogame horror' 'last of us']",['B-' 'B-' 'B-' 'B-' 'B-' 'B-' 'B-'],
2144,1D_20,"sentimento, modo di essere, pauroso",,paura,"modo di essere, pauroso",2144_1D_20,['sentimento' 'modo di essere' 'pauroso' 'paura'],['sentimento' 'paura'],['B-' 'O' 'O' 'B-'],
645,2E_3,"lavoro, occupazione","la badante della nonna di edo, carmela",badante,,645_2E_3,"['lavoro' 'occupazione' 'badante' 'la badante della nonna di edo'
 'carmela']","['lavoro' 'occupazione' 'badante' 'la badante della nonna di edo'
 'carmela']",['B-' 'B-' 'B-' 'B-' 'B-'],
1885,3C_25,"dottore, lavoro",oculista,medico,dottore,1885_3C_25,['dottore' 'lavoro' 'medico' 'oculista'],['lavoro' 'medico' 'oculista'],['O' 'B-' 'B-' 'B-'],
805,2E_13,"lavoro, essere umano, mammifero, essere vivente",matematica,insegnante,"essere umano, mammifero, essere vivente",805_2E_13,"['lavoro' 'essere umano' 'mammifero' 'essere vivente' 'insegnante'
 'matematica']",['lavoro' 'insegnante' 'matematica'],['B-' 'O' 'O' 'O' 'B-' 'B-'],
1910,2F_4,"emozione, cosa che si prova dentro, cosa astratta","gioia per qualcuno, gioia per il tuo amico, gioia per il tuo amico sposato",gioia,cosa che si prova dentro,1910_2F_4,"['emozione' 'cosa che si prova dentro' 'cosa astratta' 'gioia'
 'gioia per qualcuno' 'gioia per il tuo amico'
 'gioia per il tuo amico sposato']","['emozione' 'cosa astratta' 'gioia' 'gioia per qualcuno'
 'gioia per il tuo amico' 'gioia per il tuo amico sposato']",['B-' 'O' 'B-' 'B-' 'B-' 'B-' 'B-'],
1353,5D_7,"sentimento, nome",,gioia,nome,1353_5D_7,['sentimento' 'nome' 'gioia'],['sentimento' 'gioia'],['B-' 'O' 'B-'],
2250,2F_27,"emozione, sentimento",,gioia,sentimento,2250_2F_27,['emozione' 'sentimento' 'gioia'],['emozione' 'gioia'],['B-' 'O' 'B-'],
1452,2F_8,persona,"storia, matematica, italiano",insegnante,"matematica, italiano",1452_2F_8,['persona' 'insegnante' 'storia' 'matematica' 'italiano'],['persona' 'insegnante' 'storia'],['B-' 'B-' 'B-' 'O' 'O'],
2503,5D_16,"emozione, sentimento",furia,rabbia,sentimento,2503_5D_16,['emozione' 'sentimento' 'rabbia' 'furia'],['emozione' 'rabbia' 'furia'],['B-' 'O' 'B-' 'B-'],
1898,2F_3,"pensiero notturno, pensiero",incubo,sogno,pensiero notturno,1898_2F_3,['pensiero notturno' 'pensiero' 'sogno' 'incubo'],['pensiero' 'sogno' 'incubo'],['O' 'B-' 'B-' 'B-'],
2834,3B_6,momento,,tempo,momento,2834_3B_6,['momento' 'tempo'],['tempo'],['O' 'B-'],
2150,1D_5,emozione,sensazione,paura,sensazione,2150_1D_5,['emozione' 'paura' 'sensazione'],['emozione' 'paura'],['B-' 'B-' 'O'],
2378,3C_21,"sentimento positivo, sentimento, cosa",gioia di vivere,gioia,cosa,2378_3C_21,['sentimento positivo' 'sentimento' 'cosa' 'gioia' 'gioia di vivere'],['sentimento positivo' 'sentimento' 'gioia' 'gioia di vivere'],['B-' 'B-' 'O' 'B-' 'B-'],
1419,2E_25,"persona, essere vivente","di matematica, uomo",insegnante,uomo,1419_2E_25,['persona' 'essere vivente' 'insegnante' 'insegnante di matematica' 'uomo'],['persona' 'essere vivente' 'insegnante' 'insegnante di matematica'],['B-' 'B-' 'B-' 'B-' 'O'],di matematica|||insegnante di matematica___
1767,5D_16,entità,"ore, minuti, secondi, millisecondi",tempo,"minuti, secondi, millisecondi",1767_5D_16,['entità' 'tempo' 'ore' 'minuti' 'secondi' 'millisecondi'],['entità' 'tempo' 'ore'],['B-' 'B-' 'B-' 'O' 'O' 'O'],
366,5D_12,"persona, lavoro, mestiere","taxista, camionista",autista,"lavoro, mestiere, camionista",366_5D_12,['persona' 'lavoro' 'mestiere' 'autista' 'taxista' 'camionista'],['persona' 'autista' 'taxista'],['B-' 'O' 'O' 'B-' 'B-' 'O'],
997,2E_25,"persona, mammifero, essere vivente, entità","di taxi, marco",autista,,997_2E_25,"['persona' 'mammifero' 'essere vivente' 'entità' 'autista'
 'autista di taxi' 'marco']","['persona' 'mammifero' 'essere vivente' 'entità' 'autista'
 'autista di taxi' 'marco']",['B-' 'B-' 'B-' 'B-' 'B-' 'B-' 'B-'],di taxi|||autista di taxi___
2001,2E_25,"organo, parte del corpo",corughe,mente,"organo, parte del corpo, corughe",2001_2E_25,['organo' 'parte del corpo' 'mente' 'corughe'],['mente'],['O' 'O' 'B-' 'O'],
1905,2F_4,"misura, cosa astratta",tempo infinito,tempo,,1905_2F_4,['misura' 'cosa astratta' 'tempo' 'tempo infinito'],['misura' 'cosa astratta' 'tempo' 'tempo infinito'],['B-' 'B-' 'B-' 'B-'],
1414,1D_13,mezzo di trasporto,"ferrari, tesla, lamborghini",automobile,"tesla, lamborghini",1414_1D_13,['mezzo di trasporto' 'automobile' 'ferrari' 'tesla' 'lamborghini'],['mezzo di trasporto' 'automobile' 'ferrari'],['B-' 'B-' 'B-' 'O' 'O'],
3036,3C_14,"dolce, cibo","tenerina, cheesecake frutti di bosco",torta,cheesecake frutti di bosco,3036_3C_14,['dolce' 'cibo' 'torta' 'tenerina' 'cheesecake frutti di bosco'],['dolce' 'cibo' 'torta' 'tenerina'],['B-' 'B-' 'B-' 'B-' 'O'],
1034,2E_4,"divertente, buffo, misterioso, pauroso","gioco, plastica",giocattolo,"divertente, buffo, misterioso, pauroso, gioco, plastica",1034_2E_4,"['divertente' 'buffo' 'misterioso' 'pauroso' 'giocattolo' 'gioco'
 'plastica']",['giocattolo'],['O' 'O' 'O' 'O' 'B-' 'O' 'O'],
1272,1D_4,"emozione, sentimento, felicità",persona felice,gioia,"sentimento, felicità, persona felice",1272_1D_4,['emozione' 'sentimento' 'felicità' 'gioia' 'persona felice'],['emozione' 'gioia'],['B-' 'O' 'O' 'B-' 'O'],
769,5D_5,"mestiere, persona",,badante,persona,769_5D_5,['mestiere' 'persona' 'badante'],['mestiere' 'badante'],['B-' 'O' 'B-'],
176,5D_15,"amore, bene","mamma, papà, nonno, nonna",affetto,"amore, bene, papà, nonno, nonna",176_5D_15,['amore' 'bene' 'affetto' 'mamma' 'papà' 'nonno' 'nonna'],['affetto' 'mamma'],['O' 'O' 'B-' 'B-' 'O' 'O' 'O'],
1165,3C_10,emozione,,rabbia,,1165_3C_10,['emozione' 'rabbia'],['emozione' 'rabbia'],['B-' 'B-'],
9,1D_18,,"felicità, amore",affetto,felicità,9_1D_18,[' affetto' 'felicità' 'amore'],[' affetto' 'amore'],['B-' 'O' 'B-'],
1122,5B_14,"oggetto, cosa","macchinina, telecomandata, telecomando",giocattolo,telecomando,1122_5B_14,['oggetto' 'cosa' 'giocattolo' 'macchinina' 'telecomandata' 'telecomando'],['oggetto' 'cosa' 'giocattolo' 'macchinina' 'telecomandata'],['B-' 'B-' 'B-' 'B-' 'B-' 'O'],
2002,2E_26,,,mente,,2002_2E_26,[' mente'],[' mente'],['B-'],
2016,2F_15,"organo, corpo",cervello,mente,"organo, corpo, cervello",2016_2F_15,['organo' 'corpo' 'mente' 'cervello'],['mente'],['O' 'O' 'B-' 'O'],
1158,5D_6,oggetto,macchinina,giocattolo,,1158_5D_6,['oggetto' 'giocattolo' 'macchinina'],['oggetto' 'giocattolo' 'macchinina'],['B-' 'B-' 'B-'],
1581,1G_17,"felicità, emozione, sentimento, stato d'animo","volare, piccione, piccione blu",libertà,"felicità, emozione, sentimento, volare, piccione, piccione blu",1581_1G_17,"['felicità' 'emozione' 'sentimento' ""stato d'animo"" 'libertà' 'volare'
 'piccione' 'piccione blu']","[""stato d'animo"" 'libertà']",['O' 'O' 'O' 'B-' 'B-' 'O' 'O' 'O'],
348,5B_15,"persona, essere umano, essere terrestre, organismo, essere vivente",signore,autista,,348_5B_15,"['persona' 'essere umano' 'essere terrestre' 'organismo' 'essere vivente'
 'autista' 'signore']","['persona' 'essere umano' 'essere terrestre' 'organismo' 'essere vivente'
 'autista' 'signore']",['B-' 'B-' 'B-' 'B-' 'B-' 'B-' 'B-'],
2606,2F_22,"immaginazione, fantasia",cavalcare un drago,sogno,fantasia,2606_2F_22,['immaginazione' 'fantasia' 'sogno' 'cavalcare un drago'],['immaginazione' 'sogno' 'cavalcare un drago'],['B-' 'O' 'B-' 'B-'],
450,5B_11,"emozione, sentimento, modo di essere, entità",,rabbia,"sentimento, modo di essere",450_5B_11,['emozione' 'sentimento' 'modo di essere' 'entità' 'rabbia'],['emozione' 'entità' 'rabbia'],['B-' 'O' 'O' 'B-' 'B-'],
1574,1D_23,"lavoro, guadagno",di macchine,autista,guadagno,1574_1D_23,['lavoro' 'guadagno' 'autista' 'autista di macchine'],['lavoro' 'autista' 'autista di macchine'],['B-' 'O' 'B-' 'B-'],di macchine|||autista di macchine___
1086,3B_4,oggetto,,giocattolo,,1086_3B_4,['oggetto' 'giocattolo'],['oggetto' 'giocattolo'],['B-' 'B-'],
17,1G_3,"animale, organismo, essere vivente","da cavalcare, da galleggiare",cavallo,da galleggiare,17_1G_3,"['animale' 'organismo' 'essere vivente' 'cavallo' 'cavallo da cavalcare'
 'cavallo da galleggiare']",['animale' 'organismo' 'essere vivente' 'cavallo' 'cavallo da cavalcare'],['B-' 'B-' 'B-' 'B-' 'B-' 'O'],da cavalcare|||cavallo da cavalcare___da galleggiare|||cavallo da galleggiare___
215,1G_19,"servizio, privilegio","dell'ospedale, alla noci",medico,"privilegio, alla noci",215_1G_19,"['servizio' 'privilegio' 'medico' ""dell'ospedale""
 ""dell'ospedale alla noci""]","['servizio' 'medico' ""dell'ospedale""]",['B-' 'O' 'B-' 'B-' 'O'],alla noci|||dell'ospedale alla noci___
1002,1G_2,"gioco, oggetto",lego,giocattolo,,1002_1G_2,['gioco' 'oggetto' 'giocattolo' 'lego'],['gioco' 'oggetto' 'giocattolo' 'lego'],['B-' 'B-' 'B-' 'B-'],
2252,3B_6,"spavento, emozione, sentimento",,paura,"spavento, sentimento",2252_3B_6,['spavento' 'emozione' 'sentimento' 'paura'],['emozione' 'paura'],['O' 'B-' 'O' 'B-'],
2363,1G_22,"sentimento, emozione ",,rabbia,emozione,2363_1G_22,['sentimento' 'emozione ' 'rabbia'],['sentimento' 'emozione ' 'rabbia'],['B-' 'B-' 'B-'],
2169,2F_22,"dolce, cibo, nutriente",torta alle fragole,torta,,2169_2F_22,['dolce' 'cibo' 'nutriente' 'torta' 'torta alle fragole'],['dolce' 'cibo' 'nutriente' 'torta' 'torta alle fragole'],['B-' 'B-' 'B-' 'B-' 'B-'],
1146,5D_17,"oggetto, essere non vivente","macchinina, teddy bear",giocattolo,teddy bear,1146_5D_17,['oggetto' 'essere non vivente' 'giocattolo' 'macchinina' 'teddy bear'],['oggetto' 'essere non vivente' 'giocattolo' 'macchinina'],['B-' 'B-' 'B-' 'B-' 'O'],
2469,3C_4,"ira, sentimento, emozione","parolacce, bestemmioni, suoni",rabbia,"ira, emozione, parolacce, bestemmioni, suoni",2469_3C_4,['ira' 'sentimento' 'emozione' 'rabbia' 'parolacce' 'bestemmioni' 'suoni'],['sentimento' 'rabbia'],['O' 'B-' 'O' 'B-' 'O' 'O' 'O'],
1509,1D_19,"lavoro, guadagno",di autobus,autista,guadagno,1509_1D_19,['lavoro' 'guadagno' 'autista' 'autista di autobus'],['lavoro' 'autista' 'autista di autobus'],['B-' 'O' 'B-' 'B-'],di autobus|||autista di autobus___
2112,2F_19,intrattenimento,trenino,giocattolo,intrattenimento,2112_2F_19,['intrattenimento' 'giocattolo' 'trenino'],['giocattolo' 'trenino'],['O' 'B-' 'B-'],
508,5B_14,lavoro,"tecnologico, pino",insegnante,,508_5B_14,['lavoro' 'insegnante' 'tecnologico' 'pino'],['lavoro' 'insegnante' 'tecnologico' 'pino'],['B-' 'B-' 'B-' 'B-'],
385,5D_8,"persona, mammifero, essere vivente","autista di formula uno, autista di pulman, autista del camion",autista,"autista di pulman, autista del camion",385_5D_8,"['persona' 'mammifero' 'essere vivente' 'autista' 'autista di formula uno'
 'autista di pulman' 'autista del camion']",['persona' 'mammifero' 'essere vivente' 'autista' 'autista di formula uno'],['B-' 'B-' 'B-' 'B-' 'B-' 'O' 'O'],
303,3B_20,"mestiere, lavoro",macchina,autista,,303_3B_20,['mestiere' 'lavoro' 'autista' 'macchina'],['mestiere' 'lavoro' 'autista' 'macchina'],['B-' 'B-' 'B-' 'B-'],
1410,2E_17,persona,inglese,insegnante,,1410_2E_17,['persona' 'insegnante' 'inglese'],['persona' 'insegnante' 'inglese'],['B-' 'B-' 'B-'],
1146,3C_9,"persona, essere umano, essere vivente",insegnante di spagnolo,insegnante,,1146_3C_9,"['persona' 'essere umano' 'essere vivente' 'insegnante'
 'insegnante di spagnolo']","['persona' 'essere umano' 'essere vivente' 'insegnante'
 'insegnante di spagnolo']",['B-' 'B-' 'B-' 'B-' 'B-'],
1153,5D_23,cosa,"lego, macchinine",giocattolo,macchinine,1153_5D_23,['cosa' 'giocattolo' 'lego' 'macchinine'],['cosa' 'giocattolo' 'lego'],['B-' 'B-' 'B-' 'O'],
862,2E_16,"emozione, stato d'animo",dei ragni,paura,stato d'animo,862_2E_16,"['emozione' ""stato d'animo"" 'paura' 'dei ragni']",['emozione' 'paura' 'dei ragni'],['B-' 'O' 'B-' 'B-'],
2432,3B_17,"pazzia, sensazione",,rabbia,pazzia,2432_3B_17,['pazzia' 'sensazione' 'rabbia'],['sensazione' 'rabbia'],['O' 'B-' 'B-'],
1305,1D_6,"emozione, sentimento, cosa astratta",per un'amica,affetto,sentimento,1305_1D_6,"['emozione' 'sentimento' 'cosa astratta' 'affetto' ""affetto per un'amica""]","['emozione' 'cosa astratta' 'affetto' ""affetto per un'amica""]",['B-' 'O' 'B-' 'B-' 'B-'],per un'amica|||affetto per un'amica___
2518,5D_8,emozione,ingiustizia,rabbia,ingiustizia,2518_5D_8,['emozione' 'rabbia' 'ingiustizia'],['emozione' 'rabbia'],['B-' 'B-' 'O'],
146,3C_7,"emozione, azione, dolcezza","abbraccio, felicità",affetto,"azione, dolcezza, abbraccio, felicità",146_3C_7,['emozione' 'azione' 'dolcezza' 'affetto' 'abbraccio' 'felicità'],['emozione' 'affetto'],['B-' 'O' 'O' 'B-' 'O' 'O'],
1651,3B_12,ulcrero,diritto,libertà,"ulcrero, diritto",1651_3B_12,['ulcrero' 'libertà' 'diritto'],['libertà'],['O' 'B-' 'O'],
2196,2F_24,sensazione,,libertà,,2196_2F_24,['sensazione' 'libertà'],['sensazione' 'libertà'],['B-' 'B-'],
3040,3C_18,"dolce, modo per integrare zucchero, cibo","cheesecake, zucchero",torta,"modo per integrare zucchero, zucchero",3040_3C_18,"['dolce' 'modo per integrare zucchero' 'cibo' 'torta' 'cheesecake'
 'zucchero']",['dolce' 'cibo' 'torta' 'cheesecake'],['B-' 'O' 'B-' 'B-' 'B-' 'O'],
2575,2E_18,"immagine, cervello","azioni, mangiare",sogno,"cervello, azioni, mangiare",2575_2E_18,['immagine' 'cervello' 'sogno' 'azioni' 'mangiare'],['immagine' 'sogno'],['B-' 'O' 'B-' 'O' 'O'],
2013,2F_11,"mestiere, impiego",medico di famiglia,medico,,2013_2F_11,['mestiere' 'impiego' 'medico' 'medico di famiglia'],['mestiere' 'impiego' 'medico' 'medico di famiglia'],['B-' 'B-' 'B-' 'B-'],
2390,2E_26,emozione,,rabbia,,2390_2E_26,['emozione' 'rabbia'],['emozione' 'rabbia'],['B-' 'B-'],
1028,3C_2,"essere umano, mammifero, animale, essere vivente, insieme di organi e tessuti, agglomerato di cellule","insegnante scolastica, insegnante scuola primaria, insegnante della seconda elementare",insegnante,"insieme di organi e tessuti, agglomerato di cellule",1028_3C_2,"['essere umano' 'mammifero' 'animale' 'essere vivente'
 'insieme di organi e tessuti' 'agglomerato di cellule' 'insegnante'
 'insegnante scolastica' 'insegnante scuola primaria'
 'insegnante della seconda elementare']","['essere umano' 'mammifero' 'animale' 'essere vivente' 'insegnante'
 'insegnante scolastica' 'insegnante scuola primaria'
 'insegnante della seconda elementare']",['B-' 'B-' 'B-' 'B-' 'O' 'O' 'B-' 'B-' 'B-' 'B-'],
269,1G_22,"mestiere, lavoro, attività socialmente utile con ricompensa in denaro","supplente, supplente di matematica",insegnante,attività socialmente utile con ricompensa in denaro,269_1G_22,"['mestiere' 'lavoro' 'attività socialmente utile con ricompensa in denaro'
 'insegnante' 'supplente' 'supplente di matematica']",['mestiere' 'lavoro' 'insegnante' 'supplente' 'supplente di matematica'],['B-' 'B-' 'O' 'B-' 'B-' 'B-'],
2015,2F_14,testa,cervello,mente,"testa, cervello",2015_2F_14,['testa' 'mente' 'cervello'],['mente'],['O' 'B-' 'O'],
1401,1D_12,"emozione, mente, parte del cervello, parte del corpo, entità","sorella, camilla",rabbia,"mente, parte del cervello, parte del corpo, sorella, camilla",1401_1D_12,"['emozione' 'mente' 'parte del cervello' 'parte del corpo' 'entità'
 'rabbia' 'sorella' 'camilla']",['emozione' 'entità' 'rabbia'],['B-' 'O' 'O' 'O' 'B-' 'B-' 'O' 'O'],
1779,5D_17,"sentimento, cosa astratta",ragni,paura,,1779_5D_17,['sentimento' 'cosa astratta' 'paura' 'ragni'],['sentimento' 'cosa astratta' 'paura' 'ragni'],['B-' 'B-' 'B-' 'B-'],
911,2E_20,"persona, trasporta ",auto,autista,trasporta,911_2E_20,['persona' 'trasporta ' 'autista' 'auto'],['persona' 'trasporta ' 'autista' 'auto'],['B-' 'B-' 'B-' 'B-'],
2756,1G_6,linee del tempo,"storico, reale",tempo,"linee del tempo, reale",2756_1G_6,['linee del tempo' 'tempo' 'storico' 'reale'],['tempo' 'storico'],['O' 'B-' 'B-' 'O'],
2110,2F_19,"dolce, cibo, nutriente, sostanza",tenerina,torta,sostanza,2110_2F_19,['dolce' 'cibo' 'nutriente' 'sostanza' 'torta' 'tenerina'],['dolce' 'cibo' 'nutriente' 'torta' 'tenerina'],['B-' 'B-' 'B-' 'O' 'B-' 'B-'],
1744,5D_15,,"paradiso, cielo",libertà,"paradiso, cielo",1744_5D_15,[' libertà' 'paradiso' 'cielo'],[' libertà'],['B-' 'O' 'O'],
986,2E_24,emozione,amore,affetto,,986_2E_24,['emozione' 'affetto' 'amore'],['emozione' 'affetto' 'amore'],['B-' 'B-' 'B-'],
102,1G_8,"lavoro, mestiere, entità",autista di porsche,autista,mestiere,102_1G_8,['lavoro' 'mestiere' 'entità' 'autista' 'autista di porsche'],['lavoro' 'entità' 'autista' 'autista di porsche'],['B-' 'O' 'B-' 'B-' 'B-'],
68,1G_6,"persona, essere vivente ","autista del taxi, autista della corriera, autista del bus",autista,"autista della corriera, autista del bus",68_1G_6,"['persona' 'essere vivente ' 'autista' 'autista del taxi'
 'autista della corriera' 'autista del bus']",['persona' 'essere vivente ' 'autista' 'autista del taxi'],['B-' 'B-' 'B-' 'B-' 'O' 'O'],
579,5D_9,,"bmw, tesla, zafira",automobile,"tesla, zafira",579_5D_9,[' automobile' 'bmw' 'tesla' 'zafira'],[' automobile' 'bmw'],['B-' 'B-' 'O' 'O'],
659,2E_4,"emozione, cosa, cosa astratta, entità","benevolenza, di amore",affetto,"cosa, benevolenza",659_2E_4,"['emozione' 'cosa' 'cosa astratta' 'entità' 'affetto' 'benevolenza'
 'benevolenza di amore']",['emozione' 'cosa astratta' 'entità' 'affetto' 'benevolenza di amore'],['B-' 'O' 'B-' 'B-' 'B-' 'O' 'B-'],di amore|||benevolenza di amore___
1453,1D_15,sentimento,,affetto,,1453_1D_15,['sentimento' 'affetto'],['sentimento' 'affetto'],['B-' 'B-'],
70,2E_8,stare bene,emozione,affetto,"stare bene, emozione",70_2E_8,['stare bene' 'affetto' 'emozione'],['affetto'],['O' 'B-' 'O'],
677,2F_9,"persona, essere vivente",nonno,badante,,677_2F_9,['persona' 'essere vivente' 'badante' 'nonno'],['persona' 'essere vivente' 'badante' 'nonno'],['B-' 'B-' 'B-' 'B-'],
1049,2F_18,"legno, divertimento, bambini","moody, barbie, lego",giocattolo,"divertimento, legno, bambini, barbie, lego",1049_2F_18,['legno' 'divertimento' 'bambini' 'giocattolo' 'moody' 'barbie' 'lego'],['giocattolo' 'moody'],['O' 'O' 'O' 'B-' 'B-' 'O' 'O'],
1436,2F_17,"lavoro, professione","matematica, i numeri, uno",insegnante,"professione, i numeri, uno",1436_2F_17,['lavoro' 'professione' 'insegnante' 'matematica' 'i numeri' 'uno'],['lavoro' 'insegnante' 'matematica'],['B-' 'O' 'B-' 'B-' 'O' 'O'],
459,2F_1,"veicolo, oggetto","panda, lamborghini",automobile,lamborghini,459_2F_1,['veicolo' 'oggetto' 'automobile' 'panda' 'lamborghini'],['veicolo' 'oggetto' 'automobile' 'panda'],['B-' 'B-' 'B-' 'B-' 'O'],
2428,3B_13,"nervoso, sistema, corpo umano",furore,rabbia,"nervoso, sistema, corpo umano",2428_3B_13,['nervoso' 'sistema' 'corpo umano' 'rabbia' 'furore'],['rabbia' 'furore'],['O' 'O' 'O' 'B-' 'B-'],
2063,2F_15,emozione,rabbia repressa,rabbia,,2063_2F_15,['emozione' 'rabbia' 'rabbia repressa'],['emozione' 'rabbia' 'rabbia repressa'],['B-' 'B-' 'B-'],
1621,2E_9,"stare, modo di essere","felicità, stare in natura",libertà,"stare, felicità, stare in natura",1621_2E_9,['stare' 'modo di essere' 'libertà' 'felicità' 'stare in natura'],['modo di essere' 'libertà'],['O' 'B-' 'B-' 'O' 'O'],
2155,2F_21,"fobia, sentimento","buio, altezza",paura,"fobia, altezza",2155_2F_21,['fobia' 'sentimento' 'paura' 'buio' 'altezza'],['sentimento' 'paura' 'buio'],['O' 'B-' 'B-' 'B-' 'O'],
1981,2F_9,"oggetto, entità","palla, palla da calcio, palla da calcio rossa",giocattolo,,1981_2F_9,"['oggetto' 'entità' 'giocattolo' 'palla' 'palla da calcio'
 'palla da calcio rossa']","['oggetto' 'entità' 'giocattolo' 'palla' 'palla da calcio'
 'palla da calcio rossa']",['B-' 'B-' 'B-' 'B-' 'B-' 'B-'],
1331,1D_8,"persona, essere umano, essere vivente, entità",matematica,insegnante,,1331_1D_8,"['persona' 'essere umano' 'essere vivente' 'entità' 'insegnante'
 'matematica']","['persona' 'essere umano' 'essere vivente' 'entità' 'insegnante'
 'matematica']",['B-' 'B-' 'B-' 'B-' 'B-' 'B-'],
618,2E_1,"prof, maestra","matematica, italiano, inglese",insegnante,"prof, maestra, italiano, inglese",618_2E_1,['prof' 'maestra' 'insegnante' 'matematica' 'italiano' 'inglese'],['insegnante' 'matematica'],['O' 'O' 'B-' 'B-' 'O' 'O'],
168,1G_13,"persona, uomo o donna, essere vivente, organismo, entità",veterinario ,medico,uomo o donna,168_1G_13,"['persona' 'uomo o donna' 'essere vivente' 'organismo' 'entità' 'medico'
 'veterinario']",['persona' 'essere vivente' 'organismo' 'entità' 'medico' 'veterinario'],['B-' 'O' 'B-' 'B-' 'B-' 'B-' 'B-'],
2106,5B_8,,,mente,,2106_5B_8,[' mente'],[' mente'],['B-'],
822,2E_14,"dolce, cibo, alimento, materiale organico","torta al cioccolato, al cioccolato fondente",torta,,822_2E_14,"['dolce' 'cibo' 'alimento' 'materiale organico' 'torta'
 'torta al cioccolato' 'al cioccolato fondente']","['dolce' 'cibo' 'alimento' 'materiale organico' 'torta'
 'torta al cioccolato' 'al cioccolato fondente']",['B-' 'B-' 'B-' 'B-' 'B-' 'B-' 'B-'],
979,2E_24,"persona, mammifero, essere vivente, entità",di bambini,badante,di bambini,979_2E_24,"['persona' 'mammifero' 'essere vivente' 'entità' 'badante'
 'badante di bambini']",['persona' 'mammifero' 'essere vivente' 'entità' 'badante'],['B-' 'B-' 'B-' 'B-' 'B-' 'O'],di bambini|||badante di bambini___
2162,1G_16,sentimento,"ansia, coniglio",paura,"ansia, coniglio",2162_1G_16,['sentimento' 'paura' 'ansia' 'coniglio'],['sentimento' 'paura'],['B-' 'B-' 'O' 'O'],
377,5D_22,"persona, auto",taxi,autista,auto,377_5D_22,['persona' 'auto' 'autista' 'taxi'],['persona' 'autista' 'taxi'],['B-' 'O' 'B-' 'B-'],
1861,5D_24,emozione,,affetto,,1861_5D_24,['emozione' 'affetto'],['emozione' 'affetto'],['B-' 'B-'],
1992,2E_17,pensierosa,"stupida, intelligente",mente,"pensierosa, intelligente",1992_2E_17,['pensierosa' 'mente' 'stupida' 'intelligente'],['mente' 'stupida'],['O' 'B-' 'B-' 'O'],
1534,1D_21,"oggetto, entità",lego,giocattolo,,1534_1D_21,['oggetto' 'entità' 'giocattolo' 'lego'],['oggetto' 'entità' 'giocattolo' 'lego'],['B-' 'B-' 'B-' 'B-'],
2894,5D_2,orologio,"ora, minuto, secondo",tempo,"orologio, minuto, secondo",2894_5D_2,['orologio' 'tempo' 'ora' 'minuto' 'secondo'],['tempo' 'ora'],['O' 'B-' 'B-' 'O' 'O'],
1963,2F_7,"lavoro, specialità, professione, impegno",chirurgo,medico,"specialità, professione",1963_2F_7,['lavoro' 'specialità' 'professione' 'impegno' 'medico' 'chirurgo'],['lavoro' 'impegno' 'medico' 'chirurgo'],['B-' 'O' 'O' 'B-' 'B-' 'B-'],
1258,1D_3,"persona, forma di vita, cellule, atomi, entità",chirurgo,medico,"cellule, atomi",1258_1D_3,['persona' 'forma di vita' 'cellule' 'atomi' 'entità' 'medico' 'chirurgo'],['persona' 'forma di vita' 'entità' 'medico' 'chirurgo'],['B-' 'B-' 'O' 'O' 'B-' 'B-' 'B-'],
614,2E_1,lavoro,"bambini, lavor",badante,"bambini, lavor",614_2E_1,['lavoro' 'badante' 'bambini' 'lavor'],['lavoro' 'badante'],['B-' 'B-' 'O' 'O'],
1622,5D_5,"persona, mammifero, essere vivente, insieme di cellule",tassista,autista,insieme di cellule,1622_5D_5,"['persona' 'mammifero' 'essere vivente' 'insieme di cellule' 'autista'
 'tassista']",['persona' 'mammifero' 'essere vivente' 'autista' 'tassista'],['B-' 'B-' 'B-' 'O' 'B-' 'B-'],
2464,3C_22,"sentimento, emozione, cattiveria, litigio, scontro","con se stessi, con gli amici",rabbia,"emozione, cattiveria, litigio, scontro, con gli amici",2464_3C_22,"['sentimento' 'emozione' 'cattiveria' 'litigio' 'scontro' 'rabbia'
 'rabbia con se stessi' 'rabbia con gli amici']",['sentimento' 'rabbia' 'rabbia con se stessi'],['B-' 'O' 'O' 'O' 'O' 'B-' 'B-' 'O'],con se stessi|||rabbia con se stessi___con gli amici|||rabbia con gli amici___
996,1G_14,oggetto,macchinina,giocattolo,,996_1G_14,['oggetto' 'giocattolo' 'macchinina'],['oggetto' 'giocattolo' 'macchinina'],['B-' 'B-' 'B-'],
1866,3B_8,"occupazione, lavoro, dovere","pediatra, chirurgo, infermiera",medico,"lavoro, dovere, chirurgo, infermiera",1866_3B_8,"['occupazione' 'lavoro' 'dovere' 'medico' 'pediatra' 'chirurgo'
 'infermiera']",['occupazione' 'medico' 'pediatra'],['B-' 'O' 'O' 'B-' 'B-' 'O' 'O'],
1009,1G_5,"giochi per divertirsi, oggetto",pupazzo,giocattolo,,1009_1G_5,['giochi per divertirsi' 'oggetto' 'giocattolo' 'pupazzo'],['giochi per divertirsi' 'oggetto' 'giocattolo' 'pupazzo'],['B-' 'B-' 'B-' 'B-'],
2036,2F_13,"lavoro, mestiere, dovere",di matematica,insegnante,mestiere,2036_2F_13,['lavoro' 'mestiere' 'dovere' 'insegnante' 'insegnante di matematica'],['lavoro' 'dovere' 'insegnante' 'insegnante di matematica'],['B-' 'O' 'B-' 'B-' 'B-'],di matematica|||insegnante di matematica___
1089,3C_6,"emozione, sentimento, sensazione, cosa percepibile","della vacanza, di essere alle maldive, di andare al mare",gioia,"sentimento, della vacanza, di essere alle maldive, di andare al mare",1089_3C_6,"['emozione' 'sentimento' 'sensazione' 'cosa percepibile' 'gioia'
 'gioia della vacanza' 'gioia di essere alle maldive'
 'gioia di andare al mare']",['emozione' 'sensazione' 'cosa percepibile' 'gioia'],['B-' 'O' 'B-' 'B-' 'B-' 'O' 'O' 'O'],della vacanza|||gioia della vacanza___di essere alle maldive|||gioia di essere alle maldive___di andare al mare|||gioia di andare al mare___
866,2F_4,"mammifero, animale, essere vivente",cavallo da corsa,cavallo,,866_2F_4,['mammifero' 'animale' 'essere vivente' 'cavallo' 'cavallo da corsa'],['mammifero' 'animale' 'essere vivente' 'cavallo' 'cavallo da corsa'],['B-' 'B-' 'B-' 'B-' 'B-'],
2048,3B_20,,"cervello, testa",mente,"cervello, testa",2048_3B_20,[' mente' 'cervello' 'testa'],[' mente'],['B-' 'O' 'O'],
933,2E_21,"maestro/a, lavoratore, persona, entità","di scienze, prof. Esquilini",insegnante,maestro/a,933_2E_21,"['maestro/a' 'lavoratore' 'persona' 'entità' 'insegnante'
 'insegnante di scienze' 'prof. Esquilini']","['lavoratore' 'persona' 'entità' 'insegnante' 'insegnante di scienze'
 'prof. Esquilini']",['O' 'B-' 'B-' 'B-' 'B-' 'B-' 'B-'],di scienze|||insegnante di scienze___
2452,3C_11,sentimento,,rabbia,,2452_3C_11,['sentimento' 'rabbia'],['sentimento' 'rabbia'],['B-' 'B-'],
844,2E_15,"occupazione, lavoro","insegnate elementare, insegnante elementare di sostegno per bambini speciali",insegnante,lavoro,844_2E_15,"['occupazione' 'lavoro' 'insegnante' 'insegnate elementare'
 'insegnante elementare di sostegno per bambini speciali']","['occupazione' 'insegnante' 'insegnate elementare'
 'insegnante elementare di sostegno per bambini speciali']",['B-' 'O' 'B-' 'B-' 'B-'],
1106,3C_7,immaginazione,sogn,sogno,sogn,1106_3C_7,['immaginazione' 'sogno' 'sogn'],['immaginazione' 'sogno'],['B-' 'B-' 'O'],
1053,2F_21,"cosa, plastica, orsetto che respira",,giocattolo,"plastica, orsetto che respira",1053_2F_21,['cosa' 'plastica' 'orsetto che respira' 'giocattolo'],['cosa' 'giocattolo'],['B-' 'O' 'O' 'B-'],
2393,2E_5,emozione,"sclero, furioso",rabbia,"sclero, furioso",2393_2E_5,['emozione' 'rabbia' 'sclero' 'furioso'],['emozione' 'rabbia'],['B-' 'B-' 'O' 'O'],
3100,5D_9,"dolce, alimento","torta salata, torta gelato",torta,torta gelato,3100_5D_9,['dolce' 'alimento' 'torta' 'torta salata' 'torta gelato'],['dolce' 'alimento' 'torta' 'torta salata'],['B-' 'B-' 'B-' 'B-' 'O'],
2994,2F_23,"cibo, dolce",tiramisù,torta,dolce,2994_2F_23,['cibo' 'dolce' 'torta' 'tiramisù'],['cibo' 'torta' 'tiramisù'],['B-' 'O' 'B-' 'B-'],
1029,3C_2,"essere umano, mammifero, animale, essere vivente, insieme di tessuti, agglomerato di atomi","autista d'auto, autista dell'auto presidenziale, autista dell'auto presidenziale di jfk",autista,"mammifero, insieme di tessuti, agglomerato di atomi",1029_3C_2,"['essere umano' 'mammifero' 'animale' 'essere vivente'
 'insieme di tessuti' 'agglomerato di atomi' 'autista' ""autista d'auto""
 ""autista dell'auto presidenziale""
 ""autista dell'auto presidenziale di jfk""]","['essere umano' 'animale' 'essere vivente' 'autista' ""autista d'auto""
 ""autista dell'auto presidenziale""
 ""autista dell'auto presidenziale di jfk""]",['B-' 'O' 'B-' 'B-' 'O' 'O' 'B-' 'B-' 'B-' 'B-'],
1333,1D_8,"oggetto, entità","ford, ford c-max",automobile,,1333_1D_8,['oggetto' 'entità' 'automobile' 'ford' 'ford c-max'],['oggetto' 'entità' 'automobile' 'ford' 'ford c-max'],['B-' 'B-' 'B-' 'B-' 'B-'],
880,3B_17,"maschio, mammifero, animale, essere vivente","stallone, pony",cavallo,"maschio, pony",880_3B_17,"['maschio' 'mammifero' 'animale' 'essere vivente' 'cavallo' 'stallone'
 'pony']",['mammifero' 'animale' 'essere vivente' 'cavallo' 'stallone'],['O' 'B-' 'B-' 'B-' 'B-' 'B-' 'O'],
2260,3C_13,sentimento,,paura,,2260_3C_13,['sentimento' 'paura'],['sentimento' 'paura'],['B-' 'B-'],
1283,3B_7,"sentimento, emozione",,gioia,emozione,1283_3B_7,['sentimento' 'emozione' 'gioia'],['sentimento' 'gioia'],['B-' 'O' 'B-'],
2656,3C_20,cervello,,sogno,cervello,2656_3C_20,['cervello' 'sogno'],['sogno'],['O' 'B-'],
2767,2E_16,"mondo, terra, momento","minuto, anno",tempo,"mondo, terra, momento, anno",2767_2E_16,['mondo' 'terra' 'momento' 'tempo' 'minuto' 'anno'],['tempo' 'minuto'],['O' 'O' 'O' 'B-' 'B-' 'O'],
1675,5D_10,"persona, mammifero, entità, oggetto, cosa",cameriera,badante,"oggetto, cosa, cameriera",1675_5D_10,['persona' 'mammifero' 'entità' 'oggetto' 'cosa' 'badante' 'cameriera'],['persona' 'mammifero' 'entità' 'badante'],['B-' 'B-' 'B-' 'O' 'O' 'B-' 'O'],
597,5B_21,"lavoro, occupazione, cosa, entità",di matematica ,insegnante,cosa,597_5B_21,"['lavoro' 'occupazione' 'cosa' 'entità' 'insegnante'
 'insegnante di matematica']",['lavoro' 'occupazione' 'entità' 'insegnante' 'insegnante di matematica'],['B-' 'B-' 'O' 'B-' 'B-' 'B-'],di matematica|||insegnante di matematica___
209,1G_19,"accompagnatore, servizio","mezzo pubblico, un autobus",autista,accompagnatore,209_1G_19,['accompagnatore' 'servizio' 'autista' 'mezzo pubblico' 'un autobus'],['servizio' 'autista' 'mezzo pubblico' 'un autobus'],['O' 'B-' 'B-' 'B-' 'B-'],
2199,2E_5,emozione,sentimento,paura,sentimento,2199_2E_5,['emozione' 'paura' 'sentimento'],['emozione' 'paura'],['B-' 'B-' 'O'],
1496,1D_18,lavoro,della casa di riposo,badante,,1496_1D_18,['lavoro' 'badante' 'badante della casa di riposo'],['lavoro' 'badante' 'badante della casa di riposo'],['B-' 'B-' 'B-'],della casa di riposo|||badante della casa di riposo___
1696,3C_7,"libero arbitrio, felicità, nessuna discriminazione, no al razzismo",,libertà,"libero arbitrio, felicità, nessuna discriminazione, no al razzismo",1696_3C_7,"['libero arbitrio' 'felicità' 'nessuna discriminazione' 'no al razzismo'
 'libertà']",['libertà'],['O' 'O' 'O' 'O' 'B-'],
2971,2E_26,dolce,"cioccolato, panna, mele",torta,"panna, mele",2971_2E_26,['dolce' 'torta' 'cioccolato' 'panna' 'mele'],['dolce' 'torta' 'cioccolato'],['B-' 'B-' 'B-' 'O' 'O'],
1054,2F_22,oggetto,razzo,giocattolo,,1054_2F_22,['oggetto' 'giocattolo' 'razzo'],['oggetto' 'giocattolo' 'razzo'],['B-' 'B-' 'B-'],
1133,5B_5,"oggetto, cosa",macchinine,giocattolo,,1133_5B_5,['oggetto' 'cosa' 'giocattolo' 'macchinine'],['oggetto' 'cosa' 'giocattolo' 'macchinine'],['B-' 'B-' 'B-' 'B-'],
334,5B_3,"lavoratore, persona, essere vivente","di base, matteo, matteo reggiani",medico,,334_5B_3,"['lavoratore' 'persona' 'essere vivente' 'medico' 'medico di base'
 'matteo' 'matteo reggiani']","['lavoratore' 'persona' 'essere vivente' 'medico' 'medico di base'
 'matteo' 'matteo reggiani']",['B-' 'B-' 'B-' 'B-' 'B-' 'B-' 'B-'],di base|||medico di base___
1309,3C_8,"felicità, sentimento, pensiero","amore, famiglia, amici",gioia,"felicità, pensiero, amore, famiglia, amici",1309_3C_8,['felicità' 'sentimento' 'pensiero' 'gioia' 'amore' 'famiglia' 'amici'],['sentimento' 'gioia'],['O' 'B-' 'O' 'B-' 'O' 'O' 'O'],
2651,3C_16,"desiderio, vita",,sogno,"desiderio, vita",2651_3C_16,['desiderio' 'vita' 'sogno'],['sogno'],['O' 'O' 'B-'],
1940,1D_11,"pensare, per fare queste scale, una parte del nostro corpo",cervello,mente,"pensare, per fare queste scale, una parte del nostro corpo, cervello",1940_1D_11,"['pensare' 'pensare per fare queste scale' 'una parte del nostro corpo'
 'mente' 'cervello']",['mente'],['O' 'O' 'O' 'B-' 'O'],per fare queste scale|||pensare per fare queste scale___
854,2F_17,"animale, essere vivente",marrone,cavallo,,854_2F_17,['animale' 'essere vivente' 'cavallo' 'marrone'],['animale' 'essere vivente' 'cavallo' 'marrone'],['B-' 'B-' 'B-' 'B-'],
1490,1D_18,"personale, cosa astratta",avere un cavallo,sogno,"personale, avere un cavallo",1490_1D_18,['personale' 'cosa astratta' 'sogno' 'avere un cavallo'],['cosa astratta' 'sogno'],['O' 'B-' 'B-' 'O'],
2245,3B_23,"triste, felice, arrabbiato",,paura,"triste, felice, arrabbiato",2245_3B_23,['triste' 'felice' 'arrabbiato' 'paura'],['paura'],['O' 'O' 'O' 'B-'],
2796,2F_19,"orologio, accessorio, oggetto",vita,tempo,"orologio, accessorio, oggetto, vita",2796_2F_19,['orologio' 'accessorio' 'oggetto' 'tempo' 'vita'],['tempo'],['O' 'O' 'O' 'B-' 'O'],
75,2F_12,"sentimento, emozione",amore,affetto,emozione,75_2F_12,['sentimento' 'emozione' 'affetto' 'amore'],['sentimento' 'affetto' 'amore'],['B-' 'O' 'B-' 'B-'],
1823,2F_16,,ospedale,medico,ospedale,1823_2F_16,[' medico' 'ospedale'],[' medico'],['B-' 'O'],
815,2E_14,"lavoratore, uomo, essere umano, essere vivente, entità",ginecologo,medico,,815_2E_14,"['lavoratore' 'uomo' 'essere umano' 'essere vivente' 'entità' 'medico'
 'ginecologo']","['lavoratore' 'uomo' 'essere umano' 'essere vivente' 'entità' 'medico'
 'ginecologo']",['B-' 'B-' 'B-' 'B-' 'B-' 'B-' 'B-'],
2025,2F_12,"donna, uomo, persona, essere umano","del cuore, del cervello",medico,"uomo, del cervello",2025_2F_12,"['donna' 'uomo' 'persona' 'essere umano' 'medico' 'medico del cuore'
 'medico del cervello']",['donna' 'persona' 'essere umano' 'medico' 'medico del cuore'],['B-' 'O' 'B-' 'B-' 'B-' 'B-' 'O'],del cuore|||medico del cuore___del cervello|||medico del cervello___
1329,1D_8,"diritto, cosa astratta, non esistente",uscire dal carcere,libertà,"non esistente, uscire dal carcere",1329_1D_8,['diritto' 'cosa astratta' 'non esistente' 'libertà' 'uscire dal carcere'],['diritto' 'cosa astratta' 'libertà'],['B-' 'B-' 'O' 'B-' 'O'],
1649,5D_8,"cosa buona, entità",libertà di religione,libertà,cosa buona,1649_5D_8,['cosa buona' 'entità' 'libertà' 'libertà di religione'],['entità' 'libertà' 'libertà di religione'],['O' 'B-' 'B-' 'B-'],
178,1G_16,,di culto,libertà ,,178_1G_16,[' libertà ' ' libertà  di culto'],[' libertà ' ' libertà  di culto'],['B-' 'B-'],di culto||| libertà  di culto___
1499,3C_4,"persona, insieme di apparati, insieme di tessuti, insieme di organi, insieme di muscoli, insieme di cellule","materie, matematica, aritmentica",insegnante,"insieme di apparati, insieme di tessuti, insieme di organi, insieme di muscoli, insieme di cellule",1499_3C_4,"['persona' 'insieme di apparati' 'insieme di tessuti' 'insieme di organi'
 'insieme di muscoli' 'insieme di cellule' 'insegnante' 'materie'
 'matematica' 'aritmentica']",['persona' 'insegnante' 'materie' 'matematica' 'aritmentica'],['B-' 'O' 'O' 'O' 'O' 'O' 'B-' 'B-' 'B-' 'B-'],
662,2E_4,"oggetto per bambini, oggetto, cosa, entità","nerf, nerf elite, nerf elite 2.0, nerft elite 2.0 plus",giocattolo,,662_2E_4,"['oggetto per bambini' 'oggetto' 'cosa' 'entità' 'giocattolo' 'nerf'
 'nerf elite' 'nerf elite 2.0' 'nerft elite 2.0 plus']","['oggetto per bambini' 'oggetto' 'cosa' 'entità' 'giocattolo' 'nerf'
 'nerf elite' 'nerf elite 2.0' 'nerft elite 2.0 plus']",['B-' 'B-' 'B-' 'B-' 'B-' 'B-' 'B-' 'B-' 'B-'],
513,3C_11,"mezzo, trasporto","audi, audi r8",automobile,,513_3C_11,['mezzo' 'trasporto' 'automobile' 'audi' 'audi r8'],['mezzo' 'trasporto' 'automobile' 'audi' 'audi r8'],['B-' 'B-' 'B-' 'B-' 'B-'],
2766,2E_15,"anno, mese, settimane, giorno, ora, minuto, secondo",,tempo,"anno, mese, settimane, giorno, ora, minuto, secondo",2766_2E_15,['anno' 'mese' 'settimane' 'giorno' 'ora' 'minuto' 'secondo' 'tempo'],['tempo'],['O' 'O' 'O' 'O' 'O' 'O' 'O' 'B-'],
448,5B_11,"emozione, entità","panico, panico di parlare",paura,,448_5B_11,['emozione' 'entità' 'paura' 'panico' 'panico di parlare'],['emozione' 'entità' 'paura' 'panico' 'panico di parlare'],['B-' 'B-' 'B-' 'B-' 'B-'],
1518,1D_20,film ad occhi chiusi,spaventoso,sogno,film ad occhi chiusi,1518_1D_20,['film ad occhi chiusi' 'sogno' 'spaventoso'],['sogno' 'spaventoso'],['O' 'B-' 'B-'],
2048,2F_14,"sensazione, pensiero",libertà di pensiero,libertà,pensiero,2048_2F_14,['sensazione' 'pensiero' 'libertà' 'libertà di pensiero'],['sensazione' 'libertà' 'libertà di pensiero'],['B-' 'O' 'B-' 'B-'],
2850,3C_21,invenzione,"ora, minuto, secondo, millisecondo",tempo,"minuto, secondo, millisecondo",2850_3C_21,['invenzione' 'tempo' 'ora' 'minuto' 'secondo' 'millisecondo'],['invenzione' 'tempo' 'ora'],['B-' 'B-' 'B-' 'O' 'O' 'O'],
2166,2F_22,"sentimento, emozione",felicità,gioia,"emozione, felicità",2166_2F_22,['sentimento' 'emozione' 'gioia' 'felicità'],['sentimento' 'gioia'],['B-' 'O' 'B-' 'O'],
574,5D_4,"oggetto, essere non vivente, benzina, motore, velocità, si muove","camion, ferrari, lamborghini",automobile,"benzina, motore, velocità, si muove, camion, lamborghini",574_5D_4,"['oggetto' 'essere non vivente' 'benzina' 'motore' 'velocità' 'si muove'
 'automobile' 'camion' 'ferrari' 'lamborghini']",['oggetto' 'essere non vivente' 'automobile' 'ferrari'],['B-' 'B-' 'O' 'O' 'O' 'O' 'B-' 'O' 'B-' 'O'],
244,2E_14,"impiegato, cittadino, uomo","taxista, taxista uber",autista,,244_2E_14,['impiegato' 'cittadino' 'uomo' 'autista' 'taxista' 'taxista uber'],['impiegato' 'cittadino' 'uomo' 'autista' 'taxista' 'taxista uber'],['B-' 'B-' 'B-' 'B-' 'B-' 'B-'],
1575,1D_23,desiderio,,sogno,desiderio,1575_1D_23,['desiderio' 'sogno'],['sogno'],['O' 'B-'],
2263,3C_16,sentimento,,paura,,2263_3C_16,['sentimento' 'paura'],['sentimento' 'paura'],['B-' 'B-'],
2611,2F_3,"dormire, pensiero","incubo, triste",sogno,dormire,2611_2F_3,['dormire' 'pensiero' 'sogno' 'incubo' 'triste'],['pensiero' 'sogno' 'incubo' 'triste'],['O' 'B-' 'B-' 'B-' 'B-'],
1106,3C_22,"passatempo, materiale","barbie, bambola",giocattolo,"passatempo, materiale, bambola",1106_3C_22,['passatempo' 'materiale' 'giocattolo' 'barbie' 'bambola'],['giocattolo' 'barbie'],['O' 'O' 'B-' 'B-' 'O'],
1465,3B_2,persona,,insegnante,,1465_3B_2,['persona' 'insegnante'],['persona' 'insegnante'],['B-' 'B-'],
1694,3C_5,"diritto, legge, obbligo ",,libertà,"legge, obbligo",1694_3C_5,['diritto' 'legge' 'obbligo ' 'libertà'],['diritto' 'obbligo ' 'libertà'],['B-' 'O' 'B-' 'B-'],
2198,2E_4,"momento, situazione, emozione",verifica,paura,"momento, situazione, verifica",2198_2E_4,['momento' 'situazione' 'emozione' 'paura' 'verifica'],['emozione' 'paura'],['O' 'O' 'B-' 'B-' 'O'],
408,1D_8,"macchina, oggetto","ford, fiat, bmw",automobile,"macchina, fiat, bmw",408_1D_8,['macchina' 'oggetto' 'automobile' 'ford' 'fiat' 'bmw'],['oggetto' 'automobile' 'ford'],['O' 'B-' 'B-' 'B-' 'O' 'O'],
2201,2E_7,"emozione, ansia",,paura,ansia,2201_2E_7,['emozione' 'ansia' 'paura'],['emozione' 'paura'],['B-' 'O' 'B-'],
2224,2F_26,"professione, lavoro, impegno","di matematica, di italiano, di storia",insegnante,"di italiano, di storia",2224_2F_26,"['professione' 'lavoro' 'impegno' 'insegnante' 'insegnante di matematica'
 'insegnante di italiano' 'insegnante di storia']",['professione' 'lavoro' 'impegno' 'insegnante' 'insegnante di matematica'],['B-' 'B-' 'B-' 'B-' 'B-' 'O' 'O'],di matematica|||insegnante di matematica___di italiano|||insegnante di italiano___di storia|||insegnante di storia___
2825,3B_21,misura,anno,tempo,,2825_3B_21,['misura' 'tempo' 'anno'],['misura' 'tempo' 'anno'],['B-' 'B-' 'B-'],
1673,5D_10,"persona, mammifero, entità, cosa","tassista, gianni",autista,cosa,1673_5D_10,['persona' 'mammifero' 'entità' 'cosa' 'autista' 'tassista' 'gianni'],['persona' 'mammifero' 'entità' 'autista' 'tassista' 'gianni'],['B-' 'B-' 'B-' 'O' 'B-' 'B-' 'B-'],
1196,3C_12,,"di sbadigliare, di dormire, di mangiare",libertà,"di sbadigliare, di dormire, di mangiare",1196_3C_12,"[' libertà' ' libertà di sbadigliare' ' libertà di dormire'
 ' libertà di mangiare']",[' libertà'],['B-' 'O' 'O' 'O'],di sbadigliare||| libertà di sbadigliare___di dormire||| libertà di dormire___di mangiare||| libertà di mangiare___
1547,1D_21,"veicolo, mezzo di trasporto ",ferrari,automobile,,1547_1D_21,['veicolo' 'mezzo di trasporto ' 'automobile' 'ferrari'],['veicolo' 'mezzo di trasporto ' 'automobile' 'ferrari'],['B-' 'B-' 'B-' 'B-'],
1255,1D_3,"emozione, sentimento","claustrofobia, spazi chiusi",paura,"sentimento, spazi chiusi",1255_1D_3,['emozione' 'sentimento' 'paura' 'claustrofobia' 'spazi chiusi'],['emozione' 'paura' 'claustrofobia'],['B-' 'O' 'B-' 'B-' 'O'],
1055,2F_23,cosa materiale,palla,giocattolo,,1055_2F_23,['cosa materiale' 'giocattolo' 'palla'],['cosa materiale' 'giocattolo' 'palla'],['B-' 'B-' 'B-'],
2145,2F_21,"lavoro, persona, entità",auto,autista,persona,2145_2F_21,['lavoro' 'persona' 'entità' 'autista' 'auto'],['lavoro' 'entità' 'autista' 'auto'],['B-' 'O' 'B-' 'B-' 'B-'],
2353,1G_13,emozione,furia,rabbia,,2353_1G_13,['emozione' 'rabbia' 'furia'],['emozione' 'rabbia' 'furia'],['B-' 'B-' 'B-'],
435,2E_11,"oggetto, di trasporto, corsa","macchina, tesla, ferrari",automobile,"di trasporto, corsa, macchina, ferrari",435_2E_11,"['oggetto' 'oggetto di trasporto' 'corsa' 'automobile' 'macchina' 'tesla'
 'ferrari']",['oggetto' 'automobile' 'tesla'],['B-' 'O' 'O' 'B-' 'O' 'B-' 'O'],di trasporto|||oggetto di trasporto___
2408,3C_23,"sentimento, sensazione, emozione",abbracciare,affetto,"emozione, abbracciare",2408_3C_23,['sentimento' 'sensazione' 'emozione' 'affetto' 'abbracciare'],['sentimento' 'sensazione' 'affetto'],['B-' 'B-' 'O' 'B-' 'O'],
766,2E_10,moto ,porsche,automobile,moto,766_2E_10,['moto ' 'automobile' 'porsche'],['moto ' 'automobile' 'porsche'],['B-' 'B-' 'B-'],
2212,2F_17,pensiero,buio,paura,pensiero,2212_2F_17,['pensiero' 'paura' 'buio'],['paura' 'buio'],['O' 'B-' 'B-'],
1790,5D_18,"emozione, cosa astratta",,paura,,1790_5D_18,['emozione' 'cosa astratta' 'paura'],['emozione' 'cosa astratta' 'paura'],['B-' 'B-' 'B-'],
1396,1D_12,"sogno, pensiero, creato dal subconscio, parte del corpo, entità",di voto,libertà,"sogno, pensiero, creato dal subconscio, parte del corpo",1396_1D_12,"['sogno' 'pensiero' 'creato dal subconscio' 'parte del corpo' 'entità'
 'libertà' 'libertà di voto']",['entità' 'libertà' 'libertà di voto'],['O' 'O' 'O' 'O' 'B-' 'B-' 'B-'],di voto|||libertà di voto___
722,2E_8,emozione,rabbia,paura,rabbia,722_2E_8,['emozione' 'paura' 'rabbia'],['emozione' 'paura'],['B-' 'B-' 'O'],
541,5B_14,"mezzo di trasporto, taxi","macchina, volante, pulsanti",automobile,"taxi, macchina, volante, pulsanti",541_5B_14,['mezzo di trasporto' 'taxi' 'automobile' 'macchina' 'volante' 'pulsanti'],['mezzo di trasporto' 'automobile'],['B-' 'O' 'B-' 'O' 'O' 'O'],
2604,2F_20,"bello, incubo","lungo, corto, medio",sogno,"bello, incubo, corto, medio",2604_2F_20,['bello' 'incubo' 'sogno' 'lungo' 'corto' 'medio'],['sogno' 'lungo'],['O' 'O' 'B-' 'B-' 'O' 'O'],
1292,3C_15,"emozione, stato d'animo, momento, istante, secondo",felicità,gioia,"stato d'animo, momento, istante, secondo, felicità",1292_3C_15,"['emozione' ""stato d'animo"" 'momento' 'istante' 'secondo' 'gioia'
 'felicità']",['emozione' 'gioia'],['B-' 'O' 'O' 'O' 'O' 'B-' 'O'],
290,2F_9,"persona, mammifero, essere vivente","macchina, skoda",autista,,290_2F_9,['persona' 'mammifero' 'essere vivente' 'autista' 'macchina' 'skoda'],['persona' 'mammifero' 'essere vivente' 'autista' 'macchina' 'skoda'],['B-' 'B-' 'B-' 'B-' 'B-' 'B-'],
1482,1D_17,"dolce, cibo, cosa commestibile, elemento calorico, elemento, essere non vivente, entità",torta di mele,torta,"elemento calorico, elemento",1482_1D_17,"['dolce' 'cibo' 'cosa commestibile' 'elemento calorico' 'elemento'
 'essere non vivente' 'entità' 'torta' 'torta di mele']","['dolce' 'cibo' 'cosa commestibile' 'essere non vivente' 'entità' 'torta'
 'torta di mele']",['B-' 'B-' 'B-' 'O' 'O' 'B-' 'B-' 'B-' 'B-'],
2440,3C_25,distruggere,emozione negativa,rabbia,"distruggere, emozione negativa",2440_3C_25,['distruggere' 'rabbia' 'emozione negativa'],['rabbia'],['O' 'B-' 'O'],
1896,5B_12,,dottore,medico,dottore,1896_5B_12,[' medico' 'dottore'],[' medico'],['B-' 'O'],
885,3B_21,"mammifero, animale, essere vivente",selvaggio,cavallo,,885_3B_21,['mammifero' 'animale' 'essere vivente' 'cavallo' 'selvaggio'],['mammifero' 'animale' 'essere vivente' 'cavallo' 'selvaggio'],['B-' 'B-' 'B-' 'B-' 'B-'],
4,1G_2,veicolo,volkswagen,automobile,,4_1G_2,['veicolo' 'automobile' 'volkswagen'],['veicolo' 'automobile' 'volkswagen'],['B-' 'B-' 'B-'],
1175,3C_11,mezzo,"ferrari, rossa",automobile,,1175_3C_11,['mezzo' 'automobile' 'ferrari' 'rossa'],['mezzo' 'automobile' 'ferrari' 'rossa'],['B-' 'B-' 'B-' 'B-'],
939,2E_21,"lavoratore, persona, entità","di autobus, di autobus del milan",autista,,939_2E_21,"['lavoratore' 'persona' 'entità' 'autista' 'autista di autobus'
 'autista di autobus del milan']","['lavoratore' 'persona' 'entità' 'autista' 'autista di autobus'
 'autista di autobus del milan']",['B-' 'B-' 'B-' 'B-' 'B-' 'B-'],di autobus|||autista di autobus___di autobus del milan|||autista di autobus del milan___
1922,5D_17,"persona, mestiere, essere vivente",,medico,mestiere,1922_5D_17,['persona' 'mestiere' 'essere vivente' 'medico'],['persona' 'essere vivente' 'medico'],['B-' 'O' 'B-' 'B-'],
2329,3C_18,"equino, mammifero, animale, essere vivente, organismo",pony,cavallo,organismo,2329_3C_18,"['equino' 'mammifero' 'animale' 'essere vivente' 'organismo' 'cavallo'
 'pony']",['equino' 'mammifero' 'animale' 'essere vivente' 'cavallo' 'pony'],['B-' 'B-' 'B-' 'B-' 'O' 'B-' 'B-'],
1606,5D_3,"sentimento, emozione, espressione",,rabbia,emozione,1606_5D_3,['sentimento' 'emozione' 'espressione' 'rabbia'],['sentimento' 'espressione' 'rabbia'],['B-' 'O' 'B-' 'B-'],
286,2F_5,,,autista,,286_2F_5,[' autista'],[' autista'],['B-'],
1634,5D_6,entità,locale,mente,locale,1634_5D_6,['entità' 'mente' 'locale'],['entità' 'mente'],['B-' 'B-' 'O'],
753,2E_10,"lavoro, mestiere, entità",taxista,autista,mestiere,753_2E_10,['lavoro' 'mestiere' 'entità' 'autista' 'taxista'],['lavoro' 'entità' 'autista' 'taxista'],['B-' 'O' 'B-' 'B-' 'B-'],
2021,2F_12,"animale, essere vivente",cavallo nero,cavallo,,2021_2F_12,['animale' 'essere vivente' 'cavallo' 'cavallo nero'],['animale' 'essere vivente' 'cavallo' 'cavallo nero'],['B-' 'B-' 'B-' 'B-'],
2023,2F_12,"sentimento, emozione","affetto per una persona, per un essere vivente",affetto,"emozione, per un essere vivente",2023_2F_12,"['sentimento' 'emozione' 'affetto' 'affetto per una persona'
 'affetto per una persona per un essere vivente']",['sentimento' 'affetto' 'affetto per una persona'],['B-' 'O' 'B-' 'B-' 'O'],per un essere vivente|||affetto per una persona per un essere vivente___
2113,5D_14,,,mente,,2113_5D_14,[' mente'],[' mente'],['B-'],
1327,1D_8,"cosa astratta, non esistente","incubo, pensiero brutto",sogno,"non esistente, pensiero brutto",1327_1D_8,['cosa astratta' 'non esistente' 'sogno' 'incubo' 'pensiero brutto'],['cosa astratta' 'sogno' 'incubo'],['B-' 'O' 'B-' 'B-' 'O'],
2931,1G_10,"dolce, cibo, energia, forza","cioccolato, cioccolato bianco",torta,"energia, forza",2931_1G_10,['dolce' 'cibo' 'energia' 'forza' 'torta' 'cioccolato' 'cioccolato bianco'],['dolce' 'cibo' 'torta' 'cioccolato' 'cioccolato bianco'],['B-' 'B-' 'O' 'O' 'B-' 'B-' 'B-'],
2296,3C_16,persona,dell'autobus,autista,,2296_3C_16,"['persona' 'autista' ""dell'autobus""]","['persona' 'autista' ""dell'autobus""]",['B-' 'B-' 'B-'],
1046,3C_3,"emozione, sentimento, sensazione",rabbia nera,rabbia,"sentimento, rabbia nera",1046_3C_3,['emozione' 'sentimento' 'sensazione' 'rabbia' 'rabbia nera'],['emozione' 'sensazione' 'rabbia'],['B-' 'O' 'B-' 'B-' 'O'],
344,5B_4,"immaginazione, cosa, entità","incubo, mostri, huggy wuggy",sogno,cosa,344_5B_4,['immaginazione' 'cosa' 'entità' 'sogno' 'incubo' 'mostri' 'huggy wuggy'],['immaginazione' 'entità' 'sogno' 'incubo' 'mostri' 'huggy wuggy'],['B-' 'O' 'B-' 'B-' 'B-' 'B-' 'B-'],
774,1D_1,"cavallo bianco, cavallo nero, cavallo marrone, animale, essere vivente, mammifero","zoccoli, sbuffa, tira, calci",cavallo,"cavallo bianco, cavallo nero, cavallo marrone, mammifero, zoccoli, sbuffa, tira, calci",774_1D_1,"['cavallo bianco' 'cavallo nero' 'cavallo marrone' 'animale'
 'essere vivente' 'mammifero' 'cavallo' 'zoccoli' 'sbuffa' 'tira' 'calci']",['animale' 'essere vivente' 'cavallo'],['O' 'O' 'O' 'B-' 'B-' 'O' 'B-' 'O' 'O' 'O' 'O'],
2134,1D_11,"sentimento, emozione, incubi","films horror, sangue, serpenti",paura,"emozione, incubi, films horror, serpenti",2134_1D_11,"['sentimento' 'emozione' 'incubi' 'paura' 'films horror' 'sangue'
 'serpenti']",['sentimento' 'paura' 'sangue'],['B-' 'O' 'O' 'B-' 'O' 'B-' 'O'],
470,5B_12,"cibo, energia, entità",tenerina,torta,,470_5B_12,['cibo' 'energia' 'entità' 'torta' 'tenerina'],['cibo' 'energia' 'entità' 'torta' 'tenerina'],['B-' 'B-' 'B-' 'B-' 'B-'],
1857,3B_23,"polizia, nasicaprole ",,medico,"polizia, nasicaprole",1857_3B_23,['polizia' 'nasicaprole ' 'medico'],['nasicaprole ' 'medico'],['O' 'B-' 'B-'],
1492,3C_20,"lavoro, persona, essere vivente",delle medie,insegnante,"persona, essere vivente",1492_3C_20,['lavoro' 'persona' 'essere vivente' 'insegnante' 'insegnante delle medie'],['lavoro' 'insegnante' 'insegnante delle medie'],['B-' 'O' 'O' 'B-' 'B-'],delle medie|||insegnante delle medie___
2302,5D_1,emozione,aracnofobia,paura,,2302_5D_1,['emozione' 'paura' 'aracnofobia'],['emozione' 'paura' 'aracnofobia'],['B-' 'B-' 'B-'],
1699,5D_12,"lavoro, occupazione, entità","di italiano, di inglese",insegnante,di inglese,1699_5D_12,"['lavoro' 'occupazione' 'entità' 'insegnante' 'insegnante di italiano'
 'insegnante di inglese']",['lavoro' 'occupazione' 'entità' 'insegnante' 'insegnante di italiano'],['B-' 'B-' 'B-' 'B-' 'B-' 'O'],di italiano|||insegnante di italiano___di inglese|||insegnante di inglese___
1706,5D_12,"desiderio, entità",,sogno,desiderio,1706_5D_12,['desiderio' 'entità' 'sogno'],['entità' 'sogno'],['O' 'B-' 'B-'],
686,3B_17,,"persona, pelle, derma",badante,"persona, pelle, derma",686_3B_17,[' badante' 'persona' 'pelle' 'derma'],[' badante'],['B-' 'O' 'O' 'O'],
1900,5B_16,"persona, essere terrestre, essere vivente",pediatra,medico,,1900_5B_16,['persona' 'essere terrestre' 'essere vivente' 'medico' 'pediatra'],['persona' 'essere terrestre' 'essere vivente' 'medico' 'pediatra'],['B-' 'B-' 'B-' 'B-' 'B-'],
2100,2F_18,"persona, lavoro",pilota,autista,lavoro,2100_2F_18,['persona' 'lavoro' 'autista' 'pilota'],['persona' 'autista' 'pilota'],['B-' 'O' 'B-' 'B-'],
1323,1D_7,,,medico,,1323_1D_7,[' medico'],[' medico'],['B-'],
326,3C_18,"mestiere, persona",camionista,autista,persona,326_3C_18,['mestiere' 'persona' 'autista' 'camionista'],['mestiere' 'autista' 'camionista'],['B-' 'O' 'B-' 'B-'],
2692,5D_11,desiderio,immaginazione,sogno,"desiderio, immaginazione",2692_5D_11,['desiderio' 'sogno' 'immaginazione'],['sogno'],['O' 'B-' 'O'],
2057,3B_5,,,mente,,2057_3B_5,[' mente'],[' mente'],['B-'],
2980,2F_10,"dolce, cibo","gelato, cioccolato, crema",torta,crema,2980_2F_10,['dolce' 'cibo' 'torta' 'gelato' 'cioccolato' 'crema'],['dolce' 'cibo' 'torta' 'gelato' 'cioccolato'],['B-' 'B-' 'B-' 'B-' 'B-' 'O'],
345,5B_4,"misura, calcolo, numero, cosa, entità","orologio, timer",tempo,"calcolo, numero, cosa, orologio, timer",345_5B_4,['misura' 'calcolo' 'numero' 'cosa' 'entità' 'tempo' 'orologio' 'timer'],['misura' 'entità' 'tempo'],['B-' 'O' 'O' 'O' 'B-' 'B-' 'O' 'O'],
1917,2F_4,"sentimento, emozione, cosa dentro di sé, cosa astratta","rabbia repressa, rabbia repressa nei confronti di qualcuno, rabbia repressa nei confronti di un amico",rabbia,"emozione, cosa dentro di sé",1917_2F_4,"['sentimento' 'emozione' 'cosa dentro di sé' 'cosa astratta' 'rabbia'
 'rabbia repressa' 'rabbia repressa nei confronti di qualcuno'
 'rabbia repressa nei confronti di un amico']","['sentimento' 'cosa astratta' 'rabbia' 'rabbia repressa'
 'rabbia repressa nei confronti di qualcuno'
 'rabbia repressa nei confronti di un amico']",['B-' 'O' 'O' 'B-' 'B-' 'B-' 'B-' 'B-'],
2000,2E_24,organo,,mente,organo,2000_2E_24,['organo' 'mente'],['mente'],['O' 'B-'],
2556,1G_21,"notte, buio, paura, sentimento",,sogno,"notte, buio, paura, sentimento",2556_1G_21,['notte' 'buio' 'paura' 'sentimento' 'sogno'],['sogno'],['O' 'O' 'O' 'O' 'B-'],
1940,2F_6,,cervello,mente,cervello,1940_2F_6,[' mente' 'cervello'],[' mente'],['B-' 'O'],
863,2E_17,"emozione, benevole",fraterno,affetto,benevole,863_2E_17,['emozione' 'benevole' 'affetto' 'fraterno'],['emozione' 'affetto' 'fraterno'],['B-' 'O' 'B-' 'B-'],
471,2F_20,veicolo,"lamborghini, ferrari, fiat",automobile,"ferrari, fiat",471_2F_20,['veicolo' 'automobile' 'lamborghini' 'ferrari' 'fiat'],['veicolo' 'automobile' 'lamborghini'],['B-' 'B-' 'B-' 'O' 'O'],
2411,2F_21,sentimento,,rabbia,,2411_2F_21,['sentimento' 'rabbia'],['sentimento' 'rabbia'],['B-' 'B-'],
1790,2E_1,"studi, salva, cura, lavoro, persona",medicine,medico,"studi, salva, cura, persona, medicine",1790_2E_1,['studi' 'salva' 'cura' 'lavoro' 'persona' 'medico' 'medicine'],['lavoro' 'medico'],['O' 'O' 'O' 'B-' 'O' 'B-' 'O'],
888,2E_18,"lavoro, occupazione, entità","di un bambino, bambino di colore, yahya",badante,"di un bambino, bambino di colore, yahya",888_2E_18,"['lavoro' 'occupazione' 'entità' 'badante' 'badante di un bambino'
 'bambino di colore' 'yahya']",['lavoro' 'occupazione' 'entità' 'badante'],['B-' 'B-' 'B-' 'B-' 'O' 'O' 'O'],di un bambino|||badante di un bambino___
2019,2F_18,"cervello, testa, corpo",controllo della mente,mente,"cervello, testa, corpo, controllo della mente",2019_2F_18,['cervello' 'testa' 'corpo' 'mente' 'controllo della mente'],['mente'],['O' 'O' 'O' 'B-' 'O'],
2839,3C_10,,"orologio, oggetto",tempo,"orologio, oggetto",2839_3C_10,[' tempo' 'orologio' 'oggetto'],[' tempo'],['B-' 'O' 'O'],
420,5B_9,"lavoro, ruolo, occupazione",per anziani,badante,ruolo,420_5B_9,['lavoro' 'ruolo' 'occupazione' 'badante' 'badante per anziani'],['lavoro' 'occupazione' 'badante' 'badante per anziani'],['B-' 'O' 'B-' 'B-' 'B-'],per anziani|||badante per anziani___
2974,2E_5,"dolce, cibo","cioccolato, fragola",torta,fragola,2974_2E_5,['dolce' 'cibo' 'torta' 'cioccolato' 'fragola'],['dolce' 'cibo' 'torta' 'cioccolato'],['B-' 'B-' 'B-' 'B-' 'O'],
2438,3B_22,emozione,,rabbia,,2438_3B_22,['emozione' 'rabbia'],['emozione' 'rabbia'],['B-' 'B-'],
1591,1G_5,"emozione, sentimento",,libertà,"emozione, sentimento",1591_1G_5,['emozione' 'sentimento' 'libertà'],['libertà'],['O' 'O' 'B-'],
2803,2F_25,accessorio,"secondo, minuto, ora",tempo,"accessorio, minuto, ora",2803_2F_25,['accessorio' 'tempo' 'secondo' 'minuto' 'ora'],['tempo' 'secondo'],['O' 'B-' 'B-' 'O' 'O'],
2587,2E_5,"pensare, immaginare",immaginazione,sogno,"immaginare, immaginazione",2587_2E_5,['pensare' 'immaginare' 'sogno' 'immaginazione'],['pensare' 'sogno'],['B-' 'O' 'B-' 'O'],
1071,3B_14,"oggetto, utensile, tipo di plastica",peluche,giocattolo,"utensile, tipo di plastica",1071_3B_14,['oggetto' 'utensile' 'tipo di plastica' 'giocattolo' 'peluche'],['oggetto' 'giocattolo' 'peluche'],['B-' 'O' 'O' 'B-' 'B-'],
2429,3B_14,sensazione,,rabbia,,2429_3B_14,['sensazione' 'rabbia'],['sensazione' 'rabbia'],['B-' 'B-'],
2838,3C_1,denaro,"ora, minuto, secondo",tempo,"denaro, minuto, secondo",2838_3C_1,['denaro' 'tempo' 'ora' 'minuto' 'secondo'],['tempo' 'ora'],['O' 'B-' 'B-' 'O' 'O'],
10,1G_2,"emozione, sentimento, pensiero",,gioia,"sentimento, pensiero",10_1G_2,['emozione' 'sentimento' 'pensiero' 'gioia'],['emozione' 'gioia'],['B-' 'O' 'O' 'B-'],
2218,2F_25,"emozione, sentimento",felicità,gioia,"sentimento, felicità",2218_2F_25,['emozione' 'sentimento' 'gioia' 'felicità'],['emozione' 'gioia'],['B-' 'O' 'B-' 'O'],
2221,2F_25,"lavoro, persona, essere vivente, entità","di lettere, italiano, grammatica",insegnante,"persona, essere vivente",2221_2F_25,"['lavoro' 'persona' 'essere vivente' 'entità' 'insegnante'
 'insegnante di lettere' 'italiano' 'grammatica']","['lavoro' 'entità' 'insegnante' 'insegnante di lettere' 'italiano'
 'grammatica']",['B-' 'O' 'O' 'B-' 'B-' 'B-' 'B-' 'B-'],di lettere|||insegnante di lettere___
1097,3C_6,"cosa derivante dal subconscio, cosa astratta","felice, di un arcobaleno, colori",sogno,"di un arcobaleno, colori",1097_3C_6,"['cosa derivante dal subconscio' 'cosa astratta' 'sogno' 'felice'
 'felice di un arcobaleno' 'colori']",['cosa derivante dal subconscio' 'cosa astratta' 'sogno' 'felice'],['B-' 'B-' 'B-' 'B-' 'O' 'O'],di un arcobaleno|||felice di un arcobaleno___
359,5B_5,"nome astratto, cosa",,rabbia,cosa,359_5B_5,['nome astratto' 'cosa' 'rabbia'],['nome astratto' 'rabbia'],['B-' 'O' 'B-'],
2601,2F_18,sentimento,"desiderio, incubo",sogno,"sentimento, desiderio",2601_2F_18,['sentimento' 'sogno' 'desiderio' 'incubo'],['sogno' 'incubo'],['O' 'B-' 'O' 'B-'],
496,3B_2,"macchina, oggetto",,automobile,macchina,496_3B_2,['macchina' 'oggetto' 'automobile'],['oggetto' 'automobile'],['O' 'B-' 'B-'],
1544,5D_4,"essere umano, essere vivente, professoressa, maestra",mestiere,insegnante,"professoressa, maestra, mestiere",1544_5D_4,"['essere umano' 'essere vivente' 'professoressa' 'maestra' 'insegnante'
 'mestiere']",['essere umano' 'essere vivente' 'insegnante'],['B-' 'B-' 'O' 'O' 'B-' 'O'],
3078,5D_10,alimento,"tenerina, cheesecake",torta,cheesecake,3078_5D_10,['alimento' 'torta' 'tenerina' 'cheesecake'],['alimento' 'torta' 'tenerina'],['B-' 'B-' 'B-' 'O'],
2712,5D_8,desiderio,"incubo, sogno bello",sogno,"desiderio, sogno bello",2712_5D_8,['desiderio' 'sogno' 'incubo' 'sogno bello'],['sogno' 'incubo'],['O' 'B-' 'B-' 'O'],
3072,5B_5,cosa da mangiare,cheesecake,torta,,3072_5B_5,['cosa da mangiare' 'torta' 'cheesecake'],['cosa da mangiare' 'torta' 'cheesecake'],['B-' 'B-' 'B-'],
2245,2F_27,"mestiere, persona, mammifero, essere vivente, entità",di scienze,insegnante,"persona, mammifero, essere vivente",2245_2F_27,"['mestiere' 'persona' 'mammifero' 'essere vivente' 'entità' 'insegnante'
 'insegnante di scienze']",['mestiere' 'entità' 'insegnante' 'insegnante di scienze'],['B-' 'O' 'O' 'O' 'B-' 'B-' 'B-'],di scienze|||insegnante di scienze___
84,2F_20,"emozione, felice","amore, gentile, generosi",affetto,"felice, gentile, generosi",84_2F_20,['emozione' 'felice' 'affetto' 'amore' 'gentile' 'generosi'],['emozione' 'affetto' 'amore'],['B-' 'O' 'B-' 'B-' 'O' 'O'],
1947,1D_18,testa,pensiero,mente,"testa, pensiero",1947_1D_18,['testa' 'mente' 'pensiero'],['mente'],['O' 'B-' 'O'],
280,1G_23,"sentimento positivo, sentimento, concetto astratto",di voto,libertà,"sentimento positivo, sentimento",280_1G_23,"['sentimento positivo' 'sentimento' 'concetto astratto' 'libertà'
 'libertà di voto']",['concetto astratto' 'libertà' 'libertà di voto'],['O' 'O' 'B-' 'B-' 'B-'],di voto|||libertà di voto___
493,3B_17,"autista, lavoro, soldi, guadagno","ruote, gomma",automobile,"autista, lavoro, soldi, guadagno, ruote, gomma",493_3B_17,['autista' 'lavoro' 'soldi' 'guadagno' 'automobile' 'ruote' 'gomma'],['automobile'],['O' 'O' 'O' 'O' 'B-' 'O' 'O'],
2087,5B_1,"parte del corpo, organo","cervello, centralina di controllo, nucleo",mente,"parte del corpo, organo, cervello, centralina di controllo, nucleo",2087_5B_1,"['parte del corpo' 'organo' 'mente' 'cervello' 'centralina di controllo'
 'nucleo']",['mente'],['O' 'O' 'B-' 'O' 'O' 'O'],
2354,1G_14,emozione,furia,rabbia,,2354_1G_14,['emozione' 'rabbia' 'furia'],['emozione' 'rabbia' 'furia'],['B-' 'B-' 'B-'],
2746,1G_18,durata,secondo,tempo,,2746_1G_18,['durata' 'tempo' 'secondo'],['durata' 'tempo' 'secondo'],['B-' 'B-' 'B-'],
2956,2E_12,"dolce, cibo",cheesecake,torta,,2956_2E_12,['dolce' 'cibo' 'torta' 'cheesecake'],['dolce' 'cibo' 'torta' 'cheesecake'],['B-' 'B-' 'B-' 'B-'],
317,3C_1,"adulto, persona, essere umano","taxista, soldi, lavoro",autista,"soldi, lavoro",317_3C_1,['adulto' 'persona' 'essere umano' 'autista' 'taxista' 'soldi' 'lavoro'],['adulto' 'persona' 'essere umano' 'autista' 'taxista'],['B-' 'B-' 'B-' 'B-' 'B-' 'O' 'O'],
2932,1G_11,"alimento, cibo, oggetto, essere non vivente","torta al cioccolato, tenerina",torta,,2932_1G_11,"['alimento' 'cibo' 'oggetto' 'essere non vivente' 'torta'
 'torta al cioccolato' 'tenerina']","['alimento' 'cibo' 'oggetto' 'essere non vivente' 'torta'
 'torta al cioccolato' 'tenerina']",['B-' 'B-' 'B-' 'B-' 'B-' 'B-' 'B-'],
255,2E_24,"mammifero, persona, essere vivente","bus, auto",autista,"persona, auto",255_2E_24,['mammifero' 'persona' 'essere vivente' 'autista' 'bus' 'auto'],['mammifero' 'essere vivente' 'autista' 'bus'],['B-' 'O' 'B-' 'B-' 'B-' 'O'],
1941,2F_6,dolce,cocco,torta,,1941_2F_6,['dolce' 'torta' 'cocco'],['dolce' 'torta' 'cocco'],['B-' 'B-' 'B-'],
742,2E_9,"sentimento, emozione, stato d'animo, cosa astratta","di morire, di morire ucciso, di morire ucciso da qualcosa",paura,"emozione, stato d'animo",742_2E_9,"['sentimento' 'emozione' ""stato d'animo"" 'cosa astratta' 'paura'
 'paura di morire' 'paura di morire ucciso'
 'paura di morire ucciso da qualcosa']","['sentimento' 'cosa astratta' 'paura' 'paura di morire'
 'paura di morire ucciso' 'paura di morire ucciso da qualcosa']",['B-' 'O' 'O' 'B-' 'B-' 'B-' 'B-' 'B-'],di morire|||paura di morire___di morire ucciso|||paura di morire ucciso___di morire ucciso da qualcosa|||paura di morire ucciso da qualcosa___
2140,2F_20,lavoro,di italiano,insegnante,,2140_2F_20,['lavoro' 'insegnante' 'insegnante di italiano'],['lavoro' 'insegnante' 'insegnante di italiano'],['B-' 'B-' 'B-'],di italiano|||insegnante di italiano___
1197,1G_20,sentimento,,gioia,,1197_1G_20,['sentimento' 'gioia'],['sentimento' 'gioia'],['B-' 'B-'],
1835,5D_22,sensazione,"di scegliere, di esprimere la propria opinione, di credere in chi vuole",libertà,"di esprimere la propria opinione, di credere in chi vuole",1835_5D_22,"['sensazione' 'libertà' 'libertà di scegliere'
 'libertà di esprimere la propria opinione'
 'libertà di credere in chi vuole']",['sensazione' 'libertà' 'libertà di scegliere'],['B-' 'B-' 'B-' 'O' 'O'],di scegliere|||libertà di scegliere___di esprimere la propria opinione|||libertà di esprimere la propria opinione___di credere in chi vuole|||libertà di credere in chi vuole___
1476,3B_6,"professione, mestiere, lavoro",professore,insegnante,mestiere,1476_3B_6,['professione' 'mestiere' 'lavoro' 'insegnante' 'professore'],['professione' 'lavoro' 'insegnante' 'professore'],['B-' 'O' 'B-' 'B-' 'B-'],
2089,2F_17,"una persona, un essere vivente, entità",autista di un taxi,autista,,2089_2F_17,['una persona' 'un essere vivente' 'entità' 'autista' 'autista di un taxi'],['una persona' 'un essere vivente' 'entità' 'autista' 'autista di un taxi'],['B-' 'B-' 'B-' 'B-' 'B-'],
1384,1D_11,"emozione, stato d'animo, cosa astratta",impulsiva,rabbia,stato d'animo,1384_1D_11,"['emozione' ""stato d'animo"" 'cosa astratta' 'rabbia' 'impulsiva']",['emozione' 'cosa astratta' 'rabbia' 'impulsiva'],['B-' 'O' 'B-' 'B-' 'B-'],
2125,5D_3,furbo,"intelligenza, demenza",mente,"furbo, intelligenza, demenza",2125_5D_3,['furbo' 'mente' 'intelligenza' 'demenza'],['mente'],['O' 'B-' 'O' 'O'],
533,5B_16,"lavoro, concetto concreto ","di sostegno, alessia",insegnante,concetto concreto,533_5B_16,"['lavoro' 'concetto concreto ' 'insegnante' 'insegnante di sostegno'
 'alessia']","['lavoro' 'concetto concreto ' 'insegnante' 'insegnante di sostegno'
 'alessia']",['B-' 'B-' 'B-' 'B-' 'B-'],di sostegno|||insegnante di sostegno___
1526,5D_1,,,insegnante,,1526_5D_1,[' insegnante'],[' insegnante'],['B-'],
1678,3C_13,,,libertà,,1678_3C_13,[' libertà'],[' libertà'],['B-'],
1333,5D_10,emozione,,gioia,,1333_5D_10,['emozione' 'gioia'],['emozione' 'gioia'],['B-' 'B-'],
1166,3C_10,"dolce, alimento, cibo, sostanza, oggetto",torta alle fragole,torta,oggetto,1166_3C_10,"['dolce' 'alimento' 'cibo' 'sostanza' 'oggetto' 'torta'
 'torta alle fragole']",['dolce' 'alimento' 'cibo' 'sostanza' 'torta' 'torta alle fragole'],['B-' 'B-' 'B-' 'B-' 'O' 'B-' 'B-'],
1148,5D_19,"cosa, plastica",,giocattolo,plastica,1148_5D_19,['cosa' 'plastica' 'giocattolo'],['cosa' 'giocattolo'],['B-' 'O' 'B-'],
498,5B_14,"fenomeno naturale, cosa astratta",nevoso,tempo,cosa astratta,498_5B_14,['fenomeno naturale' 'cosa astratta' 'tempo' 'nevoso'],['fenomeno naturale' 'tempo' 'nevoso'],['B-' 'O' 'B-' 'B-'],
688,2E_6,"alimento freddo, cibo, entità ",al gelato,torta,,688_2E_6,['alimento freddo' 'cibo' 'entità ' 'torta' 'al gelato'],['alimento freddo' 'cibo' 'entità ' 'torta' 'al gelato'],['B-' 'B-' 'B-' 'B-' 'B-'],
833,2E_21,"quadrupede, mammifero, animale, essere vivente","bianco, nero, albino",cavallo,nero,833_2E_21,"['quadrupede' 'mammifero' 'animale' 'essere vivente' 'cavallo' 'bianco'
 'nero' 'albino']","['quadrupede' 'mammifero' 'animale' 'essere vivente' 'cavallo' 'bianco'
 'albino']",['B-' 'B-' 'B-' 'B-' 'B-' 'B-' 'O' 'B-'],
1514,1D_19,cosa astratta,,sogno,,1514_1D_19,['cosa astratta' 'sogno'],['cosa astratta' 'sogno'],['B-' 'B-'],
861,2F_23,"animale quadrupede, essere vivente, mammifero",pony,cavallo,mammifero,861_2F_23,['animale quadrupede' 'essere vivente' 'mammifero' 'cavallo' 'pony'],['animale quadrupede' 'essere vivente' 'cavallo' 'pony'],['B-' 'B-' 'O' 'B-' 'B-'],
615,1G_20,"mestiere, persona, mammifero, essere vivente",,badante,"persona, mammifero, essere vivente",615_1G_20,['mestiere' 'persona' 'mammifero' 'essere vivente' 'badante'],['mestiere' 'badante'],['B-' 'O' 'O' 'O' 'B-'],
1420,1D_13,"emozione, sentimento",claustrofobia ,paura,sentimento,1420_1D_13,['emozione' 'sentimento' 'paura' 'claustrofobia'],['emozione' 'paura' 'claustrofobia'],['B-' 'O' 'B-' 'B-'],
289,2F_8,"mezzo di trasporto, essere vivente, persona, mammifero","taxista, uber",autista,"mezzo di trasporto, persona, mammifero",289_2F_8,"['mezzo di trasporto' 'essere vivente' 'persona' 'mammifero' 'autista'
 'taxista' 'uber']",['essere vivente' 'autista' 'taxista' 'uber'],['O' 'B-' 'O' 'O' 'B-' 'B-' 'B-'],
1493,1D_18,"oggetto, divertimento","pupazzo, orsacchiotto",giocattolo,divertimento,1493_1D_18,['oggetto' 'divertimento' 'giocattolo' 'pupazzo' 'orsacchiotto'],['oggetto' 'giocattolo' 'pupazzo' 'orsacchiotto'],['B-' 'O' 'B-' 'B-' 'B-'],
1082,3C_5,parte del corpo,malata,mente,parte del corpo ,1082_3C_5,['parte del corpo' 'mente' 'malata'],['parte del corpo' 'mente' 'malata'],['B-' 'B-' 'B-'],
1865,5D_24,"mezzo di trasporto, elettrodomestico, tencologia, scienza",,automobile,"elettrodomestico, tencologia, scienza",1865_5D_24,"['mezzo di trasporto' 'elettrodomestico' 'tencologia' 'scienza'
 'automobile']",['mezzo di trasporto' 'automobile'],['B-' 'O' 'O' 'O' 'B-'],
1577,1D_23,"lavoro, guadagno",ortopedico,medico,guadagno,1577_1D_23,['lavoro' 'guadagno' 'medico' 'ortopedico'],['lavoro' 'medico' 'ortopedico'],['B-' 'O' 'B-' 'B-'],
403,5B_8,"lavoro, dovere, una cosa brutta",silvia ,insegnante,una cosa brutta,403_5B_8,['lavoro' 'dovere' 'una cosa brutta' 'insegnante' 'silvia'],['lavoro' 'dovere' 'insegnante' 'silvia'],['B-' 'B-' 'O' 'B-' 'B-'],
801,1G_13,"mammifero, animale, essere vivente","pony, stallone",cavallo,stallone,801_1G_13,['mammifero' 'animale' 'essere vivente' 'cavallo' 'pony' 'stallone'],['mammifero' 'animale' 'essere vivente' 'cavallo' 'pony'],['B-' 'B-' 'B-' 'B-' 'B-' 'O'],
2273,3C_15,"passatempo, hobby","gioco da tavolo, gioco dell'oca",giocattolo,"passatempo, hobby",2273_3C_15,"['passatempo' 'hobby' 'giocattolo' 'gioco da tavolo' ""gioco dell'oca""]","['giocattolo' 'gioco da tavolo' ""gioco dell'oca""]",['O' 'O' 'B-' 'B-' 'B-'],
1074,3C_5,"realtà invertita, realtà",sogno inconscio,sogno,"realtà invertita, realtà",1074_3C_5,['realtà invertita' 'realtà' 'sogno' 'sogno inconscio'],['sogno' 'sogno inconscio'],['O' 'O' 'B-' 'B-'],
2284,5B_12,"sentimento, emozione",,paura,emozione,2284_5B_12,['sentimento' 'emozione' 'paura'],['sentimento' 'paura'],['B-' 'O' 'B-'],
1444,2F_24,,"prof, Di Lallo",insegnante,,1444_2F_24,[' insegnante' 'prof' 'Di Lallo'],[' insegnante' 'prof' 'Di Lallo'],['B-' 'B-' 'B-'],
2175,2F_23,"mestiere, impiego, lavoro, dovere","di scuola, di matematica",insegnante,"lavoro, dovere",2175_2F_23,"['mestiere' 'impiego' 'lavoro' 'dovere' 'insegnante'
 'insegnante di scuola' 'insegnante di matematica']","['mestiere' 'impiego' 'insegnante' 'insegnante di scuola'
 'insegnante di matematica']",['B-' 'B-' 'O' 'O' 'B-' 'B-' 'B-'],di scuola|||insegnante di scuola___di matematica|||insegnante di matematica___
2290,5B_18,"emozione, sentimento, cosa astratta",incubi,paura,"sentimento, incubi",2290_5B_18,['emozione' 'sentimento' 'cosa astratta' 'paura' 'incubi'],['emozione' 'cosa astratta' 'paura'],['B-' 'O' 'B-' 'B-' 'O'],
966,2E_23,"alimento caldo o freddo, cibo, dolce, alimento, nutrimento","semifreddo, cheesecake, ai frutti di bosco",torta,dolce ,966_2E_23,"['alimento caldo o freddo' 'cibo' 'dolce' 'alimento' 'nutrimento' 'torta'
 'semifreddo' 'cheesecake' 'cheesecake ai frutti di bosco']","['alimento caldo o freddo' 'cibo' 'dolce' 'alimento' 'nutrimento' 'torta'
 'semifreddo' 'cheesecake' 'cheesecake ai frutti di bosco']",['B-' 'B-' 'B-' 'B-' 'B-' 'B-' 'B-' 'B-' 'B-'],ai frutti di bosco|||cheesecake ai frutti di bosco___
1402,1D_12,"sentimento, emozione, mente, parte del cervello, parte del corpo, entità",abbraccio,affetto,"emozione, mente, parte del cervello, parte del corpo, abbraccio",1402_1D_12,"['sentimento' 'emozione' 'mente' 'parte del cervello' 'parte del corpo'
 'entità' 'affetto' 'abbraccio']",['sentimento' 'entità' 'affetto'],['B-' 'O' 'O' 'O' 'O' 'B-' 'B-' 'O'],
2309,5D_16,"emozione, sentimento",solitudine,paura,sentimento,2309_5D_16,['emozione' 'sentimento' 'paura' 'solitudine'],['emozione' 'paura' 'solitudine'],['B-' 'O' 'B-' 'B-'],
685,3B_16,"lavoratore, umano, regno animale, bipede, pluricellulare, essere vivente",babysitter,badante,"regno animale, babysitter",685_3B_16,"['lavoratore' 'umano' 'regno animale' 'bipede' 'pluricellulare'
 'essere vivente' 'badante' 'babysitter']",['lavoratore' 'umano' 'bipede' 'pluricellulare' 'essere vivente' 'badante'],['B-' 'B-' 'O' 'B-' 'B-' 'B-' 'B-' 'O'],
1263,1D_4,"dolce, cibo, alimento",al mascarpone,torta,,1263_1D_4,['dolce' 'cibo' 'alimento' 'torta' 'al mascarpone'],['dolce' 'cibo' 'alimento' 'torta' 'al mascarpone'],['B-' 'B-' 'B-' 'B-' 'B-'],
1644,5D_6,"ruolo, entità",silvia,insegnante,,1644_5D_6,['ruolo' 'entità' 'insegnante' 'silvia'],['ruolo' 'entità' 'insegnante' 'silvia'],['B-' 'B-' 'B-' 'B-'],
739,2E_9,"occupazione, lavoro, persona, essere vivente, entità","medicina interna, medicina interna sui tumori, medicia interna sui tumori al cervello",medico,"lavoro, persona, essere vivente",739_2E_9,"['occupazione' 'lavoro' 'persona' 'essere vivente' 'entità' 'medico'
 'medicina interna' 'medicina interna sui tumori'
 'medicia interna sui tumori al cervello']","['occupazione' 'entità' 'medico' 'medicina interna'
 'medicina interna sui tumori' 'medicia interna sui tumori al cervello']",['B-' 'O' 'O' 'O' 'B-' 'B-' 'B-' 'B-' 'B-'],
1023,2E_18,"passatempo, strumento, oggetto","componibile, pezzi, lego",giocattolo,"passatempo, strumento, pezzi",1023_2E_18,"['passatempo' 'strumento' 'oggetto' 'giocattolo' 'componibile' 'pezzi'
 'lego']",['oggetto' 'giocattolo' 'componibile' 'lego'],['O' 'O' 'B-' 'B-' 'B-' 'O' 'B-'],
877,3B_14,"mammifero, animale, essere vivente, quadrupede, pluricellulare",pony,cavallo,"quadrupede, pluricellulare",877_3B_14,"['mammifero' 'animale' 'essere vivente' 'quadrupede' 'pluricellulare'
 'cavallo' 'pony']",['mammifero' 'animale' 'essere vivente' 'cavallo' 'pony'],['B-' 'B-' 'B-' 'O' 'O' 'B-' 'B-'],
703,2E_7,"insegnamento, lavoro","insegnante di motoria, ginnastica, attività",insegnante,"insegnamento, attività",703_2E_7,"['insegnamento' 'lavoro' 'insegnante' 'insegnante di motoria' 'ginnastica'
 'attività']",['lavoro' 'insegnante' 'insegnante di motoria' 'ginnastica'],['O' 'B-' 'B-' 'B-' 'B-' 'O'],
2008,2F_11,"vita parallela, cosa astratta",incubo,sogno,vita parallela,2008_2F_11,['vita parallela' 'cosa astratta' 'sogno' 'incubo'],['cosa astratta' 'sogno' 'incubo'],['O' 'B-' 'B-' 'B-'],
2231,2F_26,"immaginazione, pensiero, perdersi, pensare",vita astratta,sogno,"perdersi, pensare, vita astratta",2231_2F_26,['immaginazione' 'pensiero' 'perdersi' 'pensare' 'sogno' 'vita astratta'],['immaginazione' 'pensiero' 'sogno'],['B-' 'B-' 'O' 'O' 'B-' 'O'],
167,5B_7,"amore, emozione, sentimento, modo di sentirsi",abbraccio,affetto,"amore, sentimento, abbraccio",167_5B_7,['amore' 'emozione' 'sentimento' 'modo di sentirsi' 'affetto' 'abbraccio'],['emozione' 'modo di sentirsi' 'affetto'],['O' 'B-' 'O' 'B-' 'B-' 'O'],
1118,3C_7,"mestiere, lavoro",camice bianco,medico,camice bianco,1118_3C_7,['mestiere' 'lavoro' 'medico' 'camice bianco'],['mestiere' 'lavoro' 'medico'],['B-' 'B-' 'B-' 'O'],
1486,3C_15,"professione, lavoro, compito",di italiano,insegnante,compito,1486_3C_15,['professione' 'lavoro' 'compito' 'insegnante' 'insegnante di italiano'],['professione' 'lavoro' 'insegnante' 'insegnante di italiano'],['B-' 'B-' 'O' 'B-' 'B-'],di italiano|||insegnante di italiano___
1745,1D_10,mestiere,"medicina, cura",medico,"medicina, cura",1745_1D_10,['mestiere' 'medico' 'medicina' 'cura'],['mestiere' 'medico'],['B-' 'B-' 'O' 'O'],
2280,3C_15,"emozione, sentimento",rabbia per gioco,rabbia,"sentimento, rabbia per gioco",2280_3C_15,['emozione' 'sentimento' 'rabbia' 'rabbia per gioco'],['emozione' 'rabbia'],['B-' 'O' 'B-' 'O'],
1653,3B_14,sensazione,"di parola, di voto, gli umani",libertà,"di voto, gli umani",1653_3B_14,['sensazione' 'libertà' 'libertà di parola' 'libertà di voto' 'gli umani'],['sensazione' 'libertà' 'libertà di parola'],['B-' 'B-' 'B-' 'O' 'O'],di parola|||libertà di parola___di voto|||libertà di voto___
1708,5D_12,"dolce, cibo, cosa commestibile","alla panna, alla panna cotta",torta,,1708_5D_12,"['dolce' 'cibo' 'cosa commestibile' 'torta' 'torta alla panna'
 'torta alla panna cotta']","['dolce' 'cibo' 'cosa commestibile' 'torta' 'torta alla panna'
 'torta alla panna cotta']",['B-' 'B-' 'B-' 'B-' 'B-' 'B-'],alla panna|||torta alla panna___alla panna cotta|||torta alla panna cotta___
903,2E_19,"oggetto, passatempo","bambola, ragazza, barbie",giocattolo,passatempo,903_2E_19,['oggetto' 'passatempo' 'giocattolo' 'bambola' 'ragazza' 'barbie'],['oggetto' 'giocattolo' 'bambola' 'ragazza' 'barbie'],['B-' 'O' 'B-' 'B-' 'B-' 'B-'],
905,2E_19,"emozione, sensazione","dei ragni, aracnofobia",paura,aracnofobia,905_2E_19,['emozione' 'sensazione' 'paura' 'dei ragni' 'aracnofobia'],['emozione' 'sensazione' 'paura' 'dei ragni'],['B-' 'B-' 'B-' 'B-' 'O'],
499,3B_22,mezzo di trasporto,ferrari,automobile,,499_3B_22,['mezzo di trasporto' 'automobile' 'ferrari'],['mezzo di trasporto' 'automobile' 'ferrari'],['B-' 'B-' 'B-'],
956,5D_20,"mammifero, animale, essere vivente",cavallo di Troia,cavallo,cavallo di Troia,956_5D_20,['mammifero' 'animale' 'essere vivente' 'cavallo' 'cavallo di Troia'],['mammifero' 'animale' 'essere vivente' 'cavallo'],['B-' 'B-' 'B-' 'B-' 'O'],
257,2E_26,"lavoro, persona","automobile, autobus",autista,"persona, autobus",257_2E_26,['lavoro' 'persona' 'autista' 'automobile' 'autobus'],['lavoro' 'autista' 'automobile'],['B-' 'O' 'B-' 'B-' 'O'],
1303,3C_25,emozione,,gioia,,1303_3C_25,['emozione' 'gioia'],['emozione' 'gioia'],['B-' 'B-'],
643,2E_3,laureato,"geografia, chiara tonelli",insegnante,,643_2E_3,['laureato' 'insegnante' 'geografia' 'chiara tonelli'],['laureato' 'insegnante' 'geografia' 'chiara tonelli'],['B-' 'B-' 'B-' 'B-'],
1827,5D_22,sentimento,"di morire, di cadere, di essere lasciati",paura,"di cadere, di essere lasciati",1827_5D_22,"['sentimento' 'paura' 'paura di morire' 'paura di cadere'
 'paura di essere lasciati']",['sentimento' 'paura' 'paura di morire'],['B-' 'B-' 'B-' 'O' 'O'],di morire|||paura di morire___di cadere|||paura di cadere___di essere lasciati|||paura di essere lasciati___
1634,2F_20,,"ricreazione, sport",libertà,"ricreazione, sport",1634_2F_20,[' libertà' 'ricreazione' 'sport'],[' libertà'],['B-' 'O' 'O'],
2263,3C_14,"mestiere, lavoro",babysitter,badante,babysitter,2263_3C_14,['mestiere' 'lavoro' 'badante' 'babysitter'],['mestiere' 'lavoro' 'badante'],['B-' 'B-' 'B-' 'O'],
2094,5B_16,,,mente,,2094_5B_16,[' mente'],[' mente'],['B-'],
626,2E_1,"cura, aiuta, bada","persona, babysitter",badante,"cura, aiuta, bada, persona, babysitter",626_2E_1,['cura' 'aiuta' 'bada' 'badante' 'persona' 'babysitter'],['badante'],['O' 'O' 'O' 'B-' 'O' 'O'],
582,1D_11,"persona, badare, aiutare","anziani, casa di riposo",badante,"badare, aiutare",582_1D_11,['persona' 'badare' 'aiutare' 'badante' 'anziani' 'casa di riposo'],['persona' 'badante' 'anziani' 'casa di riposo'],['B-' 'O' 'O' 'B-' 'B-' 'B-'],
1701,5B_11,diritto,,libertà,,1701_5B_11,['diritto' 'libertà'],['diritto' 'libertà'],['B-' 'B-'],
1542,1D_21,"persona, essere vivente, pluricellulare, entità",nel tempo libero,badante,"pluricellulare, nel tempo libero",1542_1D_21,"['persona' 'essere vivente' 'pluricellulare' 'entità' 'badante'
 'nel tempo libero']",['persona' 'essere vivente' 'entità' 'badante'],['B-' 'B-' 'O' 'B-' 'B-' 'O'],
972,2E_23,"dono, privilegio, offerta, cosa astratta, entità","di essere liberi, nel mondo, in italia",libertà,"dono, privilegio, offerta, di essere liberi, nel mondo, in italia",972_2E_23,"['dono' 'privilegio' 'offerta' 'cosa astratta' 'entità' 'libertà'
 'libertà di essere liberi' 'nel mondo' 'nel mondo in italia']",['cosa astratta' 'entità' 'libertà'],['O' 'O' 'O' 'B-' 'B-' 'B-' 'O' 'O' 'O'],di essere liberi|||libertà di essere liberi___in italia|||nel mondo in italia___
462,2F_12,"carrozzeria, tecnologia, veicolo, oggetto","ferrari, porche, elettrica",automobile,"carrozzeria, tecnologia, porche",462_2F_12,"['carrozzeria' 'tecnologia' 'veicolo' 'oggetto' 'automobile' 'ferrari'
 'porche' 'elettrica']",['veicolo' 'oggetto' 'automobile' 'ferrari' 'elettrica'],['O' 'O' 'B-' 'B-' 'B-' 'B-' 'O' 'B-'],
1640,5D_6,cibo,torta al cioccolato,torta,,1640_5D_6,['cibo' 'torta' 'torta al cioccolato'],['cibo' 'torta' 'torta al cioccolato'],['B-' 'B-' 'B-'],
1853,3B_2,"curatore, persona",,medico,curatore,1853_3B_2,['curatore' 'persona' 'medico'],['persona' 'medico'],['O' 'B-' 'B-'],
577,5B_19,"cosa, entità","orsacchiotto, teddy",giocattolo,,577_5B_19,['cosa' 'entità' 'giocattolo' 'orsacchiotto' 'teddy'],['cosa' 'entità' 'giocattolo' 'orsacchiotto' 'teddy'],['B-' 'B-' 'B-' 'B-' 'B-'],
1411,1D_13,"unità di misura, cosa astratta","minuti, ore, secondi",tempo,"ore, secondi",1411_1D_13,['unità di misura' 'cosa astratta' 'tempo' 'minuti' 'ore' 'secondi'],['unità di misura' 'cosa astratta' 'tempo' 'minuti'],['B-' 'B-' 'B-' 'B-' 'O' 'O'],
1613,2E_25,"aprimento, sensazione, emozione",corsa nei campi,libertà,"aprimento, emozione, corsa nei campi",1613_2E_25,['aprimento' 'sensazione' 'emozione' 'libertà' 'corsa nei campi'],['sensazione' 'libertà'],['O' 'B-' 'O' 'B-' 'O'],
2374,2E_11,"sentimento, cosa, colore","emozione, persona, di vincere",rabbia,"cosa, colore, emozione, persona, di vincere",2374_2E_11,"['sentimento' 'cosa' 'colore' 'rabbia' 'emozione' 'persona'
 'persona di vincere']",['sentimento' 'rabbia'],['B-' 'O' 'O' 'B-' 'O' 'O' 'O'],di vincere|||persona di vincere___
2323,3C_18,"mestiere, occupazione, modo per guadagno",pediatra,medico,modo per guadagno,2323_3C_18,['mestiere' 'occupazione' 'modo per guadagno' 'medico' 'pediatra'],['mestiere' 'occupazione' 'medico' 'pediatra'],['B-' 'B-' 'O' 'B-' 'B-'],
539,5B_16,"mezzo di trasporto, cosa, concetto astratto",ferrari,automobile,concetto astratto,539_5B_16,['mezzo di trasporto' 'cosa' 'concetto astratto' 'automobile' 'ferrari'],['mezzo di trasporto' 'cosa' 'automobile' 'ferrari'],['B-' 'B-' 'O' 'B-' 'B-'],
928,5B_14,"mammifero, essere vivente",,cavallo,,928_5B_14,['mammifero' 'essere vivente' 'cavallo'],['mammifero' 'essere vivente' 'cavallo'],['B-' 'B-' 'B-'],
2724,1D_19,"giorno, ora, minuto",orologio,tempo,"giorno, ora, minuto, orologio",2724_1D_19,['giorno' 'ora' 'minuto' 'tempo' 'orologio'],['tempo'],['O' 'O' 'O' 'B-' 'O'],
688,3B_19,persona,,badante,,688_3B_19,['persona' 'badante'],['persona' 'badante'],['B-' 'B-'],
1781,5D_17,"oggetto, essere non vivente","elettronico, macchina",giocattolo,macchina,1781_5D_17,['oggetto' 'essere non vivente' 'giocattolo' 'elettronico' 'macchina'],['oggetto' 'essere non vivente' 'giocattolo' 'elettronico'],['B-' 'B-' 'B-' 'B-' 'O'],
332,3C_23,"persona, essere vivente","camion, macchina",autista,macchina,332_3C_23,['persona' 'essere vivente' 'autista' 'camion' 'macchina'],['persona' 'essere vivente' 'autista' 'camion'],['B-' 'B-' 'B-' 'B-' 'O'],
185,5D_23,sentimento,"amore, vittoria s., martina, giorgia s. ",affetto,"martina, giorgia s. ",185_5D_23,['sentimento' 'affetto' 'amore' 'vittoria s.' 'martina' 'giorgia s.'],['sentimento' 'affetto' 'amore' 'vittoria s.' 'giorgia s.'],['B-' 'B-' 'B-' 'B-' 'O' 'B-'],
2372,3C_21,"animale, mammifero, vertebrato, essere vivente",cavallo bianco,cavallo,mammifero,2372_3C_21,"['animale' 'mammifero' 'vertebrato' 'essere vivente' 'cavallo'
 'cavallo bianco']",['animale' 'vertebrato' 'essere vivente' 'cavallo' 'cavallo bianco'],['B-' 'O' 'B-' 'B-' 'B-' 'B-'],
2775,2E_23,misuratore,"secondo, minuto, ora",tempo,"minuto, ora",2775_2E_23,['misuratore' 'tempo' 'secondo' 'minuto' 'ora'],['misuratore' 'tempo' 'secondo'],['B-' 'B-' 'B-' 'O' 'O'],
1954,1D_3,"muscolo, involontario",,mente,"muscolo, involontario",1954_1D_3,['muscolo' 'involontario' 'mente'],['mente'],['O' 'O' 'B-'],
944,2E_22,"lavoro, attività","arte, matematica, scienze",insegnante,"matematica, scienze",944_2E_22,['lavoro' 'attività' 'insegnante' 'arte' 'matematica' 'scienze'],['lavoro' 'attività' 'insegnante' 'arte'],['B-' 'B-' 'B-' 'B-' 'O' 'O'],
1052,2F_20,"gioco, divertimento, oggetto","macchinina, bambola, trenino",giocattolo,"divertimento, bambola, trenino",1052_2F_20,"['gioco' 'divertimento' 'oggetto' 'giocattolo' 'macchinina' 'bambola'
 'trenino']",['gioco' 'oggetto' 'giocattolo' 'macchinina'],['B-' 'O' 'B-' 'B-' 'B-' 'O' 'O'],
1882,3C_22,"dottore, aiutante",dentista,medico,"dottore, aiutante",1882_3C_22,['dottore' 'aiutante' 'medico' 'dentista'],['medico' 'dentista'],['O' 'O' 'B-' 'B-'],
585,5B_19,concetto astratto,amore,affetto,,585_5B_19,['concetto astratto' 'affetto' 'amore'],['concetto astratto' 'affetto' 'amore'],['B-' 'B-' 'B-'],
267,2F_11,lavoro,"autista di taxi, autista di taxi in centro a new york",autista,,267_2F_11,"['lavoro' 'autista' 'autista di taxi'
 'autista di taxi in centro a new york']","['lavoro' 'autista' 'autista di taxi'
 'autista di taxi in centro a new york']",['B-' 'B-' 'B-' 'B-'],
1497,1D_18,"emozione, stato d'animo",claustrofobia ,paura,stato d'animo,1497_1D_18,"['emozione' ""stato d'animo"" 'paura' 'claustrofobia']",['emozione' 'paura' 'claustrofobia'],['B-' 'O' 'B-' 'B-'],
2289,3C_16,"veicolo, mezzo di trasporto, costruzione","ferrari, ferrari gialla",automobile,costruzione,2289_3C_16,"['veicolo' 'mezzo di trasporto' 'costruzione' 'automobile' 'ferrari'
 'ferrari gialla']",['veicolo' 'mezzo di trasporto' 'automobile' 'ferrari' 'ferrari gialla'],['B-' 'B-' 'O' 'B-' 'B-' 'B-'],
1324,5B_20,emozione,euforia,gioia,,1324_5B_20,['emozione' 'gioia' 'euforia'],['emozione' 'gioia' 'euforia'],['B-' 'B-' 'B-'],
196,1G_18,"mammifero, animale, essere vivente, entità","frisone, frisone nero",cavallo,,196_1G_18,"['mammifero' 'animale' 'essere vivente' 'entità' 'cavallo' 'frisone'
 'frisone nero']","['mammifero' 'animale' 'essere vivente' 'entità' 'cavallo' 'frisone'
 'frisone nero']",['B-' 'B-' 'B-' 'B-' 'B-' 'B-' 'B-'],
696,3B_26,"mestiere, lavoro","persona, essere umano",badante,"persona, essere umano",696_3B_26,['mestiere' 'lavoro' 'badante' 'persona' 'essere umano'],['mestiere' 'lavoro' 'badante'],['B-' 'B-' 'B-' 'O' 'O'],
1480,1D_17,"emozione, astrattezza, entità",claustrofobia ,paura,,1480_1D_17,['emozione' 'astrattezza' 'entità' 'paura' 'claustrofobia'],['emozione' 'astrattezza' 'entità' 'paura' 'claustrofobia'],['B-' 'B-' 'B-' 'B-' 'B-'],
238,1G_9,persona,"taxi, macchina, benzina",autista,"macchina, benzina",238_1G_9,['persona' 'autista' 'taxi' 'macchina' 'benzina'],['persona' 'autista' 'taxi'],['B-' 'B-' 'B-' 'O' 'O'],
971,2E_23,"mammifero, animale, erbivoro, eucariote, mammifer, essere vivente","rosso, bianco, a macchie",cavallo,"mammifer, bianco, a macchie",971_2E_23,"['mammifero' 'animale' 'erbivoro' 'eucariote' 'mammifer' 'essere vivente'
 'cavallo' 'rosso' 'bianco' 'bianco a macchie']","['mammifero' 'animale' 'erbivoro' 'eucariote' 'essere vivente' 'cavallo'
 'rosso']",['B-' 'B-' 'B-' 'B-' 'O' 'B-' 'B-' 'B-' 'O' 'O'],a macchie|||bianco a macchie___
652,2E_3,"misura universale, misura, grandezza","giorni, ore, minuti, secondi",tempo,"grandezza, ore, minuti, secondi",652_2E_3,"['misura universale' 'misura' 'grandezza' 'tempo' 'giorni' 'ore' 'minuti'
 'secondi']",['misura universale' 'misura' 'tempo' 'giorni'],['B-' 'B-' 'O' 'B-' 'B-' 'O' 'O' 'O'],
1637,2F_23,sensazione,statua,libertà,statua,1637_2F_23,['sensazione' 'libertà' 'statua'],['sensazione' 'libertà'],['B-' 'B-' 'O'],
2017,2F_16,,"cervello, persone",mente,"cervello, persone",2017_2F_16,[' mente' 'cervello' 'persone'],[' mente'],['B-' 'O' 'O'],
1845,5D_23,oggetto,"bambola, bambola neborn",giocattolo,,1845_5D_23,['oggetto' 'giocattolo' 'bambola' 'bambola neborn'],['oggetto' 'giocattolo' 'bambola' 'bambola neborn'],['B-' 'B-' 'B-' 'B-'],
1432,2F_13,"lavoro, professione",,insegnante,professione,1432_2F_13,['lavoro' 'professione' 'insegnante'],['lavoro' 'insegnante'],['B-' 'O' 'B-'],
2743,1G_15,,orologio,tempo,orologio,2743_1G_15,[' tempo' 'orologio'],[' tempo'],['B-' 'O'],
2970,2E_25,"dolce, cibo","torta al cioccolato, torta alla vaniglia, torta alle fragole",torta,"torta alla vaniglia, torta alle fragole",2970_2E_25,"['dolce' 'cibo' 'torta' 'torta al cioccolato' 'torta alla vaniglia'
 'torta alle fragole']",['dolce' 'cibo' 'torta' 'torta al cioccolato'],['B-' 'B-' 'B-' 'B-' 'O' 'O'],
3052,3C_6,"dolce, cibo, nutrimento, alimento","crostata, tenerina, cheesecake",torta,"alimento, tenerina, cheesecake",3052_3C_6,"['dolce' 'cibo' 'nutrimento' 'alimento' 'torta' 'crostata' 'tenerina'
 'cheesecake']",['dolce' 'cibo' 'nutrimento' 'torta' 'crostata'],['B-' 'B-' 'B-' 'O' 'B-' 'B-' 'O' 'O'],
1119,5B_11,oggetto,peluche,giocattolo,,1119_5B_11,['oggetto' 'giocattolo' 'peluche'],['oggetto' 'giocattolo' 'peluche'],['B-' 'B-' 'B-'],
1642,5D_6,entità,,gioia,,1642_5D_6,['entità' 'gioia'],['entità' 'gioia'],['B-' 'B-'],
2480,5B_14,"emozione, sentimento",,rabbia,sentimento,2480_5B_14,['emozione' 'sentimento' 'rabbia'],['emozione' 'rabbia'],['B-' 'O' 'B-'],
274,1G_23,oggetto,"macchinina, hot weels",giocattolo,,274_1G_23,['oggetto' 'giocattolo' 'macchinina' 'hot weels'],['oggetto' 'giocattolo' 'macchinina' 'hot weels'],['B-' 'B-' 'B-' 'B-'],
2863,5B_10,momento,,tempo,momento,2863_5B_10,['momento' 'tempo'],['tempo'],['O' 'B-'],
2179,2E_10,emozione,ansia,paura,ansia,2179_2E_10,['emozione' 'paura' 'ansia'],['emozione' 'paura'],['B-' 'B-' 'O'],
1251,1D_3,"atteggiamento, azione",amore,affetto,"atteggiamento, azione",1251_1D_3,['atteggiamento' 'azione' 'affetto' 'amore'],['affetto' 'amore'],['O' 'O' 'B-' 'B-'],
1831,2F_23,lavoro,pediatra,medico,,1831_2F_23,['lavoro' 'medico' 'pediatra'],['lavoro' 'medico' 'pediatra'],['B-' 'B-' 'B-'],
1973,1G_20,pensiero,,mente,pensiero,1973_1G_20,['pensiero' 'mente'],['mente'],['O' 'B-'],
419,5B_9,"emozione, sensazione, cosa astratta ","crisi, crisi isterica",rabbia,"crisi, crisi isterica",419_5B_9,"['emozione' 'sensazione' 'cosa astratta ' 'rabbia' 'crisi'
 'crisi isterica']",['emozione' 'sensazione' 'cosa astratta ' 'rabbia'],['B-' 'B-' 'B-' 'B-' 'O' 'O'],
2509,5D_21,emozione,furia,rabbia,,2509_5D_21,['emozione' 'rabbia' 'furia'],['emozione' 'rabbia' 'furia'],['B-' 'B-' 'B-'],
273,1G_23,"lavoro, persona, organismo pluricellulare","di matematica, di artimetica",insegnante,"persona, organismo pluricellulare",273_1G_23,"['lavoro' 'persona' 'organismo pluricellulare' 'insegnante'
 'insegnante di matematica' 'insegnante di artimetica']","['lavoro' 'insegnante' 'insegnante di matematica'
 'insegnante di artimetica']",['B-' 'O' 'O' 'B-' 'B-' 'B-'],di matematica|||insegnante di matematica___di artimetica|||insegnante di artimetica___
0,1G_2,"mestiere, lavoro, dovere, entità",autista del taxi,autista,,0_1G_2,['mestiere' 'lavoro' 'dovere' 'entità' 'autista' 'autista del taxi'],['mestiere' 'lavoro' 'dovere' 'entità' 'autista' 'autista del taxi'],['B-' 'B-' 'B-' 'B-' 'B-' 'B-'],
1456,3B_11,"lavoratore, lavoro",materia scolastica,insegnante,lavoro,1456_3B_11,['lavoratore' 'lavoro' 'insegnante' 'materia scolastica'],['lavoratore' 'insegnante' 'materia scolastica'],['B-' 'O' 'B-' 'B-'],
1691,5D_11,"mestiere, entità",di italiano,insegnante,,1691_5D_11,['mestiere' 'entità' 'insegnante' 'insegnante di italiano'],['mestiere' 'entità' 'insegnante' 'insegnante di italiano'],['B-' 'B-' 'B-' 'B-'],di italiano|||insegnante di italiano___
2367,3C_21,"emozione, cosa",furia,rabbia,cosa,2367_3C_21,['emozione' 'cosa' 'rabbia' 'furia'],['emozione' 'rabbia' 'furia'],['B-' 'O' 'B-' 'B-'],
1784,1G_4,"persona, mammifero, animale, essere vivente",paramedico,medico,,1784_1G_4,['persona' 'mammifero' 'animale' 'essere vivente' 'medico' 'paramedico'],['persona' 'mammifero' 'animale' 'essere vivente' 'medico' 'paramedico'],['B-' 'B-' 'B-' 'B-' 'B-' 'B-'],
944,5D_1,"mammifero, animale, essere vivente",pony,cavallo,,944_5D_1,['mammifero' 'animale' 'essere vivente' 'cavallo' 'pony'],['mammifero' 'animale' 'essere vivente' 'cavallo' 'pony'],['B-' 'B-' 'B-' 'B-' 'B-'],
2769,2E_18,grandezza,"unità di misura, minuto",tempo,unità di misura,2769_2E_18,['grandezza' 'tempo' 'unità di misura' 'minuto'],['grandezza' 'tempo' 'minuto'],['B-' 'B-' 'O' 'B-'],
1347,5D_23,sentimento,"di volere bene, di amare",gioia,di amare,1347_5D_23,['sentimento' 'gioia' 'gioia di volere bene' 'gioia di amare'],['sentimento' 'gioia' 'gioia di volere bene'],['B-' 'B-' 'B-' 'O'],di volere bene|||gioia di volere bene___di amare|||gioia di amare___
2331,3C_18,"mestiere, professione, occupazione",d'autobus,autista,professione,2331_3C_18,"['mestiere' 'professione' 'occupazione' 'autista' ""d'autobus""]","['mestiere' 'occupazione' 'autista' ""d'autobus""]",['B-' 'O' 'B-' 'B-' 'B-'],
486,5B_13,"animale, erbivoro",pony,cavallo,,486_5B_13,['animale' 'erbivoro' 'cavallo' 'pony'],['animale' 'erbivoro' 'cavallo' 'pony'],['B-' 'B-' 'B-' 'B-'],
501,3B_24,"veicolo, oggetto",,automobile,,501_3B_24,['veicolo' 'oggetto' 'automobile'],['veicolo' 'oggetto' 'automobile'],['B-' 'B-' 'B-'],
428,1G_5,"veicolo, oggetto","ferrari, fiat, mclaren",automobile,"fiat, mclaren",428_1G_5,['veicolo' 'oggetto' 'automobile' 'ferrari' 'fiat' 'mclaren'],['veicolo' 'oggetto' 'automobile' 'ferrari'],['B-' 'B-' 'B-' 'B-' 'O' 'O'],
552,5B_17,"lavoro, dovere",silvia,insegnante,,552_5B_17,['lavoro' 'dovere' 'insegnante' 'silvia'],['lavoro' 'dovere' 'insegnante' 'silvia'],['B-' 'B-' 'B-' 'B-'],
3009,3B_13,"mele, albero, newton",dolce,torta,"mele, albero, newton, dolce",3009_3B_13,['mele' 'albero' 'newton' 'torta' 'dolce'],['torta'],['O' 'O' 'O' 'B-' 'O'],
165,1G_13,"emozione, cosa astratta, sensazione",per un evento,gioia,sensazione,165_1G_13,['emozione' 'cosa astratta' 'sensazione' 'gioia' 'gioia per un evento'],['emozione' 'cosa astratta' 'gioia' 'gioia per un evento'],['B-' 'B-' 'O' 'B-' 'B-'],per un evento|||gioia per un evento___
519,3C_17,"macchina, mezzo di trasporto","toyota, panda",automobile,"macchina, panda",519_3C_17,['macchina' 'mezzo di trasporto' 'automobile' 'toyota' 'panda'],['mezzo di trasporto' 'automobile' 'toyota'],['O' 'B-' 'B-' 'B-' 'O'],
991,2E_25,"mammifero, animale, essere vivente, entità","pony, marrone",cavallo,,991_2E_25,"['mammifero' 'animale' 'essere vivente' 'entità' 'cavallo' 'pony'
 'marrone']","['mammifero' 'animale' 'essere vivente' 'entità' 'cavallo' 'pony'
 'marrone']",['B-' 'B-' 'B-' 'B-' 'B-' 'B-' 'B-'],
1616,5D_5,"persona, essere vivente, organismo","di storia, racconto",insegnante,"organismo, racconto",1616_5D_5,"['persona' 'essere vivente' 'organismo' 'insegnante'
 'insegnante di storia' 'racconto']",['persona' 'essere vivente' 'insegnante' 'insegnante di storia'],['B-' 'B-' 'O' 'B-' 'B-' 'O'],di storia|||insegnante di storia___
970,2E_23,"mestiere, professione, persona, essere umano","pediatra, ortopedico, oculista",medico,"professione, persona, essere umano, ortopedico, oculista",970_2E_23,"['mestiere' 'professione' 'persona' 'essere umano' 'medico' 'pediatra'
 'ortopedico' 'oculista']",['mestiere' 'medico' 'pediatra'],['B-' 'O' 'O' 'O' 'B-' 'B-' 'O' 'O'],
1363,1D_16,professione,"di matematica, di geometria",insegnante,di geometria,1363_1D_16,"['professione' 'insegnante' 'insegnante di matematica'
 'insegnante di geometria']",['professione' 'insegnante' 'insegnante di matematica'],['B-' 'B-' 'B-' 'O'],di matematica|||insegnante di matematica___di geometria|||insegnante di geometria___
841,2E_15,"emozione benevola, emozione",felicità forte,gioia,,841_2E_15,['emozione benevola' 'emozione' 'gioia' 'felicità forte'],['emozione benevola' 'emozione' 'gioia' 'felicità forte'],['B-' 'B-' 'B-' 'B-'],
1128,5B_2,,,giocattolo,,1128_5B_2,[' giocattolo'],[' giocattolo'],['B-'],
2324,5D_8,emozione,"buio, mostri, morte",paura,"mostri, morte",2324_5D_8,['emozione' 'paura' 'buio' 'mostri' 'morte'],['emozione' 'paura' 'buio'],['B-' 'B-' 'B-' 'O' 'O'],
1652,3B_13,vivere,diritto,libertà,"vivere, diritto",1652_3B_13,['vivere' 'libertà' 'diritto'],['libertà'],['O' 'B-' 'O'],
1206,3C_13,"oggetto, avere","orsetto, peluche",giocattolo,avere,1206_3C_13,['oggetto' 'avere' 'giocattolo' 'orsetto' 'peluche'],['oggetto' 'giocattolo' 'orsetto' 'peluche'],['B-' 'O' 'B-' 'B-' 'B-'],
976,1D_17,,gioco dell'oca,giocattolo,,976_1D_17,"[' giocattolo' ""gioco dell'oca""]","[' giocattolo' ""gioco dell'oca""]",['B-' 'B-'],
273,2F_17,persona,persona che guida,autista,persona che guida,273_2F_17,['persona' 'autista' 'persona che guida'],['persona' 'autista'],['B-' 'B-' 'O'],
2415,3C_24,"persona, essere vivente",curante,medico,,2415_3C_24,['persona' 'essere vivente' 'medico' 'curante'],['persona' 'essere vivente' 'medico' 'curante'],['B-' 'B-' 'B-' 'B-'],
2120,2F_19,sentimento,,rabbia,,2120_2F_19,['sentimento' 'rabbia'],['sentimento' 'rabbia'],['B-' 'B-'],
1155,3C_10,"persona, essere umano, essere vivente",insegnante di mate,insegnante,,1155_3C_10,"['persona' 'essere umano' 'essere vivente' 'insegnante'
 'insegnante di mate']","['persona' 'essere umano' 'essere vivente' 'insegnante'
 'insegnante di mate']",['B-' 'B-' 'B-' 'B-' 'B-'],
1060,2F_4,"passatempo, oggetto","lego, lego tecnic",giocattolo,passatempo,1060_2F_4,['passatempo' 'oggetto' 'giocattolo' 'lego' 'lego tecnic'],['oggetto' 'giocattolo' 'lego' 'lego tecnic'],['O' 'B-' 'B-' 'B-' 'B-'],
183,1G_16,"divertimento, svago, felicità, oggetto",macchinina,giocattolo,"divertimento, svago, felicità",183_1G_16,['divertimento' 'svago' 'felicità' 'oggetto' 'giocattolo' 'macchinina'],['oggetto' 'giocattolo' 'macchinina'],['O' 'O' 'O' 'B-' 'B-' 'B-'],
1278,1D_4,"animale, essere vivente, creatura vivente","sauro, grigio, nero",cavallo,"creatura vivente, nero",1278_1D_4,"['animale' 'essere vivente' 'creatura vivente' 'cavallo' 'sauro' 'grigio'
 'nero']",['animale' 'essere vivente' 'cavallo' 'sauro' 'grigio'],['B-' 'B-' 'O' 'B-' 'B-' 'B-' 'O'],
663,2F_2,,,badante,,663_2F_2,[' badante'],[' badante'],['B-'],
2648,3C_13,,fantasia,sogno,fantasia,2648_3C_13,[' sogno' 'fantasia'],[' sogno'],['B-' 'O'],
2204,2F_24,"persona, essere vivente, entità",,badante,,2204_2F_24,['persona' 'essere vivente' 'entità' 'badante'],['persona' 'essere vivente' 'entità' 'badante'],['B-' 'B-' 'B-' 'B-'],
2304,3C_17,"tipo di veicolo, oggetto","fiat, fiat 500",automobile,,2304_3C_17,['tipo di veicolo' 'oggetto' 'automobile' 'fiat' 'fiat 500'],['tipo di veicolo' 'oggetto' 'automobile' 'fiat' 'fiat 500'],['B-' 'B-' 'B-' 'B-' 'B-'],
2773,2E_21,"unità di misura, strumento, oggetto","ora, minuto, secondo",tempo,"strumento, oggetto, minuto, secondo",2773_2E_21,['unità di misura' 'strumento' 'oggetto' 'tempo' 'ora' 'minuto' 'secondo'],['unità di misura' 'tempo' 'ora'],['B-' 'O' 'O' 'B-' 'B-' 'O' 'O'],
2328,1D_11,"emozione, sentimento, perdere il controllo, esagerare","furiosi, picchiare, pizzicotti",rabbia,"sentimento, perdere il controllo, esagerare, furiosi, picchiare, pizzicotti",2328_1D_11,"['emozione' 'sentimento' 'perdere il controllo' 'esagerare' 'rabbia'
 'furiosi' 'picchiare' 'pizzicotti']",['emozione' 'rabbia'],['B-' 'O' 'O' 'O' 'B-' 'O' 'O' 'O'],
2345,3C_19,"mestiere, lavoro, dovere",,medico,,2345_3C_19,['mestiere' 'lavoro' 'dovere' 'medico'],['mestiere' 'lavoro' 'dovere' 'medico'],['B-' 'B-' 'B-' 'B-'],
1476,1D_17,"persona, mammifero, vertebrato, essere vivente, entità",,badante,,1476_1D_17,['persona' 'mammifero' 'vertebrato' 'essere vivente' 'entità' 'badante'],['persona' 'mammifero' 'vertebrato' 'essere vivente' 'entità' 'badante'],['B-' 'B-' 'B-' 'B-' 'B-' 'B-'],
2422,3C_24,"lavoro, azione, momento, istante",taxi,autista,"momento, istante",2422_3C_24,['lavoro' 'azione' 'momento' 'istante' 'autista' 'taxi'],['lavoro' 'azione' 'autista' 'taxi'],['B-' 'B-' 'O' 'O' 'B-' 'B-'],
1930,2F_5,emozione,vedere persona cara,gioia,vedere persona cara,1930_2F_5,['emozione' 'gioia' 'vedere persona cara'],['emozione' 'gioia'],['B-' 'B-' 'O'],
369,5B_6,misurazione,passatempo,tempo,passatempo,369_5B_6,['misurazione' 'tempo' 'passatempo'],['misurazione' 'tempo'],['B-' 'B-' 'O'],
1835,2F_3,"benessere, lavoro, uomo, essere vivente","psicologo, scolastico",medico,"benessere, uomo, essere vivente",1835_2F_3,"['benessere' 'lavoro' 'uomo' 'essere vivente' 'medico' 'psicologo'
 'scolastico']",['lavoro' 'medico' 'psicologo' 'scolastico'],['O' 'B-' 'O' 'O' 'B-' 'B-' 'B-'],
1912,2F_4,"intrattenimento, divertimento, oggetto, cosa concreta","giocattolo lego, giocattolo lego friends",giocattolo,"intrattenimento, divertimento",1912_2F_4,"['intrattenimento' 'divertimento' 'oggetto' 'cosa concreta' 'giocattolo'
 'giocattolo lego' 'giocattolo lego friends']","['oggetto' 'cosa concreta' 'giocattolo' 'giocattolo lego'
 'giocattolo lego friends']",['O' 'O' 'B-' 'B-' 'B-' 'B-' 'B-'],
2232,2F_26,"timer, scorrere","orologio, lancette, numeri",tempo,"timer, scorrere, orologio, lancette, numeri",2232_2F_26,['timer' 'scorrere' 'tempo' 'orologio' 'lancette' 'numeri'],['tempo'],['O' 'O' 'B-' 'O' 'O' 'O'],
1759,5D_16,"emozione, sentimento, entità",matteo,rabbia,"sentimento, matteo",1759_5D_16,['emozione' 'sentimento' 'entità' 'rabbia' 'matteo'],['emozione' 'entità' 'rabbia'],['B-' 'O' 'B-' 'B-' 'O'],
1108,3C_24,oggetto,"bambola, lego, casa delle bambole",giocattolo,"lego, casa delle bambole",1108_3C_24,['oggetto' 'giocattolo' 'bambola' 'lego' 'casa delle bambole'],['oggetto' 'giocattolo' 'bambola'],['B-' 'B-' 'B-' 'O' 'O'],
2160,2F_22,misura,ora,tempo,,2160_2F_22,['misura' 'tempo' 'ora'],['misura' 'tempo' 'ora'],['B-' 'B-' 'B-'],
3094,5D_3,dessert,dolce,torta,dolce,3094_5D_3,['dessert' 'torta' 'dolce'],['dessert' 'torta'],['B-' 'B-' 'O'],
2566,2E_1,"sentimento, notte, dormire",desiderio,sogno,"sentimento, notte, dormire, desiderio",2566_2E_1,['sentimento' 'notte' 'dormire' 'sogno' 'desiderio'],['sogno'],['O' 'O' 'O' 'B-' 'O'],
2655,3C_2,quello che si vede quando si dorme,,sogno,quello che si vede quando si dorme,2655_3C_2,['quello che si vede quando si dorme' 'sogno'],['sogno'],['O' 'B-'],
1331,5B_9,emozione ,"euforico, felicità",gioia,felicità,1331_5B_9,['emozione ' 'gioia' 'euforico' 'felicità'],['emozione ' 'gioia' 'euforico'],['B-' 'B-' 'B-' 'O'],
2163,2F_22,"animale, essere vivente, insieme di cellule",pony,cavallo,insieme di cellule,2163_2F_22,['animale' 'essere vivente' 'insieme di cellule' 'cavallo' 'pony'],['animale' 'essere vivente' 'cavallo' 'pony'],['B-' 'B-' 'O' 'B-' 'B-'],
718,2E_7,mezzo di trasporto ,ferrari,automobile,,718_2E_7,['mezzo di trasporto ' 'automobile' 'ferrari'],['mezzo di trasporto ' 'automobile' 'ferrari'],['B-' 'B-' 'B-'],
2466,3C_24,"sentimento, sensazione, quello che provi",,rabbia,quello che provi,2466_3C_24,['sentimento' 'sensazione' 'quello che provi' 'rabbia'],['sentimento' 'sensazione' 'rabbia'],['B-' 'B-' 'O' 'B-'],
2031,2F_13,"mestiere, lavoro, dovere, impegno","medico dei bambini, di malattie",medico,di malattie,2031_2F_13,"['mestiere' 'lavoro' 'dovere' 'impegno' 'medico' 'medico dei bambini'
 'medico dei bambini di malattie']",['mestiere' 'lavoro' 'dovere' 'impegno' 'medico' 'medico dei bambini'],['B-' 'B-' 'B-' 'B-' 'B-' 'B-' 'O'],di malattie|||medico dei bambini di malattie___
2596,2F_13,,,sogno,,2596_2F_13,[' sogno'],[' sogno'],['B-'],
1110,3C_3,oggetto,"bambola, barbie, cuoca",giocattolo,,1110_3C_3,['oggetto' 'giocattolo' 'bambola' 'barbie' 'cuoca'],['oggetto' 'giocattolo' 'bambola' 'barbie' 'cuoca'],['B-' 'B-' 'B-' 'B-' 'B-'],
1373,1D_4,"persona, essere vivente",Zagni Rosa,insegnante,,1373_1D_4,['persona' 'essere vivente' 'insegnante' 'Zagni Rosa'],['persona' 'essere vivente' 'insegnante' 'Zagni Rosa'],['B-' 'B-' 'B-' 'B-'],
956,2E_22,,,rabbia,,956_2E_22,[' rabbia'],[' rabbia'],['B-'],
329,5B_3,"emozione, cosa astratta","dei ragni, del ragno violino",paura,,329_5B_3,"['emozione' 'cosa astratta' 'paura' 'dei ragni'
 'dei ragni del ragno violino']","['emozione' 'cosa astratta' 'paura' 'dei ragni'
 'dei ragni del ragno violino']",['B-' 'B-' 'B-' 'B-' 'B-'],del ragno violino|||dei ragni del ragno violino___
2035,2F_9,"cervello, testa",due emisferi,mente,"cervello, testa, due emisferi",2035_2F_9,['cervello' 'testa' 'mente' 'due emisferi'],['mente'],['O' 'O' 'B-' 'O'],
925,2E_20,,"voler bene, amore",affetto,amore,925_2E_20,[' affetto' 'voler bene' 'amore'],[' affetto' 'voler bene'],['B-' 'B-' 'O'],
1952,2F_7,"passatempo, divertimento",,giocattolo,"passatempo, divertimento",1952_2F_7,['passatempo' 'divertimento' 'giocattolo'],['giocattolo'],['O' 'O' 'B-'],
2308,5D_15,"buio, mostri, dietro l'angolo, bosco",zombie,paura,"buio, mostri, dietro l'angolo, bosco",2308_5D_15,"['buio' 'mostri' ""dietro l'angolo"" 'bosco' 'paura' 'zombie']",['paura' 'zombie'],['O' 'O' 'O' 'O' 'B-' 'B-'],
50,2E_13,,,affetto,,50_2E_13,[' affetto'],[' affetto'],['B-'],
709,2E_7,"essere vivente, lavoro, mestiere","veterinario, animali marini",medico,"lavoro, mestiere ",709_2E_7,"['essere vivente' 'lavoro' 'mestiere' 'medico' 'veterinario'
 'animali marini']",['essere vivente' 'mestiere' 'medico' 'veterinario' 'animali marini'],['B-' 'O' 'B-' 'B-' 'B-' 'B-'],
157,5B_17,emozione,amore,affetto,,157_5B_17,['emozione' 'affetto' 'amore'],['emozione' 'affetto' 'amore'],['B-' 'B-' 'B-'],
1919,5D_14,persona,"animali, pediatra",medico,animali,1919_5D_14,['persona' 'medico' 'animali' 'pediatra'],['persona' 'medico' 'pediatra'],['B-' 'B-' 'O' 'B-'],
2107,2F_18,"lavoro, persona, professor",professore,insegnante,"persona, professor",2107_2F_18,['lavoro' 'persona' 'professor' 'insegnante' 'professore'],['lavoro' 'insegnante' 'professore'],['B-' 'O' 'O' 'B-' 'B-'],
1358,1D_11,"matematica, italiano/lettere, scienze, geografia, storia, motoria","Gardenghi, Zagni, Domenicali",insegnante,"matematica, italiano/lettere, scienze, geografia, storia, motoria, Zagni, Domenicali",1358_1D_11,"['matematica' 'italiano/lettere' 'scienze' 'geografia' 'storia' 'motoria'
 'insegnante' 'Gardenghi' 'Zagni' 'Domenicali']",['insegnante' 'Gardenghi'],['O' 'O' 'O' 'O' 'O' 'O' 'B-' 'B-' 'O' 'O'],
983,1D_23,"oggetto, colorato, essere non vivente",barbie,giocattolo,colorato,983_1D_23,['oggetto' 'colorato' 'essere non vivente' 'giocattolo' 'barbie'],['oggetto' 'essere non vivente' 'giocattolo' 'barbie'],['B-' 'O' 'B-' 'B-' 'B-'],
164,1G_13,"persona, organismo, essere vivente, qualcuno che respira, entità",,badante,qualcuno che respira,164_1G_13,"['persona' 'organismo' 'essere vivente' 'qualcuno che respira' 'entità'
 'badante']",['persona' 'organismo' 'essere vivente' 'entità' 'badante'],['B-' 'B-' 'B-' 'O' 'B-' 'B-'],
2433,3C_25,,,sogno,,2433_3C_25,[' sogno'],[' sogno'],['B-'],
642,2E_24,persona,,badante,,642_2E_24,['persona' 'badante'],['persona' 'badante'],['B-' 'B-'],
2243,3B_21,"sentimento, emozione",,paura,emozione,2243_3B_21,['sentimento' 'emozione' 'paura'],['sentimento' 'paura'],['B-' 'O' 'B-'],
444,2E_2,"gare, motore, sedile, benzina, mezzo di trasporto",mercedes,automobile,"gare, motore, sedile, benzina",444_2E_2,"['gare' 'motore' 'sedile' 'benzina' 'mezzo di trasporto' 'automobile'
 'mercedes']",['mezzo di trasporto' 'automobile' 'mercedes'],['O' 'O' 'O' 'O' 'B-' 'B-' 'B-'],
310,5B_2,"intrattenimento, oggetto, entità","pistola, pistola nerf",giocattolo,intrattenimento,310_5B_2,"['intrattenimento' 'oggetto' 'entità' 'giocattolo' 'pistola'
 'pistola nerf']",['oggetto' 'entità' 'giocattolo' 'pistola' 'pistola nerf'],['O' 'B-' 'B-' 'B-' 'B-' 'B-'],
1232,2E_8,"momento, espressione",felicità,gioia,"momento, felicità",1232_2E_8,['momento' 'espressione' 'gioia' 'felicità'],['espressione' 'gioia'],['O' 'B-' 'B-' 'O'],
2114,5D_15,"cervello, organo",io,mente,"cervello, organo, io",2114_5D_15,['cervello' 'organo' 'mente' 'io'],['mente'],['O' 'O' 'B-' 'O'],
2167,1G_20,"sentimento, essere non vivente, entità astratta",,paura,essere non vivente,2167_1G_20,['sentimento' 'essere non vivente' 'entità astratta' 'paura'],['sentimento' 'entità astratta' 'paura'],['B-' 'O' 'B-' 'B-'],
1200,3C_13,"emozione, sentimento",cieca,rabbia,sentimento,1200_3C_13,['emozione' 'sentimento' 'rabbia' 'cieca'],['emozione' 'rabbia' 'cieca'],['B-' 'O' 'B-' 'B-'],
698,3B_4,umano,,badante,,698_3B_4,['umano' 'badante'],['umano' 'badante'],['B-' 'B-'],
2315,3C_17,"cervello, muscolo",,mente,"cervello, muscolo",2315_3C_17,['cervello' 'muscolo' 'mente'],['mente'],['O' 'O' 'B-'],
2350,1G_10,"emozione, sensazione, stato d'animo","malvagità, cattivi, criminali",rabbia,"stato d'animo, malvagità, cattivi, criminali",2350_1G_10,"['emozione' 'sensazione' ""stato d'animo"" 'rabbia' 'malvagità' 'cattivi'
 'criminali']",['emozione' 'sensazione' 'rabbia'],['B-' 'B-' 'O' 'B-' 'O' 'O' 'O'],
343,5B_10,persona ,taxista,autista,,343_5B_10,['persona ' 'autista' 'taxista'],['persona ' 'autista' 'taxista'],['B-' 'B-' 'B-'],
2662,3C_3,"realtà, mondo, vita, esperienza, episodi, avvenimento, successioni",erotico,sogno,"realtà, mondo, vita, esperienza, episodi, avvenimento, successioni",2662_3C_3,"['realtà' 'mondo' 'vita' 'esperienza' 'episodi' 'avvenimento'
 'successioni' 'sogno' 'erotico']",['sogno' 'erotico'],['O' 'O' 'O' 'O' 'O' 'O' 'O' 'B-' 'B-'],
45,1G_9,"sentimento, amore",,affetto,amore,45_1G_9,['sentimento' 'amore' 'affetto'],['sentimento' 'affetto'],['B-' 'O' 'B-'],
973,2E_23,"eucariote, mestiere, professione, maschio o femmina, persona, essere umano","maestra, prof, di italiano",insegnante,"eucariote, mestiere, professione, prof",973_2E_23,"['eucariote' 'mestiere' 'professione' 'maschio o femmina' 'persona'
 'essere umano' 'insegnante' 'maestra' 'prof' 'prof di italiano']","['maschio o femmina' 'persona' 'essere umano' 'insegnante' 'maestra'
 'prof di italiano']",['O' 'O' 'O' 'B-' 'B-' 'B-' 'B-' 'B-' 'O' 'B-'],di italiano|||prof di italiano___
787,1D_21,"animale, mammifero, quadrupede, essere vivente",sauro,cavallo,"mammifero, quadrupede",787_1D_21,['animale' 'mammifero' 'quadrupede' 'essere vivente' 'cavallo' 'sauro'],['animale' 'essere vivente' 'cavallo' 'sauro'],['B-' 'O' 'O' 'B-' 'B-' 'B-'],
1789,5D_17,"mezzo di trasporto, oggetto, non vivente","elettrica, tesla",automobile,,1789_5D_17,"['mezzo di trasporto' 'oggetto' 'non vivente' 'automobile' 'elettrica'
 'tesla']","['mezzo di trasporto' 'oggetto' 'non vivente' 'automobile' 'elettrica'
 'tesla']",['B-' 'B-' 'B-' 'B-' 'B-' 'B-'],
1097,3C_14,divertimento,peluche,giocattolo,divertimento,1097_3C_14,['divertimento' 'giocattolo' 'peluche'],['giocattolo' 'peluche'],['O' 'B-' 'B-'],
982,2E_24,"animale, mammifero, essere vivente, entità",bianco,cavallo,mammifero,982_2E_24,['animale' 'mammifero' 'essere vivente' 'entità' 'cavallo' 'bianco'],['animale' 'essere vivente' 'entità' 'cavallo' 'bianco'],['B-' 'O' 'B-' 'B-' 'B-' 'B-'],
1900,2F_3,"prodotto, artefatto, oggetto, cosa","playmobile, guerriero, gladiatore",giocattolo,"guerriero, gladiatore",1900_2F_3,"['prodotto' 'artefatto' 'oggetto' 'cosa' 'giocattolo' 'playmobile'
 'guerriero' 'gladiatore']",['prodotto' 'artefatto' 'oggetto' 'cosa' 'giocattolo' 'playmobile'],['B-' 'B-' 'B-' 'B-' 'B-' 'B-' 'O' 'O'],
2626,3B_17,"passione, determinazione, sensazione",pensare,sogno,"passione, determinazione, sensazione, pensare",2626_3B_17,['passione' 'determinazione' 'sensazione' 'sogno' 'pensare'],['sogno'],['O' 'O' 'O' 'B-' 'O'],
1252,1D_3,"emozione, sentimento",bologna in champions,gioia,"sentimento, bologna in champions",1252_1D_3,['emozione' 'sentimento' 'gioia' 'bologna in champions'],['emozione' 'gioia'],['B-' 'O' 'B-' 'O'],
834,2E_15,"misura, grandezza","giorno, ore, minuti, secondi",tempo,"ore, minuti, secondi",834_2E_15,['misura' 'grandezza' 'tempo' 'giorno' 'ore' 'minuti' 'secondi'],['misura' 'grandezza' 'tempo' 'giorno'],['B-' 'B-' 'B-' 'B-' 'O' 'O' 'O'],
1459,1D_16,"equino, quadrupede, mammifero, vertebrato, essere pluricellulare, essere vivente, entità",sauro,cavallo,,1459_1D_16,"['equino' 'quadrupede' 'mammifero' 'vertebrato' 'essere pluricellulare'
 'essere vivente' 'entità' 'cavallo' 'sauro']","['equino' 'quadrupede' 'mammifero' 'vertebrato' 'essere pluricellulare'
 'essere vivente' 'entità' 'cavallo' 'sauro']",['B-' 'B-' 'B-' 'B-' 'B-' 'B-' 'B-' 'B-' 'B-'],
537,5B_10,,kia,automobile,,537_5B_10,[' automobile' 'kia'],[' automobile' 'kia'],['B-' 'B-'],
1996,2F_10,"dolce, cibo, oggetto",torta gelato,torta,,1996_2F_10,['dolce' 'cibo' 'oggetto' 'torta' 'torta gelato'],['dolce' 'cibo' 'oggetto' 'torta' 'torta gelato'],['B-' 'B-' 'B-' 'B-' 'B-'],
1339,1D_8,"emozione, stato d'animo, cosa astratta, non esistente",reciproco,affetto,"stato d'animo, non esistente",1339_1D_8,"['emozione' ""stato d'animo"" 'cosa astratta' 'non esistente' 'affetto'
 'reciproco']",['emozione' 'cosa astratta' 'affetto' 'reciproco'],['B-' 'O' 'B-' 'O' 'B-' 'B-'],
2092,5B_14,cervello,memoria,mente,"cervello, memoria",2092_5B_14,['cervello' 'mente' 'memoria'],['mente'],['O' 'B-' 'O'],
517,3C_15,mezzo di trasporto,"macchinino, toyota",automobile,,517_3C_15,['mezzo di trasporto' 'automobile' 'macchinino' 'toyota'],['mezzo di trasporto' 'automobile' 'macchinino' 'toyota'],['B-' 'B-' 'B-' 'B-'],
2224,2F_4,emozione,paura della solitudine,paura,,2224_2F_4,['emozione' 'paura' 'paura della solitudine'],['emozione' 'paura' 'paura della solitudine'],['B-' 'B-' 'B-'],
361,5B_5,"animale, essere vivente",pony,cavallo,,361_5B_5,['animale' 'essere vivente' 'cavallo' 'pony'],['animale' 'essere vivente' 'cavallo' 'pony'],['B-' 'B-' 'B-' 'B-'],
411,5B_8,"emozione, cosa astratta, cosa ","fobia, aracnofobia ",paura,cosa,411_5B_8,['emozione' 'cosa astratta' 'cosa ' 'paura' 'fobia' 'aracnofobia'],['emozione' 'cosa astratta' 'cosa ' 'paura' 'fobia' 'aracnofobia'],['B-' 'B-' 'B-' 'B-' 'B-' 'B-'],
321,3C_13,"persona, lavoro",dell'autobus,autista,lavoro,321_3C_13,"['persona' 'lavoro' 'autista' ""dell'autobus""]","['persona' 'autista' ""dell'autobus""]",['B-' 'O' 'B-' 'B-'],
376,5B_6,"essere vivente, pulisci camere, svolgimento, persona",cattiva,badante,"pulisci camere, svolgimento, persona, cattiva",376_5B_6,"['essere vivente' 'pulisci camere' 'svolgimento' 'persona' 'badante'
 'cattiva']",['essere vivente' 'badante'],['B-' 'O' 'O' 'O' 'B-' 'O'],
58,1G_5,"sentimento, emozione, forza astratta, entità",il buio,paura,emozione,58_1G_5,['sentimento' 'emozione' 'forza astratta' 'entità' 'paura' 'il buio'],['sentimento' 'forza astratta' 'entità' 'paura' 'il buio'],['B-' 'O' 'B-' 'B-' 'B-' 'B-'],
256,1G_22,pensiero visibile fatto dal cervello durante la fase di riposo,"incubo, incubo ad occhi aperti",sogno,pensiero visibile fatto dal cervello durante la fase di riposo,256_1G_22,"['pensiero visibile fatto dal cervello durante la fase di riposo' 'sogno'
 'incubo' 'incubo ad occhi aperti']",['sogno' 'incubo' 'incubo ad occhi aperti'],['O' 'B-' 'B-' 'B-'],
147,1G_12,"animale, essere vivente, un abitante del pianeta terra",cavallo a macchie,cavallo,,147_1G_12,"['animale' 'essere vivente' 'un abitante del pianeta terra' 'cavallo'
 'cavallo a macchie']","['animale' 'essere vivente' 'un abitante del pianeta terra' 'cavallo'
 'cavallo a macchie']",['B-' 'B-' 'B-' 'B-' 'B-'],
1308,3C_7,"sentimento, felicità, pianti","sorrisi, abbracci",gioia,"felicità, pianti, sorrisi, abbracci",1308_3C_7,['sentimento' 'felicità' 'pianti' 'gioia' 'sorrisi' 'abbracci'],['sentimento' 'gioia'],['B-' 'O' 'O' 'B-' 'O' 'O'],
978,2E_24,"persona, mammifero, essere vivente, entità",di limousine,autista,,978_2E_24,"['persona' 'mammifero' 'essere vivente' 'entità' 'autista'
 'autista di limousine']","['persona' 'mammifero' 'essere vivente' 'entità' 'autista'
 'autista di limousine']",['B-' 'B-' 'B-' 'B-' 'B-' 'B-'],di limousine|||autista di limousine___
59,2E_21,emozione,amore,affetto,,59_2E_21,['emozione' 'affetto' 'amore'],['emozione' 'affetto' 'amore'],['B-' 'B-' 'B-'],
2866,5B_13,clima,"il temporale, nuvole",tempo,nuvole,2866_5B_13,['clima' 'tempo' 'il temporale' 'nuvole'],['clima' 'tempo' 'il temporale'],['B-' 'B-' 'B-' 'O'],
1025,3C_2,"oggetto, insieme di diversi materiali, insieme di diverse molecole, insieme di diversi atomi, insieme di protoni neutroni elettroni","lego, lego della serie lego city, lego della serie lego city del set treno merci",giocattolo,"insieme di diversi materiali, insieme di diverse molecole, insieme di diversi atomi, insieme di protoni neutroni elettroni",1025_3C_2,"['oggetto' 'insieme di diversi materiali' 'insieme di diverse molecole'
 'insieme di diversi atomi' 'insieme di protoni neutroni elettroni'
 'giocattolo' 'lego' 'lego della serie lego city'
 'lego della serie lego city del set treno merci']","['oggetto' 'giocattolo' 'lego' 'lego della serie lego city'
 'lego della serie lego city del set treno merci']",['B-' 'O' 'O' 'O' 'O' 'B-' 'B-' 'B-' 'B-'],
789,2E_12,"oggetto, entità","ferrari, rossa",automobile,,789_2E_12,['oggetto' 'entità' 'automobile' 'ferrari' 'rossa'],['oggetto' 'entità' 'automobile' 'ferrari' 'rossa'],['B-' 'B-' 'B-' 'B-' 'B-'],
789,1D_23,"mammifero, animale, essere vivente",baio,cavallo,,789_1D_23,['mammifero' 'animale' 'essere vivente' 'cavallo' 'baio'],['mammifero' 'animale' 'essere vivente' 'cavallo' 'baio'],['B-' 'B-' 'B-' 'B-' 'B-'],
805,1G_17,"animale, essere vivente",,cavallo,,805_1G_17,['animale' 'essere vivente' 'cavallo'],['animale' 'essere vivente' 'cavallo'],['B-' 'B-' 'B-'],
110,1G_8,"divertimento, entità",schiaccianoci,giocattolo,divertimento ,110_1G_8,['divertimento' 'entità' 'giocattolo' 'schiaccianoci'],['divertimento' 'entità' 'giocattolo' 'schiaccianoci'],['B-' 'B-' 'B-' 'B-'],
1933,2F_5,mezzo,bugatti,automobile,,1933_2F_5,['mezzo' 'automobile' 'bugatti'],['mezzo' 'automobile' 'bugatti'],['B-' 'B-' 'B-'],
1726,5D_15,"paradiso, fuori da scuola",,libertà,"paradiso, fuori da scuola",1726_5D_15,['paradiso' 'fuori da scuola' 'libertà'],['libertà'],['O' 'O' 'B-'],
1251,2F_25,sentimento,"spensieratezza, felicità, buon umore",gioia,"spensieratezza, felicità, buon umore",1251_2F_25,['sentimento' 'gioia' 'spensieratezza' 'felicità' 'buon umore'],['sentimento' 'gioia'],['B-' 'B-' 'O' 'O' 'O'],
1858,3B_24,"umano, essere vivente",,medico,,1858_3B_24,['umano' 'essere vivente' 'medico'],['umano' 'essere vivente' 'medico'],['B-' 'B-' 'B-'],
1596,5D_2,"emozione, entità","felicità, gioia",affetto,"felicità, gioia",1596_5D_2,['emozione' 'entità' 'affetto' 'felicità' 'gioia'],['emozione' 'entità' 'affetto'],['B-' 'B-' 'B-' 'O' 'O'],
379,5B_6,"cosa, ferro, macchina",inquinante,automobile,"ferro, macchina, inquinante",379_5B_6,['cosa' 'ferro' 'macchina' 'automobile' 'inquinante'],['cosa' 'automobile'],['B-' 'O' 'O' 'B-' 'O'],
2433,3B_18,"emozione, sensazione",,rabbia,,2433_3B_18,['emozione' 'sensazione' 'rabbia'],['emozione' 'sensazione' 'rabbia'],['B-' 'B-' 'B-'],
2999,2F_4,"dolce, cibo",torta tenerina,torta,,2999_2F_4,['dolce' 'cibo' 'torta' 'torta tenerina'],['dolce' 'cibo' 'torta' 'torta tenerina'],['B-' 'B-' 'B-' 'B-'],
1261,3B_10,"emozione, sentimento",allegria,gioia,"sentimento, allegria",1261_3B_10,['emozione' 'sentimento' 'gioia' 'allegria'],['emozione' 'gioia'],['B-' 'O' 'B-' 'O'],
1466,1D_16,"cosa, essere non vivente, entità",intelligente,mente,"cosa, essere non vivente",1466_1D_16,['cosa' 'essere non vivente' 'entità' 'mente' 'intelligente'],['entità' 'mente' 'intelligente'],['O' 'O' 'B-' 'B-' 'B-'],
2127,2F_20,emozione,,rabbia,,2127_2F_20,['emozione' 'rabbia'],['emozione' 'rabbia'],['B-' 'B-'],
1285,3B_9,"emozione, sentimento",felicità,gioia,"sentimento, felicità",1285_3B_9,['emozione' 'sentimento' 'gioia' 'felicità'],['emozione' 'gioia'],['B-' 'O' 'B-' 'O'],
2334,1D_17,"emozione, stato d'animo",,rabbia,stato d'animo,2334_1D_17,"['emozione' ""stato d'animo"" 'rabbia']",['emozione' 'rabbia'],['B-' 'O' 'B-'],
418,5B_9,"amore, emozione, sensazione, cosa astratta","bacio, bacio amoroso",affetto,"amore, bacio, bacio amoroso",418_5B_9,"['amore' 'emozione' 'sensazione' 'cosa astratta' 'affetto' 'bacio'
 'bacio amoroso']",['emozione' 'sensazione' 'cosa astratta' 'affetto'],['O' 'B-' 'B-' 'B-' 'B-' 'O' 'O'],
120,1G_9,"lavoro, mestiere, persona",dell'autobus,autista,"mestiere, persona",120_1G_9,"['lavoro' 'mestiere' 'persona' 'autista' ""dell'autobus""]","['lavoro' 'autista' ""dell'autobus""]",['B-' 'O' 'O' 'B-' 'B-'],
936,2E_21,"emozione, sentimento, felicità, entità","per una soddisfazione, di un bel voto",gioia,"sentimento, felicità, di un bel voto",936_2E_21,"['emozione' 'sentimento' 'felicità' 'entità' 'gioia'
 'gioia per una soddisfazione' 'gioia di un bel voto']",['emozione' 'entità' 'gioia' 'gioia per una soddisfazione'],['B-' 'O' 'O' 'B-' 'B-' 'B-' 'O'],per una soddisfazione|||gioia per una soddisfazione___di un bel voto|||gioia di un bel voto___
1120,3C_8,"emozione, sentimento, astrattismo","isteria, frustrazione",rabbia,"sentimento, astrattismo, isteria",1120_3C_8,['emozione' 'sentimento' 'astrattismo' 'rabbia' 'isteria' 'frustrazione'],['emozione' 'rabbia' 'frustrazione'],['B-' 'O' 'O' 'B-' 'O' 'B-'],
135,1G_10,,,mente,,135_1G_10,[' mente'],[' mente'],['B-'],
597,1D_4,badare una persona,"persona, aiuta",badante,"badare una persona, persona, aiuta",597_1D_4,['badare una persona' 'badante' 'persona' 'aiuta'],['badante'],['O' 'B-' 'O' 'O'],
2223,2F_26,"emozione, sentimento",rabbia per un litigio,rabbia,"sentimento, rabbia per un litigio",2223_2F_26,['emozione' 'sentimento' 'rabbia' 'rabbia per un litigio'],['emozione' 'rabbia'],['B-' 'O' 'B-' 'O'],
622,2E_1,stato d'animo,"interiore, per una persona, esteriore",rabbia,esteriore,622_2E_1,"[""stato d'animo"" 'rabbia' 'interiore' 'interiore per una persona'
 'esteriore']","[""stato d'animo"" 'rabbia' 'interiore' 'interiore per una persona']",['B-' 'B-' 'B-' 'B-' 'O'],per una persona|||interiore per una persona___
390,5B_7,"misura soggettiva, misura",,tempo,,390_5B_7,['misura soggettiva' 'misura' 'tempo'],['misura soggettiva' 'misura' 'tempo'],['B-' 'B-' 'B-'],
711,2E_7,grandezza,"minuti, secondi",tempo,secondi,711_2E_7,['grandezza' 'tempo' 'minuti' 'secondi'],['grandezza' 'tempo' 'minuti'],['B-' 'B-' 'B-' 'O'],
132,3C_17,sentimento,amore,affetto,,132_3C_17,['sentimento' 'affetto' 'amore'],['sentimento' 'affetto' 'amore'],['B-' 'B-' 'B-'],
916,3C_3,"mammifero, animale","unicorno, bianco, colore",cavallo,"unicorno, colore",916_3C_3,['mammifero' 'animale' 'cavallo' 'unicorno' 'bianco' 'colore'],['mammifero' 'animale' 'cavallo' 'bianco'],['B-' 'B-' 'B-' 'O' 'B-' 'O'],
1027,3C_2,,,gioia,,1027_3C_2,[' gioia'],[' gioia'],['B-'],
2978,2E_9,"schifezze, dolce, cibo commestibile","tortino, al cioccolato, al cioccolato bianco",torta,schifezze,2978_2E_9,"['schifezze' 'dolce' 'cibo commestibile' 'torta' 'tortino' 'al cioccolato'
 'al cioccolato bianco']","['dolce' 'cibo commestibile' 'torta' 'tortino' 'al cioccolato'
 'al cioccolato bianco']",['O' 'B-' 'B-' 'B-' 'B-' 'B-' 'B-'],
1766,5D_16,"oggetto, essere non vivente, entità","macchina, hotwheels, marca",giocattolo,"hotwheels, marca",1766_5D_16,"['oggetto' 'essere non vivente' 'entità' 'giocattolo' 'macchina'
 'hotwheels' 'marca']",['oggetto' 'essere non vivente' 'entità' 'giocattolo' 'macchina'],['B-' 'B-' 'B-' 'B-' 'B-' 'O' 'O'],
2576,2E_19,"pensiero, illusione","incubo, bel sogno",sogno,"illusione, bel sogno",2576_2E_19,['pensiero' 'illusione' 'sogno' 'incubo' 'bel sogno'],['pensiero' 'sogno' 'incubo'],['B-' 'O' 'B-' 'B-' 'O'],
126,3C_11,persone,"amichevole, amoroso",affetto,"persone, amoroso",126_3C_11,['persone' 'affetto' 'amichevole' 'amoroso'],['affetto' 'amichevole'],['O' 'B-' 'B-' 'O'],
24,1G_10,"voler bene, amore, sensazione, emozione, stato d'animo","passione, sogno, obbiettivo",affetto,"voler bene, amore, emozione, stato d'animo, sogno, passione, obbiettivo",24_1G_10,"['voler bene' 'amore' 'sensazione' 'emozione' ""stato d'animo"" 'affetto'
 'passione' 'sogno' 'obbiettivo']",['sensazione' 'affetto'],['O' 'O' 'B-' 'O' 'O' 'B-' 'O' 'O' 'O'],
2424,3C_24,"oggetto, sostanza tascabile, materia","barbie, bambola, ken",giocattolo,"sostanza tascabile, bambola",2424_3C_24,"['oggetto' 'sostanza tascabile' 'materia' 'giocattolo' 'barbie' 'bambola'
 'ken']",['oggetto' 'materia' 'giocattolo' 'barbie' 'ken'],['B-' 'O' 'B-' 'B-' 'B-' 'O' 'B-'],
1778,1G_2,"persona, essere vivente, lavoro, dovere",cardiologo,medico,"lavoro, dovere",1778_1G_2,['persona' 'essere vivente' 'lavoro' 'dovere' 'medico' 'cardiologo'],['persona' 'essere vivente' 'medico' 'cardiologo'],['B-' 'B-' 'O' 'O' 'B-' 'B-'],
1313,5B_11,"emozione, sentimento ",,gioia,sentimento,1313_5B_11,['emozione' 'sentimento ' 'gioia'],['emozione' 'sentimento ' 'gioia'],['B-' 'B-' 'B-'],
1658,5D_8,"emozione, entità",gioia di vivere,gioia,,1658_5D_8,['emozione' 'entità' 'gioia' 'gioia di vivere'],['emozione' 'entità' 'gioia' 'gioia di vivere'],['B-' 'B-' 'B-' 'B-'],
2185,2F_23,"4 ruote, macchina, veicolo, oggetto, cosa materiale, entità",porsche,automobile,macchina,2185_2F_23,"['4 ruote' 'macchina' 'veicolo' 'oggetto' 'cosa materiale' 'entità'
 'automobile' 'porsche']","['4 ruote' 'veicolo' 'oggetto' 'cosa materiale' 'entità' 'automobile'
 'porsche']",['B-' 'O' 'B-' 'B-' 'B-' 'B-' 'B-' 'B-'],
507,3B_6,"trasporto, macchinario, elettronica, meccanismo",toyota,automobile,"elettronica, meccanismo",507_3B_6,"['trasporto' 'macchinario' 'elettronica' 'meccanismo' 'automobile'
 'toyota']",['trasporto' 'macchinario' 'automobile' 'toyota'],['B-' 'B-' 'O' 'O' 'B-' 'B-'],
1613,5D_3,"maestra, persona, mestiere",maestra che insegna matematica,insegnante,"maestra, mestiere",1613_5D_3,"['maestra' 'persona' 'mestiere' 'insegnante'
 'maestra che insegna matematica']",['persona' 'insegnante' 'maestra che insegna matematica'],['O' 'B-' 'O' 'B-' 'B-'],
2377,2E_14,"emozione, sentimento",furia,rabbia,sentimento,2377_2E_14,['emozione' 'sentimento' 'rabbia' 'furia'],['emozione' 'rabbia' 'furia'],['B-' 'O' 'B-' 'B-'],
135,3C_2,,,affetto,,135_3C_2,[' affetto'],[' affetto'],['B-'],
1471,3B_25,"mestiere, lavoro, occupazione","apprendimento, scuola, edificio",insegnante,"apprendimento, scuola, edificio",1471_3B_25,"['mestiere' 'lavoro' 'occupazione' 'insegnante' 'apprendimento' 'scuola'
 'edificio']",['mestiere' 'lavoro' 'occupazione' 'insegnante'],['B-' 'B-' 'B-' 'B-' 'O' 'O' 'O'],
1960,2F_7,"sensazione, sentimento","ragni, serpenti, tarantola",paura,"sentimento, serpenti, tarantola",1960_2F_7,['sensazione' 'sentimento' 'paura' 'ragni' 'serpenti' 'tarantola'],['sensazione' 'paura' 'ragni'],['B-' 'O' 'B-' 'B-' 'O' 'O'],
714,2E_7,"ragionamento, pensiero ","cervello, emisfero",mente,"ragionamento, pensiero, cervello, emisfero",714_2E_7,['ragionamento' 'pensiero ' 'mente' 'cervello' 'emisfero'],['pensiero ' 'mente'],['O' 'B-' 'B-' 'O' 'O'],
2402,3C_23,"emozione, sensazione, sentimento",di vivere,gioia,sentimento,2402_3C_23,['emozione' 'sensazione' 'sentimento' 'gioia' 'gioia di vivere'],['emozione' 'sensazione' 'gioia' 'gioia di vivere'],['B-' 'B-' 'O' 'B-' 'B-'],di vivere|||gioia di vivere___
1229,1D_1,emozione,affetto per la famiglia,affetto,,1229_1D_1,['emozione' 'affetto' 'affetto per la famiglia'],['emozione' 'affetto' 'affetto per la famiglia'],['B-' 'B-' 'B-'],
214,1D_7,"professionista, macchinista",taxista,autista,macchinista,214_1D_7,['professionista' 'macchinista' 'autista' 'taxista'],['professionista' 'autista' 'taxista'],['B-' 'O' 'B-' 'B-'],
958,5D_22,"animale, essere vivente, concreto, cresta, occhi, mele, vivace","bianco, nero, grigio",cavallo,"cresta, occhi, mele, vivace, nero, grigio",958_5D_22,"['animale' 'essere vivente' 'concreto' 'cresta' 'occhi' 'mele' 'vivace'
 'cavallo' 'bianco' 'nero' 'grigio']",['animale' 'essere vivente' 'concreto' 'cavallo' 'bianco'],['B-' 'B-' 'B-' 'O' 'O' 'O' 'O' 'B-' 'B-' 'O' 'O'],
1570,1D_23,"emozione, stato d'animo",claustrofobia ,paura,stato d'animo,1570_1D_23,"['emozione' ""stato d'animo"" 'paura' 'claustrofobia']",['emozione' 'paura' 'claustrofobia'],['B-' 'O' 'B-' 'B-'],
395,5B_7,"salvatore di persone, professione, lavoro","chirurgo, cardiochirurgo",medico,salvatore di persone,395_5B_7,"['salvatore di persone' 'professione' 'lavoro' 'medico' 'chirurgo'
 'cardiochirurgo']",['professione' 'lavoro' 'medico' 'chirurgo' 'cardiochirurgo'],['O' 'B-' 'B-' 'B-' 'B-' 'B-'],
2274,3C_3,"emozione, sentimento, sensazione, istinto, avvertimento, allarme",spavento,paura,"sentimento, istinto, avvertimento, allarme",2274_3C_3,"['emozione' 'sentimento' 'sensazione' 'istinto' 'avvertimento' 'allarme'
 'paura' 'spavento']",['emozione' 'sensazione' 'paura' 'spavento'],['B-' 'O' 'B-' 'O' 'O' 'O' 'B-' 'B-'],
2685,5B_5,"immagine, foto","astratto, incubo",sogno,"foto, astratto",2685_5B_5,['immagine' 'foto' 'sogno' 'astratto' 'incubo'],['immagine' 'sogno' 'incubo'],['B-' 'O' 'B-' 'O' 'B-'],
852,2E_16,"sensazione, emozione, stato d'animo, entità astratta",,gioia,"emozione, stato d'animo",852_2E_16,"['sensazione' 'emozione' ""stato d'animo"" 'entità astratta' 'gioia']",['sensazione' 'entità astratta' 'gioia'],['B-' 'O' 'O' 'B-' 'B-'],
1128,3C_8,"immagine, visione, previsione, futuro",incubo,sogno,"visione, previsione, futuro",1128_3C_8,['immagine' 'visione' 'previsione' 'futuro' 'sogno' 'incubo'],['immagine' 'sogno' 'incubo'],['B-' 'O' 'O' 'O' 'B-' 'B-'],
1713,5B_3,"stile di vita, diritto, relax","serenità, relax, calma",libertà,"stile di vita, relax, serenità, relax, calma",1713_5B_3,['stile di vita' 'diritto' 'relax' 'libertà' 'serenità' 'relax' 'calma'],['diritto' 'libertà'],['O' 'B-' 'O' 'B-' 'O' 'O' 'O'],
2093,2F_17,"sentimento, cosa astratta",amore,gioia,amore,2093_2F_17,['sentimento' 'cosa astratta' 'gioia' 'amore'],['sentimento' 'cosa astratta' 'gioia'],['B-' 'B-' 'B-' 'O'],
53,1G_5,"veicolo, oggetto, entità, oggetto qualsiasi","mercedes, mercedes rs3",automobile,oggetto qualsiasi,53_1G_5,"['veicolo' 'oggetto' 'entità' 'oggetto qualsiasi' 'automobile' 'mercedes'
 'mercedes rs3']",['veicolo' 'oggetto' 'entità' 'automobile' 'mercedes' 'mercedes rs3'],['B-' 'B-' 'B-' 'O' 'B-' 'B-' 'B-'],
2110,5D_11,organo,intelligente,mente,organo,2110_5D_11,['organo' 'mente' 'intelligente'],['mente' 'intelligente'],['O' 'B-' 'B-'],
1702,5B_12,"dirtitto, regola",libertà di scelta,libertà,regola,1702_5B_12,['dirtitto' 'regola' 'libertà' 'libertà di scelta'],['dirtitto' 'libertà' 'libertà di scelta'],['B-' 'O' 'B-' 'B-'],
3006,3B_10,"dolce, cibo, alimento, risorsa, energia",tenerina,torta,energia,3006_3B_10,['dolce' 'cibo' 'alimento' 'risorsa' 'energia' 'torta' 'tenerina'],['dolce' 'cibo' 'alimento' 'risorsa' 'torta' 'tenerina'],['B-' 'B-' 'B-' 'B-' 'O' 'B-' 'B-'],
2102,2F_18,oggetto,"peluche, barbie",giocattolo,peluche,2102_2F_18,['oggetto' 'giocattolo' 'peluche' 'barbie'],['oggetto' 'giocattolo' 'barbie'],['B-' 'B-' 'O' 'B-'],
1398,1D_12,"pensieri, creato dal subconscio, entità","intelligente, di sofia",mente,"pensieri, creato dal subconscio, di sofia",1398_1D_12,"['pensieri' 'creato dal subconscio' 'entità' 'mente' 'intelligente'
 'intelligente di sofia']",['entità' 'mente' 'intelligente'],['O' 'O' 'B-' 'B-' 'B-' 'O'],di sofia|||intelligente di sofia___
1126,3C_8,"mestiere, azione, movimento","badante di vecchietti, badante dei bambini",badante,"movimento, badante dei bambini",1126_3C_8,"['mestiere' 'azione' 'movimento' 'badante' 'badante di vecchietti'
 'badante dei bambini']",['mestiere' 'azione' 'badante' 'badante di vecchietti'],['B-' 'B-' 'O' 'B-' 'B-' 'O'],
669,2F_25,,"vecchietti, zuppa",badante,zuppa,669_2F_25,[' badante' 'vecchietti' 'zuppa'],[' badante' 'vecchietti'],['B-' 'B-' 'O'],
515,3C_13,"mezzo di trasporto, oggetto","mini, decappottabile, bianca",automobile,,515_3C_13,"['mezzo di trasporto' 'oggetto' 'automobile' 'mini' 'decappottabile'
 'bianca']","['mezzo di trasporto' 'oggetto' 'automobile' 'mini' 'decappottabile'
 'bianca']",['B-' 'B-' 'B-' 'B-' 'B-' 'B-'],
2881,5B_8,condizione atmosferica,"pioggia, acqua, elemento naturale",tempo,"acqua, elemento naturale",2881_5B_8,['condizione atmosferica' 'tempo' 'pioggia' 'acqua' 'elemento naturale'],['condizione atmosferica' 'tempo' 'pioggia'],['B-' 'B-' 'B-' 'O' 'O'],
2901,5D_4,"ora, aspettare, passa, giorno, mese, anno","passatempo, pop it",tempo,"ora, aspettare, passa, giorno, mese, anno, passatempo, pop it",2901_5D_4,"['ora' 'aspettare' 'passa' 'giorno' 'mese' 'anno' 'tempo' 'passatempo'
 'pop it']",['tempo'],['O' 'O' 'O' 'O' 'O' 'O' 'B-' 'O' 'O'],
2679,5B_19,"pensiero, immaginazione",hermione,sogno,"immaginazione, hermione",2679_5B_19,['pensiero' 'immaginazione' 'sogno' 'hermione'],['pensiero' 'sogno'],['B-' 'O' 'B-' 'O'],
909,2E_19,"lavoratore, persona, essere umano, essere vivente, entità","di scienze, di scienze umane, anatomia",insegnante,anatomia,909_2E_19,"['lavoratore' 'persona' 'essere umano' 'essere vivente' 'entità'
 'insegnante' 'insegnante di scienze' 'insegnante di scienze umane'
 'anatomia']","['lavoratore' 'persona' 'essere umano' 'essere vivente' 'entità'
 'insegnante' 'insegnante di scienze' 'insegnante di scienze umane']",['B-' 'B-' 'B-' 'B-' 'B-' 'B-' 'B-' 'B-' 'O'],di scienze|||insegnante di scienze___di scienze umane|||insegnante di scienze umane___
1760,1D_3,"cura, felicità, emozione, stato d'animo",lavoro,medico,"cura, felicità, emozione, stato d'animo, lavoro",1760_1D_3,"['cura' 'felicità' 'emozione' ""stato d'animo"" 'medico' 'lavoro']",['medico'],['O' 'O' 'O' 'O' 'B-' 'O'],
2054,3B_26,cervello,pensiero,mente,"cervello, pensiero",2054_3B_26,['cervello' 'mente' 'pensiero'],['mente'],['O' 'B-' 'O'],
726,2E_8,"mammifero, entità ","bianco, pony, forest",cavallo,,726_2E_8,['mammifero' 'entità ' 'cavallo' 'bianco' 'pony' 'forest'],['mammifero' 'entità ' 'cavallo' 'bianco' 'pony' 'forest'],['B-' 'B-' 'B-' 'B-' 'B-' 'B-'],
1031,2E_25,"materia, oggetto","trenino, ingegno",giocattolo,"materia, ingegno",1031_2E_25,['materia' 'oggetto' 'giocattolo' 'trenino' 'ingegno'],['oggetto' 'giocattolo' 'trenino'],['O' 'B-' 'B-' 'B-' 'O'],
1535,5D_18,"lavoro, dovere",informatica,insegnante,,1535_5D_18,['lavoro' 'dovere' 'insegnante' 'informatica'],['lavoro' 'dovere' 'insegnante' 'informatica'],['B-' 'B-' 'B-' 'B-'],
2843,3C_14,libertà,"atmosferico, per riflettere",tempo,"libertà, per riflettere",2843_3C_14,['libertà' 'tempo' 'atmosferico' 'atmosferico per riflettere'],['tempo' 'atmosferico'],['O' 'B-' 'B-' 'O'],per riflettere|||atmosferico per riflettere___
2229,2F_26,"lavoro, professione, impegno, passatempo","per la nonna, per la zia",badante,"professione, passatempo, per la zia",2229_2F_26,"['lavoro' 'professione' 'impegno' 'passatempo' 'badante'
 'badante per la nonna' 'badante per la zia']",['lavoro' 'impegno' 'badante' 'badante per la nonna'],['B-' 'O' 'B-' 'O' 'B-' 'B-' 'O'],per la nonna|||badante per la nonna___per la zia|||badante per la zia___
595,1D_23,"lavoro, aiuta la gente",badante di signore anziane,badante,aiuta la gente,595_1D_23,['lavoro' 'aiuta la gente' 'badante' 'badante di signore anziane'],['lavoro' 'badante' 'badante di signore anziane'],['B-' 'O' 'B-' 'B-'],
2023,2F_21,"cervello, aprirsi",,mente,"cervello, aprirsi",2023_2F_21,['cervello' 'aprirsi' 'mente'],['mente'],['O' 'O' 'B-'],
1125,3C_8,"emozione, sentimento",felicità,gioia,"sentimento, felicità",1125_3C_8,['emozione' 'sentimento' 'gioia' 'felicità'],['emozione' 'gioia'],['B-' 'O' 'B-' 'O'],
1654,5D_8,"persona, mammifera, entità",cristina,badante,,1654_5D_8,['persona' 'mammifera' 'entità' 'badante' 'cristina'],['persona' 'mammifera' 'entità' 'badante' 'cristina'],['B-' 'B-' 'B-' 'B-' 'B-'],
1502,1D_18,lavoro,,medico,,1502_1D_18,['lavoro' 'medico'],['lavoro' 'medico'],['B-' 'B-'],
1744,1D_1,"dottoressa, medico, lavoro, mestiere","laboratorio, ufficio, puntura, le fasce",medico,"dottoressa, medico, mestiere, laboratorio, ufficio, puntura, le fasce",1744_1D_1,"['dottoressa' 'medico' 'lavoro' 'mestiere' 'medico' 'laboratorio'
 'ufficio' 'puntura' 'le fasce']",['medico' 'lavoro' 'medico'],['O' 'B-' 'B-' 'O' 'B-' 'O' 'O' 'O' 'O'],
1800,2E_19,"persona, essere viente, concreto, mestiere","radiologo, pediatra, cardiologo",medico,"mestiere, pediatra, cardiologo",1800_2E_19,"['persona' 'essere viente' 'concreto' 'mestiere' 'medico' 'radiologo'
 'pediatra' 'cardiologo']",['persona' 'essere viente' 'concreto' 'medico' 'radiologo'],['B-' 'B-' 'B-' 'O' 'B-' 'B-' 'O' 'O'],
2645,3C_10,fantasia,sogno bello,sogno,,2645_3C_10,['fantasia' 'sogno' 'sogno bello'],['fantasia' 'sogno' 'sogno bello'],['B-' 'B-' 'B-'],
19,1G_3,"oggetto, un insieme di cose, insieme di atomi","mente matematica, mente intelligente",mente,"oggetto, un insieme di cose, insieme di atomi, mente intelligente",19_1G_3,"['oggetto' 'un insieme di cose' 'insieme di atomi' 'mente'
 'mente matematica' 'mente intelligente']",['mente' 'mente matematica'],['O' 'O' 'O' 'B-' 'B-' 'O'],
1177,1D_23,stato d'animo,felicità,gioia,felicità,1177_1D_23,"[""stato d'animo"" 'gioia' 'felicità']","[""stato d'animo"" 'gioia']",['B-' 'B-' 'O'],
2443,3C_25,divertirsi,diritto umano,libertà,"divertirsi, diritto umano",2443_3C_25,['divertirsi' 'libertà' 'diritto umano'],['libertà'],['O' 'B-' 'O'],
3055,3C_9,,"al cioccolato, commestibile",torta,commestibile,3055_3C_9,[' torta' 'al cioccolato' 'commestibile'],[' torta' 'al cioccolato'],['B-' 'B-' 'O'],
729,2E_8,"alimento, cibo",,torta,,729_2E_8,['alimento' 'cibo' 'torta'],['alimento' 'cibo' 'torta'],['B-' 'B-' 'B-'],
2412,2F_22,sentimento,arrabbiarsi,rabbia,arrabbiarsi,2412_2F_22,['sentimento' 'rabbia' 'arrabbiarsi'],['sentimento' 'rabbia'],['B-' 'B-' 'O'],
124,1G_9,cosa astratta,brillante,mente,,124_1G_9,['cosa astratta' 'mente' 'brillante'],['cosa astratta' 'mente' 'brillante'],['B-' 'B-' 'B-'],
1026,2E_20,"pistol, macchine giocattolo",pistola,giocattolo,"pistol, macchine giocattolo",1026_2E_20,['pistol' 'macchine giocattolo' 'giocattolo' 'pistola'],['giocattolo' 'pistola'],['O' 'O' 'B-' 'B-'],
1453,2F_9,"persona, mammifero, essere vivente",insegnante di storia,insegnante,,1453_2F_9,"['persona' 'mammifero' 'essere vivente' 'insegnante'
 'insegnante di storia']","['persona' 'mammifero' 'essere vivente' 'insegnante'
 'insegnante di storia']",['B-' 'B-' 'B-' 'B-' 'B-'],
1504,3C_9,"persona, essere vivente",professore,insegnante,,1504_3C_9,['persona' 'essere vivente' 'insegnante' 'professore'],['persona' 'essere vivente' 'insegnante' 'professore'],['B-' 'B-' 'B-' 'B-'],
2084,2F_17,"mezzo di trasporto, oggetto","ferrari, ferrari rossa",automobile,,2084_2F_17,['mezzo di trasporto' 'oggetto' 'automobile' 'ferrari' 'ferrari rossa'],['mezzo di trasporto' 'oggetto' 'automobile' 'ferrari' 'ferrari rossa'],['B-' 'B-' 'B-' 'B-' 'B-'],
2002,2F_11,"mestiere, impiego",prod di lallo,insegnante,,2002_2F_11,['mestiere' 'impiego' 'insegnante' 'prod di lallo'],['mestiere' 'impiego' 'insegnante' 'prod di lallo'],['B-' 'B-' 'B-' 'B-'],
31,1G_3,"curatore, persona che prolunga la vita, salvatore","della peste, della peste nera",medico,"persona che prolunga la vita, salvatore",31_1G_3,"['curatore' 'persona che prolunga la vita' 'salvatore' 'medico'
 'medico della peste' 'medico della peste nera']",['curatore' 'medico' 'medico della peste' 'medico della peste nera'],['B-' 'O' 'O' 'B-' 'B-' 'B-'],della peste|||medico della peste___della peste nera|||medico della peste nera___
1786,5D_17,"sentimento, concetto astratto",felicità,gioia,felicità,1786_5D_17,['sentimento' 'concetto astratto' 'gioia' 'felicità'],['sentimento' 'concetto astratto' 'gioia'],['B-' 'B-' 'B-' 'O'],
2661,3C_25,pensiero,mente,sogno,mente,2661_3C_25,['pensiero' 'sogno' 'mente'],['pensiero' 'sogno'],['B-' 'B-' 'O'],
2026,2F_12,"emozione, sentimento",,gioia,sentimento,2026_2F_12,['emozione' 'sentimento' 'gioia'],['emozione' 'gioia'],['B-' 'O' 'B-'],
2302,3C_17,diritto,libertà di espressione,libertà,,2302_3C_17,['diritto' 'libertà' 'libertà di espressione'],['diritto' 'libertà' 'libertà di espressione'],['B-' 'B-' 'B-'],
502,5B_14,"emozione, sensazione",arrabbiato ,rabbia,arrabbiato,502_5B_14,['emozione' 'sensazione' 'rabbia' 'arrabbiato'],['emozione' 'sensazione' 'rabbia'],['B-' 'B-' 'B-' 'O'],
1645,5D_6,entità,"ora, secondo, centesimo",tempo,"secondo, centesimo",1645_5D_6,['entità' 'tempo' 'ora' 'secondo' 'centesimo'],['entità' 'tempo' 'ora'],['B-' 'B-' 'B-' 'O' 'O'],
2781,2E_5,limitato,orologio,tempo,"limitato, orologio",2781_2E_5,['limitato' 'tempo' 'orologio'],['tempo'],['O' 'B-' 'O'],
1607,2E_2,"opinione, scelte, autonomia","bicicletta, calcio, libri",libertà,"opinione, scelte, autonomia, bicicletta, calcio, libri",1607_2E_2,['opinione' 'scelte' 'autonomia' 'libertà' 'bicicletta' 'calcio' 'libri'],['libertà'],['O' 'O' 'O' 'B-' 'O' 'O' 'O'],
1780,5D_17,"persona, animale, essere vivente",dentista,medico,,1780_5D_17,['persona' 'animale' 'essere vivente' 'medico' 'dentista'],['persona' 'animale' 'essere vivente' 'medico' 'dentista'],['B-' 'B-' 'B-' 'B-' 'B-'],
1813,2E_7,"mammifero, essere vivente, persona","insegnante, medico, infermiere",medico,"persona, insegnante, medico, infermiere",1813_2E_7,"['mammifero' 'essere vivente' 'persona' 'medico' 'insegnante' 'medico'
 'infermiere']",['mammifero' 'essere vivente' 'medico' 'medico'],['B-' 'B-' 'O' 'B-' 'O' 'B-' 'O'],
264,2E_9,"lavoratore, uomo, persona, essere vivente","macchine, autobus, l'autista edoardo",autista,autobus,264_2E_9,"['lavoratore' 'uomo' 'persona' 'essere vivente' 'autista' 'macchine'
 'autobus' ""l'autista edoardo""]","['lavoratore' 'uomo' 'persona' 'essere vivente' 'autista' 'macchine'
 ""l'autista edoardo""]",['B-' 'B-' 'B-' 'B-' 'B-' 'B-' 'O' 'B-'],
1445,2F_25,"scuola, persona",Di Lallo,insegnante,scuola,1445_2F_25,['scuola' 'persona' 'insegnante' 'Di Lallo'],['persona' 'insegnante' 'Di Lallo'],['O' 'B-' 'B-' 'B-'],
2671,5B_11,immaginazione,,sogno,,2671_5B_11,['immaginazione' 'sogno'],['immaginazione' 'sogno'],['B-' 'B-'],
417,5B_9,"mezzo di trasporto, marchingegno, oggetto, cosa, entità, materia","ferrari, ferrari F40",automobile,,417_5B_9,"['mezzo di trasporto' 'marchingegno' 'oggetto' 'cosa' 'entità' 'materia'
 'automobile' 'ferrari' 'ferrari F40']","['mezzo di trasporto' 'marchingegno' 'oggetto' 'cosa' 'entità' 'materia'
 'automobile' 'ferrari' 'ferrari F40']",['B-' 'B-' 'B-' 'B-' 'B-' 'B-' 'B-' 'B-' 'B-'],
730,2E_8,,,medico,,730_2E_8,[' medico'],[' medico'],['B-'],
3063,5B_16,"dolce, cibo",tiramisù,torta,,3063_5B_16,['dolce' 'cibo' 'torta' 'tiramisù'],['dolce' 'cibo' 'torta' 'tiramisù'],['B-' 'B-' 'B-' 'B-'],
1237,2F_12,emozione,felicità,gioia,felicità,1237_2F_12,['emozione' 'gioia' 'felicità'],['emozione' 'gioia'],['B-' 'B-' 'O'],
1176,3C_11,"equino, mammifero, animale, essere vivente, organismo",,cavallo,,1176_3C_11,['equino' 'mammifero' 'animale' 'essere vivente' 'organismo' 'cavallo'],['equino' 'mammifero' 'animale' 'essere vivente' 'organismo' 'cavallo'],['B-' 'B-' 'B-' 'B-' 'B-' 'B-'],
1421,1D_13,"oggetto, materiale","peluche, orsacchiotto",giocattolo,materiale,1421_1D_13,['oggetto' 'materiale' 'giocattolo' 'peluche' 'orsacchiotto'],['oggetto' 'giocattolo' 'peluche' 'orsacchiotto'],['B-' 'O' 'B-' 'B-' 'B-'],
530,3C_4,"meccanismo, insieme di macchine, insieme di ingrananggi","bmw, motore, pistoni",automobile,"meccanismo, insieme di macchine, insieme di ingrananggi, motore, pistoni",530_3C_4,"['meccanismo' 'insieme di macchine' 'insieme di ingrananggi' 'automobile'
 'bmw' 'motore' 'pistoni']",['automobile' 'bmw'],['O' 'O' 'O' 'B-' 'B-' 'O' 'O'],
687,2E_6,"sentimento, emozione, cosa, nome, entità",felicità,gioia,"emozione, cosa, nome, felicità",687_2E_6,['sentimento' 'emozione' 'cosa' 'nome' 'entità' 'gioia' 'felicità'],['sentimento' 'entità' 'gioia'],['B-' 'O' 'O' 'O' 'B-' 'B-' 'O'],
1438,2F_19,"persona, essere vivente",Di Lallo,insegnante,,1438_2F_19,['persona' 'essere vivente' 'insegnante' 'Di Lallo'],['persona' 'essere vivente' 'insegnante' 'Di Lallo'],['B-' 'B-' 'B-' 'B-'],
76,1G_6,organo,bugia,mente,"organo, bugia",76_1G_6,['organo' 'mente' 'bugia'],['mente'],['O' 'B-' 'O'],
464,2F_14,"veicolo, mezzo di trasporto, oggetto",ferrari,automobile,,464_2F_14,['veicolo' 'mezzo di trasporto' 'oggetto' 'automobile' 'ferrari'],['veicolo' 'mezzo di trasporto' 'oggetto' 'automobile' 'ferrari'],['B-' 'B-' 'B-' 'B-' 'B-'],
864,2E_17,"passatempo, divertimento, oggetto","di gomma, materiale",giocattolo,"passatempo, divertimento, materiale",864_2E_17,"['passatempo' 'divertimento' 'oggetto' 'giocattolo' 'giocattolo di gomma'
 'materiale']",['oggetto' 'giocattolo' 'giocattolo di gomma'],['O' 'O' 'B-' 'B-' 'B-' 'O'],di gomma|||giocattolo di gomma___
2028,2F_26,"immaginazione, creatività",testa,mente,"immaginazione, creatività, testa",2028_2F_26,['immaginazione' 'creatività' 'mente' 'testa'],['mente'],['O' 'O' 'B-' 'O'],
1061,3C_4,"persona che lavora, persona stipendiata, persona, umano, mammifero, animale, essere vivente",medico di base,medico,,1061_3C_4,"['persona che lavora' 'persona stipendiata' 'persona' 'umano' 'mammifero'
 'animale' 'essere vivente' 'medico' 'medico di base']","['persona che lavora' 'persona stipendiata' 'persona' 'umano' 'mammifero'
 'animale' 'essere vivente' 'medico' 'medico di base']",['B-' 'B-' 'B-' 'B-' 'B-' 'B-' 'B-' 'B-' 'B-'],
1767,1G_1,"curare la malattia, ruolo",,medico,curare la malattia,1767_1G_1,['curare la malattia' 'ruolo' 'medico'],['ruolo' 'medico'],['O' 'B-' 'B-'],
43,1G_4,"le paperelle, animali, esseri viventi",,affetto,"le paperelle, animali, esseri viventi",43_1G_4,['le paperelle' 'animali' 'esseri viventi' 'affetto'],['affetto'],['O' 'O' 'O' 'B-'],
1869,3C_10,"persona, essere vivente",medico di guardia,medico,,1869_3C_10,['persona' 'essere vivente' 'medico' 'medico di guardia'],['persona' 'essere vivente' 'medico' 'medico di guardia'],['B-' 'B-' 'B-' 'B-'],
507,5B_14,"persona, essere vivente",chirurgo ,medico,,507_5B_14,['persona' 'essere vivente' 'medico' 'chirurgo'],['persona' 'essere vivente' 'medico' 'chirurgo'],['B-' 'B-' 'B-' 'B-'],
2787,2F_10,"cronometro, misura","minuto, meteo, ora",tempo,"cronometro, meteo, ora",2787_2F_10,['cronometro' 'misura' 'tempo' 'minuto' 'meteo' 'ora'],['misura' 'tempo' 'minuto'],['O' 'B-' 'B-' 'B-' 'O' 'O'],
105,1G_8,"mestiere, lavoro, entità",badante casalinga,badante,,105_1G_8,['mestiere' 'lavoro' 'entità' 'badante' 'badante casalinga'],['mestiere' 'lavoro' 'entità' 'badante' 'badante casalinga'],['B-' 'B-' 'B-' 'B-' 'B-'],
991,1G_1,"oggetto, piace ai bambini",,giocattolo,piace ai bambini,991_1G_1,['oggetto' 'piace ai bambini' 'giocattolo'],['oggetto' 'giocattolo'],['B-' 'O' 'B-'],
2028,2F_12,"persona, lavoro","di italiano, di italiano e lettere",insegnante,lavoro,2028_2F_12,"['persona' 'lavoro' 'insegnante' 'insegnante di italiano'
 'insegnante di italiano e lettere']","['persona' 'insegnante' 'insegnante di italiano'
 'insegnante di italiano e lettere']",['B-' 'O' 'B-' 'B-' 'B-'],di italiano|||insegnante di italiano___di italiano e lettere|||insegnante di italiano e lettere___
1336,1D_8,"dimensione astratta, non esistente",minuti,tempo,non esistente,1336_1D_8,['dimensione astratta' 'non esistente' 'tempo' 'minuti'],['dimensione astratta' 'tempo' 'minuti'],['B-' 'O' 'B-' 'B-'],
527,5B_16,"emozione, concetto astratto",euforia,gioia,,527_5B_16,['emozione' 'concetto astratto' 'gioia' 'euforia'],['emozione' 'concetto astratto' 'gioia' 'euforia'],['B-' 'B-' 'B-' 'B-'],
2267,3C_2,,,paura,,2267_3C_2,[' paura'],[' paura'],['B-'],
211,1G_19,"sentimento, emozione astratta",affetto della mamma,affetto,emozione astratta,211_1G_19,['sentimento' 'emozione astratta' 'affetto' 'affetto della mamma'],['sentimento' 'affetto' 'affetto della mamma'],['B-' 'O' 'B-' 'B-'],
855,2E_16,"lavoro, professione, occupazione, entità",di taxi,autista,professione,855_2E_16,['lavoro' 'professione' 'occupazione' 'entità' 'autista' 'autista di taxi'],['lavoro' 'occupazione' 'entità' 'autista' 'autista di taxi'],['B-' 'O' 'B-' 'B-' 'B-' 'B-'],di taxi|||autista di taxi___
1944,1D_15,pensare,,mente,pensare,1944_1D_15,['pensare' 'mente'],['mente'],['O' 'B-'],
1536,5D_19,"persona, che insegna",lavoro,insegnante,"che insegna, lavoro",1536_5D_19,['persona' 'che insegna' 'insegnante' 'lavoro'],['persona' 'insegnante'],['B-' 'O' 'B-' 'O'],
700,3B_6,"lavoratore, persona, essere vivente",babysitter,badante,babysitter,700_3B_6,['lavoratore' 'persona' 'essere vivente' 'badante' 'babysitter'],['lavoratore' 'persona' 'essere vivente' 'badante'],['B-' 'B-' 'B-' 'B-' 'O'],
2242,2F_27,"emozione, sentimento",del buio,paura,sentimento,2242_2F_27,['emozione' 'sentimento' 'paura' 'paura del buio'],['emozione' 'paura' 'paura del buio'],['B-' 'O' 'B-' 'B-'],del buio|||paura del buio___
2146,2F_21,"persona, entità",lavoro,badante,lavoro,2146_2F_21,['persona' 'entità' 'badante' 'lavoro'],['persona' 'entità' 'badante'],['B-' 'B-' 'B-' 'O'],
3070,5B_3,"dolce, alimento, cibo","tenerina, la bisnonna, la zebrato",torta,"la bisnonna, la zebrato",3070_5B_3,['dolce' 'alimento' 'cibo' 'torta' 'tenerina' 'la bisnonna' 'la zebrato'],['dolce' 'alimento' 'cibo' 'torta' 'tenerina'],['B-' 'B-' 'B-' 'B-' 'B-' 'O' 'O'],
2762,2E_11,"orologio, cosa, perso","cronometro, ora, minuto",tempo,"orologio, cosa, perso, cronometro, minuto",2762_2E_11,['orologio' 'cosa' 'perso' 'tempo' 'cronometro' 'ora' 'minuto'],['tempo' 'ora'],['O' 'O' 'O' 'B-' 'O' 'B-' 'O'],
281,2F_24,macchina,taxista,autista,macchina,281_2F_24,['macchina' 'autista' 'taxista'],['autista' 'taxista'],['O' 'B-' 'B-'],
1878,3C_19,"infermiere, lavoro, guadagno, assegno, soldi",,medico,"infermiere, guadagno, assegno, soldi",1878_3C_19,['infermiere' 'lavoro' 'guadagno' 'assegno' 'soldi' 'medico'],['lavoro' 'medico'],['O' 'B-' 'O' 'O' 'O' 'B-'],
1895,5B_11,,,medico,,1895_5B_11,[' medico'],[' medico'],['B-'],
1962,1G_10,"muscolo, femore, gamba","neuroni, stress, pensiero",mente,"muscolo, femore, gamba, neuroni, stress, pensiero",1962_1G_10,['muscolo' 'femore' 'gamba' 'mente' 'neuroni' 'stress' 'pensiero'],['mente'],['O' 'O' 'O' 'B-' 'O' 'O' 'O'],
2669,5B_1,"riposarsi, rilassarsi, relax, tranquillità, calma, silenzio","con amici, una cena, famiglia",sogno,"riposarsi, rilassarsi, relax, tranquillità, calma, silenzio, con amici, una cena, famiglia",2669_5B_1,"['riposarsi' 'rilassarsi' 'relax' 'tranquillità' 'calma' 'silenzio'
 'sogno' 'sogno con amici' 'una cena' 'famiglia']",['sogno'],['O' 'O' 'O' 'O' 'O' 'O' 'B-' 'O' 'O' 'O'],con amici|||sogno con amici___
1312,1D_7,"essere vivente, animale, erbivoro, calmo, coriace, solare, tranquillo","puledro, cavallo bianco, cavallo nero",cavallo,"animale, erbivoro, calmo, coriace, solare, tranquillo, cavallo nero",1312_1D_7,"['essere vivente' 'animale' 'erbivoro' 'calmo' 'coriace' 'solare'
 'tranquillo' 'cavallo' 'puledro' 'cavallo bianco' 'cavallo nero']",['essere vivente' 'cavallo' 'puledro' 'cavallo bianco'],['B-' 'O' 'O' 'O' 'O' 'O' 'O' 'B-' 'B-' 'B-' 'O'],
1083,3C_5,"mestiere, lavoro, occupazione","ortopedico, gessista",medico,,1083_3C_5,['mestiere' 'lavoro' 'occupazione' 'medico' 'ortopedico' 'gessista'],['mestiere' 'lavoro' 'occupazione' 'medico' 'ortopedico' 'gessista'],['B-' 'B-' 'B-' 'B-' 'B-' 'B-'],
1446,2F_26,"lavoro, professione",insegnante di italiano,insegnante,professione,1446_2F_26,['lavoro' 'professione' 'insegnante' 'insegnante di italiano'],['lavoro' 'insegnante' 'insegnante di italiano'],['B-' 'O' 'B-' 'B-'],
191,1G_16,"lavoro, compito, sforzo mentale",degli anziani,badante,sforzo mentale,191_1G_16,['lavoro' 'compito' 'sforzo mentale' 'badante' 'badante degli anziani'],['lavoro' 'compito' 'badante' 'badante degli anziani'],['B-' 'B-' 'O' 'B-' 'B-'],degli anziani|||badante degli anziani___
2889,5D_15,ritardo,orologio,tempo,"ritardo, orologio",2889_5D_15,['ritardo' 'tempo' 'orologio'],['tempo'],['O' 'B-' 'O'],
1076,3C_5,"oggetto, materia","gioco da tavolo, cluedo",giocattolo,,1076_3C_5,['oggetto' 'materia' 'giocattolo' 'gioco da tavolo' 'cluedo'],['oggetto' 'materia' 'giocattolo' 'gioco da tavolo' 'cluedo'],['B-' 'B-' 'B-' 'B-' 'B-'],
830,2E_19,"animale, essere vivente, concreto, mammifero, mezzo di trasporto, quadrupede","sella, bardatura",cavallo,"mammifero, mezzo di trasporto, quadrupede, sella, bardatura",830_2E_19,"['animale' 'essere vivente' 'concreto' 'mammifero' 'mezzo di trasporto'
 'quadrupede' 'cavallo' 'sella' 'bardatura']",['animale' 'essere vivente' 'concreto' 'cavallo'],['B-' 'B-' 'B-' 'O' 'O' 'O' 'B-' 'O' 'O'],
898,2E_19,"sensazione, cosa astratta","amore, abbraccio",affetto,abbraccio,898_2E_19,['sensazione' 'cosa astratta' 'affetto' 'amore' 'abbraccio'],['sensazione' 'cosa astratta' 'affetto' 'amore'],['B-' 'B-' 'B-' 'B-' 'O'],
311,3B_4,"umano, trasportista","auto, bus",autista,"trasportista, bus",311_3B_4,['umano' 'trasportista' 'autista' 'auto' 'bus'],['umano' 'autista' 'auto'],['B-' 'O' 'B-' 'B-' 'O'],
2255,3C_14,,mente aperta,mente,,2255_3C_14,[' mente' 'mente aperta'],[' mente' 'mente aperta'],['B-' 'B-'],
2774,2E_22,,,tempo,,2774_2E_22,[' tempo'],[' tempo'],['B-'],
2147,1D_23,stato d'animo,ansia,paura,ansia,2147_1D_23,"[""stato d'animo"" 'paura' 'ansia']","[""stato d'animo"" 'paura']",['B-' 'B-' 'O'],
1287,3C_10,"emozione, sentimento",felicità,gioia,"sentimento, felicità",1287_3C_10,['emozione' 'sentimento' 'gioia' 'felicità'],['emozione' 'gioia'],['B-' 'O' 'B-' 'O'],
392,5B_7,"emozione, sentimento, cosa astratta","rabbia furiosa, ira",rabbia,"sentimento, ira",392_5B_7,['emozione' 'sentimento' 'cosa astratta' 'rabbia' 'rabbia furiosa' 'ira'],['emozione' 'cosa astratta' 'rabbia' 'rabbia furiosa'],['B-' 'O' 'B-' 'B-' 'B-' 'O'],
4,5B_14,"emozione, sentimento",bene,affetto,"sentimento, bene",4_5B_14,['emozione' 'sentimento' 'affetto' 'bene'],['emozione' 'affetto'],['B-' 'O' 'B-' 'O'],
114,3B_24,,,affetto,,114_3B_24,[' affetto'],[' affetto'],['B-'],
1946,2F_6,allucinazione,incubo,sogno,allucinazione,1946_2F_6,['allucinazione' 'sogno' 'incubo'],['sogno' 'incubo'],['O' 'B-' 'B-'],
2050,2F_14,"persona, mammifero, essere vivente, eucariota, entità","professore, di matematica, prof bandini",insegnante,eucariota,2050_2F_14,"['persona' 'mammifero' 'essere vivente' 'eucariota' 'entità' 'insegnante'
 'professore' 'professore di matematica' 'prof bandini']","['persona' 'mammifero' 'essere vivente' 'entità' 'insegnante' 'professore'
 'professore di matematica' 'prof bandini']",['B-' 'B-' 'B-' 'O' 'B-' 'B-' 'B-' 'B-' 'B-'],di matematica|||professore di matematica___
715,2E_7,"speranza, emozione",felicità,gioia,"speranza, felicità",715_2E_7,['speranza' 'emozione' 'gioia' 'felicità'],['emozione' 'gioia'],['O' 'B-' 'B-' 'O'],
781,2E_11,"animale, essere vivente, trasporto",veloce,cavallo,"trasporto, veloce",781_2E_11,['animale' 'essere vivente' 'trasporto' 'cavallo' 'veloce'],['animale' 'essere vivente' 'cavallo'],['B-' 'B-' 'O' 'B-' 'O'],
2851,3C_22,"luogo, posto","divertente, gioioso",tempo,"luogo, posto, divertente, gioioso",2851_3C_22,['luogo' 'posto' 'tempo' 'divertente' 'gioioso'],['tempo'],['O' 'O' 'B-' 'O' 'O'],
1085,3B_3,"utensile, oggetto, gioco","videogioco, console, televisione",giocattolo,"utensile, gioco, console, televisione",1085_3B_3,"['utensile' 'oggetto' 'gioco' 'giocattolo' 'videogioco' 'console'
 'televisione']",['oggetto' 'giocattolo' 'videogioco'],['O' 'B-' 'O' 'B-' 'B-' 'O' 'O'],
3083,5D_15,"fragole, cioccolato, frutti di bosco, pistacchio, biscotti, nutella, melone","kinder paradiso, tiramisù, salata",torta,"fragole, cioccolato, frutti di bosco, pistacchio, biscotti, nutella, melone, tiramisù, salata",3083_5D_15,"['fragole' 'cioccolato' 'frutti di bosco' 'pistacchio' 'biscotti'
 'nutella' 'melone' 'torta' 'kinder paradiso' 'tiramisù' 'salata']",['torta' 'kinder paradiso'],['O' 'O' 'O' 'O' 'O' 'O' 'O' 'B-' 'B-' 'O' 'O'],
2083,3C_6,muscolo,pensiero,mente,"muscolo, pensiero",2083_3C_6,['muscolo' 'mente' 'pensiero'],['mente'],['O' 'B-' 'O'],
68,2E_6,"persona, emozione, azione","aiuta, persone bisognose",affetto,"persona, azione, aiuta, persone bisognose",68_2E_6,['persona' 'emozione' 'azione' 'affetto' 'aiuta' 'persone bisognose'],['emozione' 'affetto'],['O' 'B-' 'O' 'B-' 'O' 'O'],
1180,3C_11,"persona, essere vivente",di nonni,badante,,1180_3C_11,['persona' 'essere vivente' 'badante' 'badante di nonni'],['persona' 'essere vivente' 'badante' 'badante di nonni'],['B-' 'B-' 'B-' 'B-'],di nonni|||badante di nonni___
2577,2E_2,"mente, sentimento, dormire","fantasia, desiderio",sogno,"sentimento, dormire, fantasia, desiderio",2577_2E_2,['mente' 'sentimento' 'dormire' 'sogno' 'fantasia' 'desiderio'],['mente' 'sogno'],['B-' 'O' 'O' 'B-' 'O' 'O'],
2236,2F_26,"sensazione, sentimento","abbraccio, bracio",affetto,"sentimento, abbraccio, bracio",2236_2F_26,['sensazione' 'sentimento' 'affetto' 'abbraccio' 'bracio'],['sensazione' 'affetto'],['B-' 'O' 'B-' 'O' 'O'],
929,5B_15,"equino, animale, organismo, terrestre, vivente, corpo","stallone, nero",cavallo,corpo,929_5B_15,"['equino' 'animale' 'organismo' 'terrestre' 'vivente' 'corpo' 'cavallo'
 'stallone' 'nero']","['equino' 'animale' 'organismo' 'terrestre' 'vivente' 'cavallo' 'stallone'
 'nero']",['B-' 'B-' 'B-' 'B-' 'B-' 'O' 'B-' 'B-' 'B-'],
2369,3C_21,"sentimento, cosa","affetto verso un essere vivente, affetto verso un animale, affetto verso un gatto",affetto,cosa,2369_3C_21,"['sentimento' 'cosa' 'affetto' 'affetto verso un essere vivente'
 'affetto verso un animale' 'affetto verso un gatto']","['sentimento' 'affetto' 'affetto verso un essere vivente'
 'affetto verso un animale' 'affetto verso un gatto']",['B-' 'O' 'B-' 'B-' 'B-' 'B-'],
2365,3C_20,"fazzoletti, oggetto",profumati,tempo,"fazzoletti, oggetto, profumati",2365_3C_20,['fazzoletti' 'oggetto' 'tempo' 'profumati'],['tempo'],['O' 'O' 'B-' 'O'],
555,5B_17,"pensiero, cosa astratta",di avere un cavallo,sogno,di avere un cavallo,555_5B_17,['pensiero' 'cosa astratta' 'sogno' 'sogno di avere un cavallo'],['pensiero' 'cosa astratta' 'sogno'],['B-' 'B-' 'B-' 'O'],di avere un cavallo|||sogno di avere un cavallo___
1710,5D_13,,di esprimere la propria opinione,libertà,,1710_5D_13,[' libertà' ' libertà di esprimere la propria opinione'],[' libertà' ' libertà di esprimere la propria opinione'],['B-' 'B-'],di esprimere la propria opinione||| libertà di esprimere la propria opinione___
1654,3B_15,,"di parola, voto",libertà,voto,1654_3B_15,[' libertà' ' libertà di parola' 'voto'],[' libertà' ' libertà di parola'],['B-' 'B-' 'O'],di parola||| libertà di parola___
353,5B_5,nome astratto,,libertà,,353_5B_5,['nome astratto' 'libertà'],['nome astratto' 'libertà'],['B-' 'B-'],
1840,2F_8,"infermiere, persona, chirurgo",medicina,medico,"infermiere, chirurgo, medicina",1840_2F_8,['infermiere' 'persona' 'chirurgo' 'medico' 'medicina'],['persona' 'medico'],['O' 'B-' 'O' 'B-' 'O'],
606,5B_21,"animale, corpo, cosa, entità","cavallo nero, nero e bianco, nero bianco e rosso",cavallo,corpo,606_5B_21,"['animale' 'corpo' 'cosa' 'entità' 'cavallo' 'cavallo nero'
 'nero e bianco' 'nero bianco e rosso']","['animale' 'cosa' 'entità' 'cavallo' 'cavallo nero' 'nero e bianco'
 'nero bianco e rosso']",['B-' 'O' 'B-' 'B-' 'B-' 'B-' 'B-' 'B-'],
2121,2F_19,"sentimento, pensiero",,affetto,pensiero,2121_2F_19,['sentimento' 'pensiero' 'affetto'],['sentimento' 'affetto'],['B-' 'O' 'B-'],
947,2E_22,emozione,felicità,gioia,felicità,947_2E_22,['emozione' 'gioia' 'felicità'],['emozione' 'gioia'],['B-' 'B-' 'O'],
393,1D_15,mezzo di trasporto,"pandino 4x4, lamborghini, mercedes",automobile,"lamborghini, mercedes",393_1D_15,['mezzo di trasporto' 'automobile' 'pandino 4x4' 'lamborghini' 'mercedes'],['mezzo di trasporto' 'automobile' 'pandino 4x4'],['B-' 'B-' 'B-' 'O' 'O'],
2735,1D_8,unità di misura,"minuto, secondo, ora",tempo,"secondo, ora",2735_1D_8,['unità di misura' 'tempo' 'minuto' 'secondo' 'ora'],['unità di misura' 'tempo' 'minuto'],['B-' 'B-' 'B-' 'O' 'O'],
1450,2F_6,"insegna, ruolo, studioso, studioso","prof, maestra, professoressa",insegnante,"insegna, studioso, studioso, maestra, professoressa",1450_2F_6,"['insegna' 'ruolo' 'studioso' 'studioso' 'insegnante' 'prof' 'maestra'
 'professoressa']",['ruolo' 'insegnante' 'prof'],['O' 'B-' 'O' 'O' 'B-' 'B-' 'O' 'O'],
1626,5D_5,"organo, corpo, materia, cellule",cervello,mente,"organo, corpo, materia, cellule, cervello",1626_5D_5,['organo' 'corpo' 'materia' 'cellule' 'mente' 'cervello'],['mente'],['O' 'O' 'O' 'O' 'B-' 'O'],
1919,2F_5,"mestiere, persona che cura",,badante,persona che cura,1919_2F_5,['mestiere' 'persona che cura' 'badante'],['mestiere' 'badante'],['B-' 'O' 'B-'],
1186,3C_12,emozione,isterica,rabbia,isterica,1186_3C_12,['emozione' 'rabbia' 'isterica'],['emozione' 'rabbia'],['B-' 'B-' 'O'],
1100,3C_6,"alimento dolce, cibo, sostanza","al cioccolato, al cacao puro",torta,,1100_3C_6,"['alimento dolce' 'cibo' 'sostanza' 'torta' 'al cioccolato'
 'al cacao puro']","['alimento dolce' 'cibo' 'sostanza' 'torta' 'al cioccolato'
 'al cacao puro']",['B-' 'B-' 'B-' 'B-' 'B-' 'B-'],
2096,5B_18,organo del corpo,pensiero,mente,"organo del corpo, pensiero",2096_5B_18,['organo del corpo' 'mente' 'pensiero'],['mente'],['O' 'B-' 'O'],
3023,3B_26,"dolce, alimento, cibo","zucchero, di canna",torta,"zucchero, di canna",3023_3B_26,['dolce' 'alimento' 'cibo' 'torta' 'zucchero' 'zucchero di canna'],['dolce' 'alimento' 'cibo' 'torta'],['B-' 'B-' 'B-' 'B-' 'O' 'O'],di canna|||zucchero di canna___
1016,3C_1,"dolce, alimento, sostanza nutritiva","cheesecake torta gelato, torta gelato alla frutta, futti rossi, torta di burrocacao",torta,torta di burrocacao,1016_3C_1,"['dolce' 'alimento' 'sostanza nutritiva' 'torta' 'cheesecake torta gelato'
 'torta gelato alla frutta' 'futti rossi' 'torta di burrocacao']","['dolce' 'alimento' 'sostanza nutritiva' 'torta' 'cheesecake torta gelato'
 'torta gelato alla frutta' 'futti rossi']",['B-' 'B-' 'B-' 'B-' 'B-' 'B-' 'B-' 'O'],
421,1G_2,"autista, persona, essere umano",veicolo,automobile,"autista, persona, essere umano, veicolo",421_1G_2,['autista' 'persona' 'essere umano' 'automobile' 'veicolo'],['automobile'],['O' 'O' 'O' 'B-' 'O'],
1455,1D_16,"emozione, cosa astratta, entità",affetto fraterno,affetto,,1455_1D_16,['emozione' 'cosa astratta' 'entità' 'affetto' 'affetto fraterno'],['emozione' 'cosa astratta' 'entità' 'affetto' 'affetto fraterno'],['B-' 'B-' 'B-' 'B-' 'B-'],
2228,2F_8,emozione,"buio, contatto fisico",paura,contatto fisico,2228_2F_8,['emozione' 'paura' 'buio' 'contatto fisico'],['emozione' 'paura' 'buio'],['B-' 'B-' 'B-' 'O'],
315,5B_2,"emozione, cosa astratta, cosa ",,gioia,cosa,315_5B_2,['emozione' 'cosa astratta' 'cosa ' 'gioia'],['emozione' 'cosa astratta' 'cosa ' 'gioia'],['B-' 'B-' 'B-' 'B-'],
1497,3C_25,matematica,scuola,insegnante,"matematica, scuola",1497_3C_25,['matematica' 'insegnante' 'scuola'],['insegnante'],['O' 'B-' 'O'],
2653,3C_18,pensiero,incubo,sogno,,2653_3C_18,['pensiero' 'sogno' 'incubo'],['pensiero' 'sogno' 'incubo'],['B-' 'B-' 'B-'],
1006,1G_23,oggetto,"ps4, console",giocattolo,console,1006_1G_23,['oggetto' 'giocattolo' 'ps4' 'console'],['oggetto' 'giocattolo' 'ps4'],['B-' 'B-' 'B-' 'O'],
104,1G_8,"emozione astratta, emozione, sentimento, entità astratta",rabbia focosa,rabbia,"sentimento, rabbia focosa",104_1G_8,"['emozione astratta' 'emozione' 'sentimento' 'entità astratta' 'rabbia'
 'rabbia focosa']",['emozione astratta' 'emozione' 'entità astratta' 'rabbia'],['B-' 'B-' 'O' 'B-' 'B-' 'O'],
1377,1D_11,"alimento, cibo, entità",torta gelato,torta,,1377_1D_11,['alimento' 'cibo' 'entità' 'torta' 'torta gelato'],['alimento' 'cibo' 'entità' 'torta' 'torta gelato'],['B-' 'B-' 'B-' 'B-' 'B-'],
1582,5D_2,"desiderio, entità",,sogno,desiderio,1582_5D_2,['desiderio' 'entità' 'sogno'],['entità' 'sogno'],['O' 'B-' 'B-'],
1208,3C_13,"mestiere, impiego, lavoro, impegno","maestra, di storia",insegnante,,1208_3C_13,"['mestiere' 'impiego' 'lavoro' 'impegno' 'insegnante' 'maestra'
 'maestra di storia']","['mestiere' 'impiego' 'lavoro' 'impegno' 'insegnante' 'maestra'
 'maestra di storia']",['B-' 'B-' 'B-' 'B-' 'B-' 'B-' 'B-'],di storia|||maestra di storia___
249,2E_19,"persona, mammifero, mestiere, bipede","taxi, autobus, auto",autista,"mestiere, autobus, auto",249_2E_19,"['persona' 'mammifero' 'mestiere' 'bipede' 'autista' 'taxi' 'autobus'
 'auto']",['persona' 'mammifero' 'bipede' 'autista' 'taxi'],['B-' 'B-' 'O' 'B-' 'B-' 'B-' 'O' 'O'],
2030,2F_4,,,mente,,2030_2F_4,[' mente'],[' mente'],['B-'],
2086,2F_17,"sentimento, cosa astratta",affetto fraterno,affetto,,2086_2F_17,['sentimento' 'cosa astratta' 'affetto' 'affetto fraterno'],['sentimento' 'cosa astratta' 'affetto' 'affetto fraterno'],['B-' 'B-' 'B-' 'B-'],
3093,5D_24,"dolce, alimento, nutriente",tenerina,torta,,3093_5D_24,['dolce' 'alimento' 'nutriente' 'torta' 'tenerina'],['dolce' 'alimento' 'nutriente' 'torta' 'tenerina'],['B-' 'B-' 'B-' 'B-' 'B-'],
1174,3C_11,"alimento solido, cibo, sostanza",tenerina,torta,,1174_3C_11,['alimento solido' 'cibo' 'sostanza' 'torta' 'tenerina'],['alimento solido' 'cibo' 'sostanza' 'torta' 'tenerina'],['B-' 'B-' 'B-' 'B-' 'B-'],
2729,1D_23,dividere una lezione da un'altra,millesimo di secondo,tempo,dividere una lezione da un'altra,2729_1D_23,"[""dividere una lezione da un'altra"" 'tempo' 'millesimo di secondo']",['tempo' 'millesimo di secondo'],['O' 'B-' 'B-'],
1745,5D_15,"animale, mammifero, entità, essere vivente","bianco, peli",cavallo,"mammifero, essere vivente, peli",1745_5D_15,['animale' 'mammifero' 'entità' 'essere vivente' 'cavallo' 'bianco' 'peli'],['animale' 'entità' 'cavallo' 'bianco'],['B-' 'O' 'B-' 'O' 'B-' 'B-' 'O'],
34,1G_2,"emozione, sensazione",amore,affetto,,34_1G_2,['emozione' 'sensazione' 'affetto' 'amore'],['emozione' 'sensazione' 'affetto' 'amore'],['B-' 'B-' 'B-' 'B-'],
481,5B_13,"emozione, sensazione","arrabbiato, persona arrabbiata",rabbia,"arrabbiato, persona arrabbiata",481_5B_13,['emozione' 'sensazione' 'rabbia' 'arrabbiato' 'persona arrabbiata'],['emozione' 'sensazione' 'rabbia'],['B-' 'B-' 'B-' 'O' 'O'],
2532,1D_20,"sognare, fantasia",,sogno,sognare,2532_1D_20,['sognare' 'fantasia' 'sogno'],['fantasia' 'sogno'],['O' 'B-' 'B-'],
319,5B_3,"emozione, cosa astratta",commovente,gioia,,319_5B_3,['emozione' 'cosa astratta' 'gioia' 'commovente'],['emozione' 'cosa astratta' 'gioia' 'commovente'],['B-' 'B-' 'B-' 'B-'],
155,1G_12,sentimento,dell'interrogazione,paura,dell'interrogazione,155_1G_12,"['sentimento' 'paura' ""dell'interrogazione""]",['sentimento' 'paura'],['B-' 'B-' 'O'],
1125,5B_17,divertimento,"bambola, barbie, barbie giornalista",giocattolo,divertimento,1125_5B_17,['divertimento' 'giocattolo' 'bambola' 'barbie' 'barbie giornalista'],['giocattolo' 'bambola' 'barbie' 'barbie giornalista'],['O' 'B-' 'B-' 'B-' 'B-'],
1741,5D_14,"persona, essere vivente, mammifero",pediatra,medico,mammifero,1741_5D_14,['persona' 'essere vivente' 'mammifero' 'medico' 'pediatra'],['persona' 'essere vivente' 'medico' 'pediatra'],['B-' 'B-' 'O' 'B-' 'B-'],
1089,3B_7,oggetto,"macchinine, bambole",giocattolo,bambole,1089_3B_7,['oggetto' 'giocattolo' 'macchinine' 'bambole'],['oggetto' 'giocattolo' 'macchinine'],['B-' 'B-' 'B-' 'O'],
1822,5D_22,"alimento freddo, dolce, cibo, nutrimento","al cioccolato, con la panna, alla vaniglia",torta,alimento freddo,1822_5D_22,"['alimento freddo' 'dolce' 'cibo' 'nutrimento' 'torta' 'al cioccolato'
 'al cioccolato con la panna' 'al cioccolato alla vaniglia']","['dolce' 'cibo' 'nutrimento' 'torta' 'al cioccolato'
 'al cioccolato con la panna' 'al cioccolato alla vaniglia']",['O' 'B-' 'B-' 'B-' 'B-' 'B-' 'B-' 'B-'],con la panna|||al cioccolato con la panna___alla vaniglia|||al cioccolato alla vaniglia___
2165,1G_19,timori,intelletto,paura,"timori, intelletto",2165_1G_19,['timori' 'paura' 'intelletto'],['paura'],['O' 'B-' 'O'],
2616,2F_8,"fantasia, immaginazione",incubo,sogno,,2616_2F_8,['fantasia' 'immaginazione' 'sogno' 'incubo'],['fantasia' 'immaginazione' 'sogno' 'incubo'],['B-' 'B-' 'B-' 'B-'],
2207,2F_12,"emozione, sentimento, timore","claustrofobia, talassofobia",paura,"sentimento, timore, talassofobia",2207_2F_12,['emozione' 'sentimento' 'timore' 'paura' 'claustrofobia' 'talassofobia'],['emozione' 'paura' 'claustrofobia'],['B-' 'O' 'O' 'B-' 'B-' 'O'],
78,2F_15,emozione,amicizia,affetto,,78_2F_15,['emozione' 'affetto' 'amicizia'],['emozione' 'affetto' 'amicizia'],['B-' 'B-' 'B-'],
133,3C_18,,abbraccio,affetto,abbraccio,133_3C_18,[' affetto' 'abbraccio'],[' affetto'],['B-' 'O'],
2258,3C_11,"emozione, sentimento",altezza,paura,sentimento,2258_3C_11,['emozione' 'sentimento' 'paura' 'altezza'],['emozione' 'paura' 'altezza'],['B-' 'O' 'B-' 'B-'],
918,3C_5,"stalle, equitazione, cavalcare, sport, allenamento",unicorno,cavallo,"stalle, equitazione, cavalcare, sport, allenamento, unicorno",918_3C_5,"['stalle' 'equitazione' 'cavalcare' 'sport' 'allenamento' 'cavallo'
 'unicorno']",['cavallo'],['O' 'O' 'O' 'O' 'O' 'B-' 'O'],
1156,5D_4,"oggetto, essere non vivente","pupazzo, peluche",giocattolo,peluche,1156_5D_4,['oggetto' 'essere non vivente' 'giocattolo' 'pupazzo' 'peluche'],['oggetto' 'essere non vivente' 'giocattolo' 'pupazzo'],['B-' 'B-' 'B-' 'B-' 'O'],
298,3B_16,"lavoratore, umano, bipede, pluricellulare, essere vivente","coautista, coautista del bus",autista,,298_3B_16,"['lavoratore' 'umano' 'bipede' 'pluricellulare' 'essere vivente' 'autista'
 'coautista' 'coautista del bus']","['lavoratore' 'umano' 'bipede' 'pluricellulare' 'essere vivente' 'autista'
 'coautista' 'coautista del bus']",['B-' 'B-' 'B-' 'B-' 'B-' 'B-' 'B-' 'B-'],
3082,5D_14,"cibo, alimento",al caramello,torta,,3082_5D_14,['cibo' 'alimento' 'torta' 'al caramello'],['cibo' 'alimento' 'torta' 'al caramello'],['B-' 'B-' 'B-' 'B-'],
1458,3B_13,"maestro, disciplina, imparare",,insegnante,"maestro, disciplina, imparare",1458_3B_13,['maestro' 'disciplina' 'imparare' 'insegnante'],['insegnante'],['O' 'O' 'O' 'B-'],
594,1D_22,"lavoratrici, persona",babysitter,badante,babysitter,594_1D_22,['lavoratrici' 'persona' 'badante' 'babysitter'],['lavoratrici' 'persona' 'badante'],['B-' 'B-' 'B-' 'O'],
1967,2F_9,sentimento,reciproco,affetto,,1967_2F_9,['sentimento' 'affetto' 'reciproco'],['sentimento' 'affetto' 'reciproco'],['B-' 'B-' 'B-'],
1836,5D_22,"lavoro, professione, hobby","vecchio, osteopata, podologo",medico,"professione, hobby, vecchio, podologo",1836_5D_22,['lavoro' 'professione' 'hobby' 'medico' 'vecchio' 'osteopata' 'podologo'],['lavoro' 'medico' 'osteopata'],['B-' 'O' 'O' 'B-' 'O' 'B-' 'O'],
1376,1D_11,"emozione, stato d'animo, cosa astratta",dell'altezza,paura,stato d'animo,1376_1D_11,"['emozione' ""stato d'animo"" 'cosa astratta' 'paura' ""dell'altezza""]","['emozione' 'cosa astratta' 'paura' ""dell'altezza""]",['B-' 'O' 'B-' 'B-' 'B-'],
2230,2F_26,"guidatore, persona, essere umano, mammifero, animale, essere vivente, cosa","taxi, uber",autista,,2230_2F_26,"['guidatore' 'persona' 'essere umano' 'mammifero' 'animale'
 'essere vivente' 'cosa' 'autista' 'taxi' 'uber']","['guidatore' 'persona' 'essere umano' 'mammifero' 'animale'
 'essere vivente' 'cosa' 'autista' 'taxi' 'uber']",['B-' 'B-' 'B-' 'B-' 'B-' 'B-' 'B-' 'B-' 'B-' 'B-'],
311,5B_2,"cosa astratta, cosa",,tempo,cosa,311_5B_2,['cosa astratta' 'cosa' 'tempo'],['cosa astratta' 'tempo'],['B-' 'O' 'B-'],
82,1G_7,"oggetto, materiale",trenino di legno,giocattolo,materiale,82_1G_7,['oggetto' 'materiale' 'giocattolo' 'trenino di legno'],['oggetto' 'giocattolo' 'trenino di legno'],['B-' 'O' 'B-' 'B-'],
2030,2F_13,"emozione, sentimento, cosa astratta",euforia,gioia,sentimento,2030_2F_13,['emozione' 'sentimento' 'cosa astratta' 'gioia' 'euforia'],['emozione' 'cosa astratta' 'gioia' 'euforia'],['B-' 'O' 'B-' 'B-' 'B-'],
822,2E_11,"essere vivente, animale, mammifero, mezzo di trasporto","bianco, nero, macchiato",cavallo,"animale, mammifero, mezzo di trasporto, nero, macchiato",822_2E_11,"['essere vivente' 'animale' 'mammifero' 'mezzo di trasporto' 'cavallo'
 'bianco' 'nero' 'macchiato']",['essere vivente' 'cavallo' 'bianco'],['B-' 'O' 'O' 'O' 'B-' 'B-' 'O' 'O'],
2660,3C_24,"speranza, sentimento, emozione, quello che provi","di ballare, di andare all'università, di laurearmi",sogno,"speranza, sentimento, emozione, quello che provi, di andare all'università, di laurearmi",2660_3C_24,"['speranza' 'sentimento' 'emozione' 'quello che provi' 'sogno'
 'sogno di ballare' ""sogno di andare all'università"" 'sogno di laurearmi']",['sogno' 'sogno di ballare'],['O' 'O' 'O' 'O' 'B-' 'B-' 'O' 'O'],di ballare|||sogno di ballare___di andare all'università|||sogno di andare all'università___di laurearmi|||sogno di laurearmi___
3016,3B_2,"dolce, alimento, energia",tiramisù,torta,,3016_3B_2,['dolce' 'alimento' 'energia' 'torta' 'tiramisù'],['dolce' 'alimento' 'energia' 'torta' 'tiramisù'],['B-' 'B-' 'B-' 'B-' 'B-'],
1441,1D_15,oggetto,"camioncino, pallone, hot weels ",giocattolo,"pallone, hot weels",1441_1D_15,['oggetto' 'giocattolo' 'camioncino' 'pallone' 'hot weels'],['oggetto' 'giocattolo' 'camioncino'],['B-' 'B-' 'B-' 'O' 'O'],
1563,1D_22,"persona, bipede, onnivoro, animale, essere vivente, entità",automobilista,autista,,1563_1D_22,"['persona' 'bipede' 'onnivoro' 'animale' 'essere vivente' 'entità'
 'autista' 'automobilista']","['persona' 'bipede' 'onnivoro' 'animale' 'essere vivente' 'entità'
 'autista' 'automobilista']",['B-' 'B-' 'B-' 'B-' 'B-' 'B-' 'B-' 'B-'],
333,5B_3,"lavoratrice, persona, essere umano, essere vivente","di scuola primaria, silvia, silvia donati",insegnante,,333_5B_3,"['lavoratrice' 'persona' 'essere umano' 'essere vivente' 'insegnante'
 'insegnante di scuola primaria' 'silvia' 'silvia donati']","['lavoratrice' 'persona' 'essere umano' 'essere vivente' 'insegnante'
 'insegnante di scuola primaria' 'silvia' 'silvia donati']",['B-' 'B-' 'B-' 'B-' 'B-' 'B-' 'B-' 'B-'],di scuola primaria|||insegnante di scuola primaria___
1244,1D_2,"lavoro, autobus, mezzo di trasporto, entità","meccanico, operaio",autista,"autobus, mezzo di trasporto, meccanico, operaio",1244_1D_2,"['lavoro' 'autobus' 'mezzo di trasporto' 'entità' 'autista' 'meccanico'
 'operaio']",['lavoro' 'entità' 'autista'],['B-' 'O' 'O' 'B-' 'B-' 'O' 'O'],
938,5B_4,"mammifero, animale, essere vivente",,cavallo,,938_5B_4,['mammifero' 'animale' 'essere vivente' 'cavallo'],['mammifero' 'animale' 'essere vivente' 'cavallo'],['B-' 'B-' 'B-' 'B-'],
1880,3C_20,"lavoro, persona, essere vivente",dentista,medico,"persona, essere vivente",1880_3C_20,['lavoro' 'persona' 'essere vivente' 'medico' 'dentista'],['lavoro' 'medico' 'dentista'],['B-' 'O' 'O' 'B-' 'B-'],
1621,5D_5,"persona, mammifero, essere vivente, un insieme di cellule",babysitter,badante,"un insieme di cellule, babysitter",1621_5D_5,"['persona' 'mammifero' 'essere vivente' 'un insieme di cellule' 'badante'
 'babysitter']",['persona' 'mammifero' 'essere vivente' 'badante'],['B-' 'B-' 'B-' 'O' 'B-' 'O'],
1969,2F_9,cosa astratta,incubo,sogno,,1969_2F_9,['cosa astratta' 'sogno' 'incubo'],['cosa astratta' 'sogno' 'incubo'],['B-' 'B-' 'B-'],
626,2E_2,"emozione, sensazione, cosa astratta, entità","ragni, claustrofobia, aracnofobia",paura,"claustrofobia, aracnofobia",626_2E_2,"['emozione' 'sensazione' 'cosa astratta' 'entità' 'paura' 'ragni'
 'claustrofobia' 'aracnofobia']",['emozione' 'sensazione' 'cosa astratta' 'entità' 'paura' 'ragni'],['B-' 'B-' 'B-' 'B-' 'B-' 'B-' 'O' 'O'],
1370,1D_10,"mestiere, lavoro, guadagno",ortopedico,medico,guadagno,1370_1D_10,['mestiere' 'lavoro' 'guadagno' 'medico' 'ortopedico'],['mestiere' 'lavoro' 'medico' 'ortopedico'],['B-' 'B-' 'O' 'B-' 'B-'],
2045,2F_13,"sentimento, emozione, tipo di amore, cosa astratta",affetto di mamma,affetto,"emozione, tipo di amore",2045_2F_13,"['sentimento' 'emozione' 'tipo di amore' 'cosa astratta' 'affetto'
 'affetto di mamma']",['sentimento' 'cosa astratta' 'affetto' 'affetto di mamma'],['B-' 'O' 'O' 'B-' 'B-' 'B-'],
1749,1D_14,"persona, lavoro, essere vivente","chirurgo, dentista, podologo",medico,"lavoro, dentista, podologo",1749_1D_14,"['persona' 'lavoro' 'essere vivente' 'medico' 'chirurgo' 'dentista'
 'podologo']",['persona' 'essere vivente' 'medico' 'chirurgo'],['B-' 'O' 'B-' 'B-' 'B-' 'O' 'O'],
1755,5D_15,entità,babysitter,badante,babysitter,1755_5D_15,['entità' 'badante' 'babysitter'],['entità' 'badante'],['B-' 'B-' 'O'],
912,2E_20,"animale, mammifero, essere vivente","cavallo maschio, cavallo da tiro, cavallo da corsa",cavallo,"mammifero, cavallo da corsa",912_2E_20,"['animale' 'mammifero' 'essere vivente' 'cavallo' 'cavallo maschio'
 'cavallo da tiro' 'cavallo da corsa']",['animale' 'essere vivente' 'cavallo' 'cavallo maschio' 'cavallo da tiro'],['B-' 'O' 'B-' 'B-' 'B-' 'B-' 'O'],
310,3B_3,"lavoro, mestiere, impegno","camion, macchina, mezzo di trasporto",autista,"mestiere, macchina, mezzo di trasporto",310_3B_3,"['lavoro' 'mestiere' 'impegno' 'autista' 'camion' 'macchina'
 'mezzo di trasporto']",['lavoro' 'impegno' 'autista' 'camion'],['B-' 'O' 'B-' 'B-' 'B-' 'O' 'O'],
1191,1G_15,sentimento,,gioia,,1191_1G_15,['sentimento' 'gioia'],['sentimento' 'gioia'],['B-' 'B-'],
116,3B_26,"emozione, senso",abbraccio,affetto,"senso, abbraccio",116_3B_26,['emozione' 'senso' 'affetto' 'abbraccio'],['emozione' 'affetto'],['B-' 'O' 'B-' 'O'],
3034,3C_12,"cibo, dolce","tenerina, torta kinder bueno, torta di mele",torta,"dolce, torta kinder bueno, torta di mele",3034_3C_12,['cibo' 'dolce' 'torta' 'tenerina' 'torta kinder bueno' 'torta di mele'],['cibo' 'torta' 'tenerina'],['B-' 'O' 'B-' 'B-' 'O' 'O'],
2981,2F_11,"carboidrato, cibo",sacher,torta,carboidrato,2981_2F_11,['carboidrato' 'cibo' 'torta' 'sacher'],['cibo' 'torta' 'sacher'],['O' 'B-' 'B-' 'B-'],
2668,3C_9,fantasia,sogno bello,sogno,,2668_3C_9,['fantasia' 'sogno' 'sogno bello'],['fantasia' 'sogno' 'sogno bello'],['B-' 'B-' 'B-'],
1920,2F_5,animale,puledro,cavallo,,1920_2F_5,['animale' 'cavallo' 'puledro'],['animale' 'cavallo' 'puledro'],['B-' 'B-' 'B-'],
3090,5D_21,"dolce, cibo",limone,torta,,3090_5D_21,['dolce' 'cibo' 'torta' 'limone'],['dolce' 'cibo' 'torta' 'limone'],['B-' 'B-' 'B-' 'B-'],
1975,2F_9,"sentimento, emozione, cosa astratta","aracnofobia, tarantolafobia",paura,"emozione, tarantolafobia",1975_2F_9,"['sentimento' 'emozione' 'cosa astratta' 'paura' 'aracnofobia'
 'tarantolafobia']",['sentimento' 'cosa astratta' 'paura' 'aracnofobia'],['B-' 'O' 'B-' 'B-' 'B-' 'O'],
1802,2E_20,persona,person,medico,person,1802_2E_20,['persona' 'medico' 'person'],['persona' 'medico'],['B-' 'B-' 'O'],
250,2E_2,"taxi, lavoro, persona",privato,autista,"taxi, persona",250_2E_2,['taxi' 'lavoro' 'persona' 'autista' 'privato'],['lavoro' 'autista' 'privato'],['O' 'B-' 'O' 'B-' 'B-'],
409,1D_9,"motore, pezzi di macchina, mezzo di trasporto","citroen, audi, lamborghini",automobile,"motore, pezzi di macchina, audi, lamborghini",409_1D_9,"['motore' 'pezzi di macchina' 'mezzo di trasporto' 'automobile' 'citroen'
 'audi' 'lamborghini']",['mezzo di trasporto' 'automobile' 'citroen'],['O' 'O' 'B-' 'B-' 'B-' 'O' 'O'],
707,3C_12,"aiutante, mestiere, modo per aiutare",,badante,modo per aiutare,707_3C_12,['aiutante' 'mestiere' 'modo per aiutare' 'badante'],['aiutante' 'mestiere' 'badante'],['B-' 'B-' 'O' 'B-'],
755,2E_10,"emozione, sentimento, entità, nome",felicità,gioia,"sentimento, nome, felicità",755_2E_10,['emozione' 'sentimento' 'entità' 'nome' 'gioia' 'felicità'],['emozione' 'entità' 'gioia'],['B-' 'O' 'B-' 'O' 'B-' 'O'],
1332,1D_8,"mammifero, animale, essere vivente, entità",sauro,cavallo,,1332_1D_8,['mammifero' 'animale' 'essere vivente' 'entità' 'cavallo' 'sauro'],['mammifero' 'animale' 'essere vivente' 'entità' 'cavallo' 'sauro'],['B-' 'B-' 'B-' 'B-' 'B-' 'B-'],
3053,3C_7,"cheesecake, dolce, alimento","cioccolato, pan di spagna",torta,"cheesecake, pan di spagna",3053_3C_7,['cheesecake' 'dolce' 'alimento' 'torta' 'cioccolato' 'pan di spagna'],['dolce' 'alimento' 'torta' 'cioccolato'],['O' 'B-' 'B-' 'B-' 'B-' 'O'],
1721,5D_10,,scelta,libertà,,1721_5D_10,[' libertà' 'scelta'],[' libertà' 'scelta'],['B-' 'B-'],
641,2E_23,"persona, mammifero, essere vivente",babysitter,badante,babysitter,641_2E_23,['persona' 'mammifero' 'essere vivente' 'badante' 'babysitter'],['persona' 'mammifero' 'essere vivente' 'badante'],['B-' 'B-' 'B-' 'B-' 'O'],
1353,1D_9,"oggetto, materiale",peluche,giocattolo,materiale,1353_1D_9,['oggetto' 'materiale' 'giocattolo' 'peluche'],['oggetto' 'giocattolo' 'peluche'],['B-' 'O' 'B-' 'B-'],
2371,1G_9,sentimento,fastidio,rabbia,fastidio,2371_1G_9,['sentimento' 'rabbia' 'fastidio'],['sentimento' 'rabbia'],['B-' 'B-' 'O'],
1207,1G_9,sentimento,,gioia,,1207_1G_9,['sentimento' 'gioia'],['sentimento' 'gioia'],['B-' 'B-'],
2675,5B_15,azione,incubo,sogno,azione,2675_5B_15,['azione' 'sogno' 'incubo'],['sogno' 'incubo'],['O' 'B-' 'B-'],
890,2E_18,"emozione, sensazione",,gioia,,890_2E_18,['emozione' 'sensazione' 'gioia'],['emozione' 'sensazione' 'gioia'],['B-' 'B-' 'B-'],
210,1G_19,"mezzo a motore, mezzo di trasporto, cosa","mercedes, mercedes GLC, macchina gialla",automobile,,210_1G_19,"['mezzo a motore' 'mezzo di trasporto' 'cosa' 'automobile' 'mercedes'
 'mercedes GLC' 'macchina gialla']","['mezzo a motore' 'mezzo di trasporto' 'cosa' 'automobile' 'mercedes'
 'mercedes GLC' 'macchina gialla']",['B-' 'B-' 'B-' 'B-' 'B-' 'B-' 'B-'],
893,2E_18,"oggetto, entità","puzzle, puzzle 3d",giocattolo,,893_2E_18,['oggetto' 'entità' 'giocattolo' 'puzzle' 'puzzle 3d'],['oggetto' 'entità' 'giocattolo' 'puzzle' 'puzzle 3d'],['B-' 'B-' 'B-' 'B-' 'B-'],
867,2E_17,"emozione, sentimento, pauroso, entità","di un animale, di un orso, di un orso bruno",paura,"sentimento, pauroso",867_2E_17,"['emozione' 'sentimento' 'pauroso' 'entità' 'paura' 'paura di un animale'
 'paura di un orso' 'paura di un orso bruno']","['emozione' 'entità' 'paura' 'paura di un animale' 'paura di un orso'
 'paura di un orso bruno']",['B-' 'O' 'O' 'B-' 'B-' 'B-' 'B-' 'B-'],di un animale|||paura di un animale___di un orso|||paura di un orso___di un orso bruno|||paura di un orso bruno___
2525,1D_14,"cosa, brutta/bella",,sogno,"cosa, brutta/bella",2525_1D_14,['cosa' 'brutta/bella' 'sogno'],['sogno'],['O' 'O' 'B-'],
638,2E_2,"dessert, cibo, alimento, entità","al cioccolato, del madagascar",torta,,638_2E_2,"['dessert' 'cibo' 'alimento' 'entità' 'torta' 'al cioccolato'
 'al cioccolato del madagascar']","['dessert' 'cibo' 'alimento' 'entità' 'torta' 'al cioccolato'
 'al cioccolato del madagascar']",['B-' 'B-' 'B-' 'B-' 'B-' 'B-' 'B-'],del madagascar|||al cioccolato del madagascar___
1556,1D_22,"equino, quadrupede, erbivoro, animale, essere vivente, essere pluricellulare, entità","mustang, grigio",cavallo,essere pluricellulare,1556_1D_22,"['equino' 'quadrupede' 'erbivoro' 'animale' 'essere vivente'
 'essere pluricellulare' 'entità' 'cavallo' 'mustang' 'grigio']","['equino' 'quadrupede' 'erbivoro' 'animale' 'essere vivente' 'entità'
 'cavallo' 'mustang' 'grigio']",['B-' 'B-' 'B-' 'B-' 'B-' 'O' 'B-' 'B-' 'B-' 'B-'],
90,1G_7,"sentimento, astratto",di cadere,paura,,90_1G_7,['sentimento' 'astratto' 'paura' 'paura di cadere'],['sentimento' 'astratto' 'paura' 'paura di cadere'],['B-' 'B-' 'B-' 'B-'],di cadere|||paura di cadere___
482,2F_7,veicolo,"lamborghini, ferrari, bmw",automobile,"ferrari, bmw",482_2F_7,['veicolo' 'automobile' 'lamborghini' 'ferrari' 'bmw'],['veicolo' 'automobile' 'lamborghini'],['B-' 'B-' 'B-' 'O' 'O'],
1910,5B_6,,oculista,medico,,1910_5B_6,[' medico' 'oculista'],[' medico' 'oculista'],['B-' 'B-'],
2567,2E_10,"pensiero, immaginare",immaginazione,sogno,"immaginare, immaginazione",2567_2E_10,['pensiero' 'immaginare' 'sogno' 'immaginazione'],['pensiero' 'sogno'],['B-' 'O' 'B-' 'O'],
80,1G_7,mammifero,cavallo bianco,cavallo,,80_1G_7,['mammifero' 'cavallo' 'cavallo bianco'],['mammifero' 'cavallo' 'cavallo bianco'],['B-' 'B-' 'B-'],
2488,5B_21,"emozione, cosa astratta",,rabbia,,2488_5B_21,['emozione' 'cosa astratta' 'rabbia'],['emozione' 'cosa astratta' 'rabbia'],['B-' 'B-' 'B-'],
1114,3C_7,"divertimento, colori, felicità",,giocattolo,"divertimento, colori, felicità",1114_3C_7,['divertimento' 'colori' 'felicità' 'giocattolo'],['giocattolo'],['O' 'O' 'O' 'B-'],
600,5B_21,"emozione, pensiero, cosa, entità",familiare,gioia,"pensiero, cosa",600_5B_21,['emozione' 'pensiero' 'cosa' 'entità' 'gioia' 'familiare'],['emozione' 'entità' 'gioia' 'familiare'],['B-' 'O' 'O' 'B-' 'B-' 'B-'],
1429,2F_10,"ruolo, lavoro, dovere","insegnare, professore, maestra",insegnante,"insegnare, maestra",1429_2F_10,['ruolo' 'lavoro' 'dovere' 'insegnante' 'insegnare' 'professore' 'maestra'],['ruolo' 'lavoro' 'dovere' 'insegnante' 'professore'],['B-' 'B-' 'B-' 'B-' 'O' 'B-' 'O'],
339,3C_7,"professione, auto, patente",,autista,"auto, patente",339_3C_7,['professione' 'auto' 'patente' 'autista'],['professione' 'autista'],['B-' 'O' 'O' 'B-'],
1718,5D_13,oggetto,"macchinina, lego",giocattolo,lego,1718_5D_13,['oggetto' 'giocattolo' 'macchinina' 'lego'],['oggetto' 'giocattolo' 'macchinina'],['B-' 'B-' 'B-' 'O'],
2101,2F_18,"sentimento, emozione",,rabbia,emozione,2101_2F_18,['sentimento' 'emozione' 'rabbia'],['sentimento' 'rabbia'],['B-' 'O' 'B-'],
2054,2F_14,"emozione, pensiero",gioia infinita,gioia,pensiero,2054_2F_14,['emozione' 'pensiero' 'gioia' 'gioia infinita'],['emozione' 'gioia' 'gioia infinita'],['B-' 'O' 'B-' 'B-'],
1676,3C_11,diritto,,libertà,,1676_3C_11,['diritto' 'libertà'],['diritto' 'libertà'],['B-' 'B-'],
1461,3B_16,"lavoratore, umano, bipede, pluricellulare, essere vivente","maestra, maestra delle elementari",insegnante,,1461_3B_16,"['lavoratore' 'umano' 'bipede' 'pluricellulare' 'essere vivente'
 'insegnante' 'maestra' 'maestra delle elementari']","['lavoratore' 'umano' 'bipede' 'pluricellulare' 'essere vivente'
 'insegnante' 'maestra' 'maestra delle elementari']",['B-' 'B-' 'B-' 'B-' 'B-' 'B-' 'B-' 'B-'],
633,2E_16,aiutante,dottore,badante,dottore,633_2E_16,['aiutante' 'badante' 'dottore'],['aiutante' 'badante'],['B-' 'B-' 'O'],
1838,5D_23,"animale, mammifero, entità",pony,cavallo,mammifero,1838_5D_23,['animale' 'mammifero' 'entità' 'cavallo' 'pony'],['animale' 'entità' 'cavallo' 'pony'],['B-' 'O' 'B-' 'B-' 'B-'],
2297,5B_5,sentimento,astratto,paura,astratto,2297_5B_5,['sentimento' 'paura' 'astratto'],['sentimento' 'paura'],['B-' 'B-' 'O'],
1068,3B_11,"pistola giocattolo, macchinine giocattolo",bambola,giocattolo,"pistola giocattolo, macchinine giocattolo",1068_3B_11,['pistola giocattolo' 'macchinine giocattolo' 'giocattolo' 'bambola'],['giocattolo' 'bambola'],['O' 'O' 'B-' 'B-'],
2170,2F_22,"strumento di spostamento, materiale",bmw,automobile,"strumento di spostamento, materiale",2170_2F_22,['strumento di spostamento' 'materiale' 'automobile' 'bmw'],['automobile' 'bmw'],['O' 'O' 'B-' 'B-'],
2336,3C_19,concetto,orologio,tempo,orologio,2336_3C_19,['concetto' 'tempo' 'orologio'],['concetto' 'tempo'],['B-' 'B-' 'O'],
1078,3C_5,periodo,atmosferico,tempo,,1078_3C_5,['periodo' 'tempo' 'atmosferico'],['periodo' 'tempo' 'atmosferico'],['B-' 'B-' 'B-'],
143,1G_10,"mezzo di trasporto, oggetto, entità","porsche, porsche 911",automobile,,143_1G_10,"['mezzo di trasporto' 'oggetto' 'entità' 'automobile' 'porsche'
 'porsche 911']","['mezzo di trasporto' 'oggetto' 'entità' 'automobile' 'porsche'
 'porsche 911']",['B-' 'B-' 'B-' 'B-' 'B-' 'B-'],
1958,1D_7,pensare,,mente,pensare,1958_1D_7,['pensare' 'mente'],['mente'],['O' 'B-'],
1393,1G_22,"lavoro, mestiere",,insegnante,mestiere,1393_1G_22,['lavoro' 'mestiere' 'insegnante'],['lavoro' 'insegnante'],['B-' 'O' 'B-'],
2435,3C_25,,emozione negativa,paura,emozione negativa,2435_3C_25,[' paura' 'emozione negativa'],[' paura'],['B-' 'O'],
312,3B_5,mestiere,taxista,autista,,312_3B_5,['mestiere' 'autista' 'taxista'],['mestiere' 'autista' 'taxista'],['B-' 'B-' 'B-'],
1605,2E_18,"sensazione, modo di essere","giustizia, regole",libertà,"giustizia, regole",1605_2E_18,['sensazione' 'modo di essere' 'libertà' 'giustizia' 'regole'],['sensazione' 'modo di essere' 'libertà'],['B-' 'B-' 'B-' 'O' 'O'],
1716,5D_13,interminabile,,tempo,interminabile,1716_5D_13,['interminabile' 'tempo'],['tempo'],['O' 'B-'],
2275,3C_15,"diritto, eccezionalità",libertà di espressione,libertà,eccezionalità,2275_3C_15,['diritto' 'eccezionalità' 'libertà' 'libertà di espressione'],['diritto' 'libertà' 'libertà di espressione'],['B-' 'O' 'B-' 'B-'],
914,3C_24,"mammifero, animale, essere vivente",,cavallo,,914_3C_24,['mammifero' 'animale' 'essere vivente' 'cavallo'],['mammifero' 'animale' 'essere vivente' 'cavallo'],['B-' 'B-' 'B-' 'B-'],
2399,2F_10,sentimento,nervoso,rabbia,nervoso,2399_2F_10,['sentimento' 'rabbia' 'nervoso'],['sentimento' 'rabbia'],['B-' 'B-' 'O'],
241,1G_21,"oggetto per bambini, bambola, pupazzo",dell'orrore,giocattolo,"bambola, pupazzo",241_1G_21,"['oggetto per bambini' 'bambola' 'pupazzo' 'giocattolo' ""dell'orrore""]","['oggetto per bambini' 'giocattolo' ""dell'orrore""]",['B-' 'O' 'O' 'B-' 'B-'],
422,5B_9,"lavoro, ruolo, occupazione","chirurgo, cardiochirurgo",medico,,422_5B_9,['lavoro' 'ruolo' 'occupazione' 'medico' 'chirurgo' 'cardiochirurgo'],['lavoro' 'ruolo' 'occupazione' 'medico' 'chirurgo' 'cardiochirurgo'],['B-' 'B-' 'B-' 'B-' 'B-' 'B-'],
484,2F_9,mezzo,skoda,automobile,,484_2F_9,['mezzo' 'automobile' 'skoda'],['mezzo' 'automobile' 'skoda'],['B-' 'B-' 'B-'],
1689,5D_11,"sentimento, entità",,paura,,1689_5D_11,['sentimento' 'entità' 'paura'],['sentimento' 'entità' 'paura'],['B-' 'B-' 'B-'],
2126,2F_20,"essere vivente, persona",chirurgo,medico,persona,2126_2F_20,['essere vivente' 'persona' 'medico' 'chirurgo'],['essere vivente' 'medico' 'chirurgo'],['B-' 'O' 'B-' 'B-'],
788,1D_22,"quadrupede, mammifero, animale, essere vivente",,cavallo,,788_1D_22,['quadrupede' 'mammifero' 'animale' 'essere vivente' 'cavallo'],['quadrupede' 'mammifero' 'animale' 'essere vivente' 'cavallo'],['B-' 'B-' 'B-' 'B-' 'B-'],
2420,3C_24,"lavoro, azione, cosa che tu fai",universitaria,insegnante,cosa che tu fai,2420_3C_24,['lavoro' 'azione' 'cosa che tu fai' 'insegnante' 'universitaria'],['lavoro' 'azione' 'insegnante' 'universitaria'],['B-' 'B-' 'O' 'B-' 'B-'],
1993,2F_10,"emozione, azione",abbracciare,affetto,"azione, abbracciare",1993_2F_10,['emozione' 'azione' 'affetto' 'abbracciare'],['emozione' 'affetto'],['B-' 'O' 'B-' 'O'],
2274,3C_15,"professione, occupazione","insegnante di storia, insegnante di storia preistorica",insegnante,,2274_3C_15,"['professione' 'occupazione' 'insegnante' 'insegnante di storia'
 'insegnante di storia preistorica']","['professione' 'occupazione' 'insegnante' 'insegnante di storia'
 'insegnante di storia preistorica']",['B-' 'B-' 'B-' 'B-' 'B-'],
1377,1D_8,"prof, persona, essere umano","inglese, italiano, arte",insegnante,"prof, italiano, arte",1377_1D_8,['prof' 'persona' 'essere umano' 'insegnante' 'inglese' 'italiano' 'arte'],['persona' 'essere umano' 'insegnante' 'inglese'],['O' 'B-' 'B-' 'B-' 'B-' 'O' 'O'],
1140,3C_9,"sentimento, emozione",paura dei ragni,paura,emozione,1140_3C_9,['sentimento' 'emozione' 'paura' 'paura dei ragni'],['sentimento' 'paura' 'paura dei ragni'],['B-' 'O' 'B-' 'B-'],
792,2E_12,"emozione, stato d'animo, entità astratta","furia, ira",rabbia,"stato d'animo, ira",792_2E_12,"['emozione' ""stato d'animo"" 'entità astratta' 'rabbia' 'furia' 'ira']",['emozione' 'entità astratta' 'rabbia' 'furia'],['B-' 'O' 'B-' 'B-' 'B-' 'O'],
1758,5D_16,"persona, mammifero, essere vivente, entità",,medico,,1758_5D_16,['persona' 'mammifero' 'essere vivente' 'entità' 'medico'],['persona' 'mammifero' 'essere vivente' 'entità' 'medico'],['B-' 'B-' 'B-' 'B-' 'B-'],
2522,1D_11,"fantasia, notte, sentimento, un fatto che si vuole realizzare","mondo, unicorni",sogno,"notte, sentimento, un fatto che si vuole realizzare, mondo, unicorni",2522_1D_11,"['fantasia' 'notte' 'sentimento' 'un fatto che si vuole realizzare'
 'sogno' 'mondo' 'unicorni']",['fantasia' 'sogno'],['B-' 'O' 'O' 'O' 'B-' 'O' 'O'],
1445,1D_15,pensiero,,mente,pensiero,1445_1D_15,['pensiero' 'mente'],['mente'],['O' 'B-'],
2822,3B_19,"ora, minuto, secondo",orologio,tempo,"ora, minuto, secondo, orologio",2822_3B_19,['ora' 'minuto' 'secondo' 'tempo' 'orologio'],['tempo'],['O' 'O' 'O' 'B-' 'O'],
762,5D_20,occupazione,babysitter,badante,babysitter,762_5D_20,['occupazione' 'badante' 'babysitter'],['occupazione' 'badante'],['B-' 'B-' 'O'],
12,1D_20,"amore, sentimento, cosa astratta",,affetto,amore,12_1D_20,['amore' 'sentimento' 'cosa astratta' 'affetto'],['sentimento' 'cosa astratta' 'affetto'],['O' 'B-' 'B-' 'B-'],
177,5D_16,"emozione, sentimento","amici, famigliari",affetto,"sentimento, famigliari",177_5D_16,['emozione' 'sentimento' 'affetto' 'amici' 'famigliari'],['emozione' 'affetto' 'amici'],['B-' 'O' 'B-' 'B-' 'O'],
2619,3B_10,,incubo,sogno,,2619_3B_10,[' sogno' 'incubo'],[' sogno' 'incubo'],['B-' 'B-'],
2364,3C_20,"persona, mammifero, essere vivente",di matematica,insegnante,,2364_3C_20,"['persona' 'mammifero' 'essere vivente' 'insegnante'
 'insegnante di matematica']","['persona' 'mammifero' 'essere vivente' 'insegnante'
 'insegnante di matematica']",['B-' 'B-' 'B-' 'B-' 'B-'],di matematica|||insegnante di matematica___
734,5B_14,,dogsitter,badante,dogsitter,734_5B_14,[' badante' 'dogsitter'],[' badante'],['B-' 'O'],
836,2E_24,"mammifero, animale, essere vivente",,cavallo,,836_2E_24,['mammifero' 'animale' 'essere vivente' 'cavallo'],['mammifero' 'animale' 'essere vivente' 'cavallo'],['B-' 'B-' 'B-' 'B-'],
175,5D_14,sentimento,"amanda, viola amore, martina",affetto,"viola amore, martina",175_5D_14,['sentimento' 'affetto' 'amanda' 'viola amore' 'martina'],['sentimento' 'affetto' 'amanda'],['B-' 'B-' 'B-' 'O' 'O'],
2507,5D_2,"pensiero, emozione",stress,rabbia,"pensiero, stress",2507_5D_2,['pensiero' 'emozione' 'rabbia' 'stress'],['emozione' 'rabbia'],['O' 'B-' 'B-' 'O'],
2262,3C_15,"sentimento, emozione, stato d'animo, momento",tristezza,paura,"emozione, stato d'animo, momento, tristezza",2262_3C_15,"['sentimento' 'emozione' ""stato d'animo"" 'momento' 'paura' 'tristezza']",['sentimento' 'paura'],['B-' 'O' 'O' 'O' 'B-' 'O'],
1844,5D_23,emozione,,rabbia,,1844_5D_23,['emozione' 'rabbia'],['emozione' 'rabbia'],['B-' 'B-'],
434,2E_10,mezzo di trasporto,"macchina, mercedes-benz",automobile,macchina,434_2E_10,['mezzo di trasporto' 'automobile' 'macchina' 'mercedes-benz'],['mezzo di trasporto' 'automobile' 'mercedes-benz'],['B-' 'B-' 'O' 'B-'],
2185,2E_16,"emozione, sentimento, sensazione",ansia,paura,"sentimento, ansia",2185_2E_16,['emozione' 'sentimento' 'sensazione' 'paura' 'ansia'],['emozione' 'sensazione' 'paura'],['B-' 'O' 'B-' 'B-' 'O'],
2287,3C_16,"dolce, alimento, cibo, nutriente",al cioccolato,torta,,2287_3C_16,['dolce' 'alimento' 'cibo' 'nutriente' 'torta' 'al cioccolato'],['dolce' 'alimento' 'cibo' 'nutriente' 'torta' 'al cioccolato'],['B-' 'B-' 'B-' 'B-' 'B-' 'B-'],
2940,1G_19,"dolce, alimento, cibo, oggetto","farina, uova, zucchero",torta,"farina, uova, zucchero",2940_1G_19,['dolce' 'alimento' 'cibo' 'oggetto' 'torta' 'farina' 'uova' 'zucchero'],['dolce' 'alimento' 'cibo' 'oggetto' 'torta'],['B-' 'B-' 'B-' 'B-' 'B-' 'O' 'O' 'O'],
137,3C_21,"amore, diritto",,affetto,"amore, diritto",137_3C_21,['amore' 'diritto' 'affetto'],['affetto'],['O' 'O' 'B-'],
1309,1D_6,"animale, essere vivente",pony,cavallo,,1309_1D_6,['animale' 'essere vivente' 'cavallo' 'pony'],['animale' 'essere vivente' 'cavallo' 'pony'],['B-' 'B-' 'B-' 'B-'],
492,5B_13,mezzo di trasporto,opel,automobile,,492_5B_13,['mezzo di trasporto' 'automobile' 'opel'],['mezzo di trasporto' 'automobile' 'opel'],['B-' 'B-' 'B-'],
2097,5B_19,"pensiero, belli, golden trio",testa,mente,"pensiero, belli, golden trio, testa",2097_5B_19,['pensiero' 'belli' 'golden trio' 'mente' 'testa'],['mente'],['O' 'O' 'O' 'B-' 'O'],
416,5B_9,"lavoro, spreco di tempo",autista di autobus ,autista,spreco di tempo,416_5B_9,['lavoro' 'spreco di tempo' 'autista' 'autista di autobus'],['lavoro' 'autista' 'autista di autobus'],['B-' 'O' 'B-' 'B-'],
174,1G_13,"mezzo di trasporto, cosa che ti aiuta a muovere, cosa concreta, cosa che si tocca, cosa con una sua consistenza",audi,automobile,"cosa che ti aiuta a muovere, cosa che si tocca, cosa con una sua consistenza",174_1G_13,"['mezzo di trasporto' 'cosa che ti aiuta a muovere' 'cosa concreta'
 'cosa che si tocca' 'cosa con una sua consistenza' 'automobile' 'audi']",['mezzo di trasporto' 'cosa concreta' 'automobile' 'audi'],['B-' 'O' 'B-' 'O' 'O' 'B-' 'B-'],
1508,5B_12,"persona, essere vivente",insegnante di sostegno,insegnante,,1508_5B_12,['persona' 'essere vivente' 'insegnante' 'insegnante di sostegno'],['persona' 'essere vivente' 'insegnante' 'insegnante di sostegno'],['B-' 'B-' 'B-' 'B-'],
1066,3B_1,oggetto,"hot whells, monopoli, briscola",giocattolo,"monopoli, briscola",1066_3B_1,['oggetto' 'giocattolo' 'hot whells' 'monopoli' 'briscola'],['oggetto' 'giocattolo' 'hot whells'],['B-' 'B-' 'B-' 'O' 'O'],
2309,3C_17,"mestiere, lavoro",cardiologo,medico,,2309_3C_17,['mestiere' 'lavoro' 'medico' 'cardiologo'],['mestiere' 'lavoro' 'medico' 'cardiologo'],['B-' 'B-' 'B-' 'B-'],
2430,3B_15,sensazione,,rabbia,,2430_3B_15,['sensazione' 'rabbia'],['sensazione' 'rabbia'],['B-' 'B-'],
1743,5D_15,"entità, cura persone","veterinario, dottore",medico,"cura persone, dottore",1743_5D_15,['entità' 'cura persone' 'medico' 'veterinario' 'dottore'],['entità' 'medico' 'veterinario'],['B-' 'O' 'B-' 'B-' 'O'],
706,3C_11,"persona, mammifero, essere vivente",,badante,,706_3C_11,['persona' 'mammifero' 'essere vivente' 'badante'],['persona' 'mammifero' 'essere vivente' 'badante'],['B-' 'B-' 'B-' 'B-'],
1242,2F_17,"emozione, stato d'animo",una coppa vinta,gioia,"stato d'animo, una coppa vinta",1242_2F_17,"['emozione' ""stato d'animo"" 'gioia' 'una coppa vinta']",['emozione' 'gioia'],['B-' 'O' 'B-' 'O'],
2437,3C_25,,,tempo,,2437_3C_25,[' tempo'],[' tempo'],['B-'],
1231,1D_2,"sentimento, pensiero",amore,affetto,pensiero,1231_1D_2,['sentimento' 'pensiero' 'affetto' 'amore'],['sentimento' 'affetto' 'amore'],['B-' 'O' 'B-' 'B-'],
1071,3C_5,"sentimento, emozione",affetto personale,affetto,emozione,1071_3C_5,['sentimento' 'emozione' 'affetto' 'affetto personale'],['sentimento' 'affetto' 'affetto personale'],['B-' 'O' 'B-' 'B-'],
1187,3C_12,persona,"chirurgo, ortopedico",medico,ortopedico,1187_3C_12,['persona' 'medico' 'chirurgo' 'ortopedico'],['persona' 'medico' 'chirurgo'],['B-' 'B-' 'B-' 'O'],
3051,3C_5,"impasto, cibo, nutrimento",tenerina,torta,impasto,3051_3C_5,['impasto' 'cibo' 'nutrimento' 'torta' 'tenerina'],['cibo' 'nutrimento' 'torta' 'tenerina'],['O' 'B-' 'B-' 'B-' 'B-'],
388,5B_7,"oggetto di divertimento, oggetto, essere non vivente, fatto di materia","videogioco, gioco di guerra, fortnite",giocattolo,fatto di materia,388_5B_7,"['oggetto di divertimento' 'oggetto' 'essere non vivente'
 'fatto di materia' 'giocattolo' 'videogioco' 'gioco di guerra' 'fortnite']","['oggetto di divertimento' 'oggetto' 'essere non vivente' 'giocattolo'
 'videogioco' 'gioco di guerra' 'fortnite']",['B-' 'B-' 'B-' 'O' 'B-' 'B-' 'B-' 'B-'],
1354,5D_8,emozione,"gioia di giocare, gioia di libertà",gioia,gioia di libertà,1354_5D_8,['emozione' 'gioia' 'gioia di giocare' 'gioia di libertà'],['emozione' 'gioia' 'gioia di giocare'],['B-' 'B-' 'B-' 'O'],
1478,3B_8,lavoro,,insegnante,,1478_3B_8,['lavoro' 'insegnante'],['lavoro' 'insegnante'],['B-' 'B-'],
478,5B_12,cosa astratta,,libertà,,478_5B_12,['cosa astratta' 'libertà'],['cosa astratta' 'libertà'],['B-' 'B-'],
2141,1D_18,emozione,,paura,,2141_1D_18,['emozione' 'paura'],['emozione' 'paura'],['B-' 'B-'],
511,3C_1,"auto, mezzo di trasporto, movimento, spostarsi","auto, ruote, cerchioni",automobile,"auto, movimento, spostarsi, auto, ruote, cerchioni",511_3C_1,"['auto' 'mezzo di trasporto' 'movimento' 'spostarsi' 'automobile' 'auto'
 'ruote' 'cerchioni']",['mezzo di trasporto' 'automobile'],['O' 'B-' 'O' 'O' 'B-' 'O' 'O' 'O'],
2065,2F_15,lavoro,babysitter,badante,babysitter,2065_2F_15,['lavoro' 'badante' 'babysitter'],['lavoro' 'badante'],['B-' 'B-' 'O'],
1986,2E_11,"mentire, avere in mente, testa, persa",non ce l'ho in mente,mente,"mentire, avere in mente, testa, persa, non ce l'ho in mente",1986_2E_11,"['mentire' 'avere in mente' 'testa' 'persa' 'mente' ""non ce l'ho in mente""]",['mente'],['O' 'O' 'O' 'O' 'B-' 'O'],
2248,2F_27,unità di misura,passato,tempo,,2248_2F_27,['unità di misura' 'tempo' 'passato'],['unità di misura' 'tempo' 'passato'],['B-' 'B-' 'B-'],
1936,5D_8,"persona, essere vivente, mammifero","medico privato, medico dell'ospedale, dottoressa",medico,"mammifero, medico dell'ospedale, dottoressa",1936_5D_8,"['persona' 'essere vivente' 'mammifero' 'medico' 'medico privato'
 ""medico dell'ospedale"" 'dottoressa']",['persona' 'essere vivente' 'medico' 'medico privato'],['B-' 'B-' 'O' 'B-' 'B-' 'O' 'O'],
1719,5D_13,emozione,"morire, omicidio",paura,omicidio,1719_5D_13,['emozione' 'paura' 'morire' 'omicidio'],['emozione' 'paura' 'morire'],['B-' 'B-' 'B-' 'O'],
499,5B_14,"dolce, cibo ",tenerina,torta,,499_5B_14,['dolce' 'cibo ' 'torta' 'tenerina'],['dolce' 'cibo ' 'torta' 'tenerina'],['B-' 'B-' 'B-' 'B-'],
773,2E_11,"giocare, fare qual cosa",perso,tempo,"giocare, fare qual cosa",773_2E_11,['giocare' 'fare qual cosa' 'tempo' 'perso'],['tempo' 'perso'],['O' 'O' 'B-' 'B-'],
1913,2F_4,"persona, essere vivente, entità","di matematica, di algebra, banendini",insegnante,,1913_2F_4,"['persona' 'essere vivente' 'entità' 'insegnante'
 'insegnante di matematica' 'insegnante di algebra' 'banendini']","['persona' 'essere vivente' 'entità' 'insegnante'
 'insegnante di matematica' 'insegnante di algebra' 'banendini']",['B-' 'B-' 'B-' 'B-' 'B-' 'B-' 'B-'],di matematica|||insegnante di matematica___di algebra|||insegnante di algebra___
1101,3C_18,,trenino,giocattolo,,1101_3C_18,[' giocattolo' 'trenino'],[' giocattolo' 'trenino'],['B-' 'B-'],
481,2F_6,"veicolo, veloce","ferrari, lamborghini, tesla",automobile,"veloce, lamborghini, tesla",481_2F_6,['veicolo' 'veloce' 'automobile' 'ferrari' 'lamborghini' 'tesla'],['veicolo' 'automobile' 'ferrari'],['B-' 'O' 'B-' 'B-' 'O' 'O'],
248,1G_21,"felicità, emozione, sensazione, sentimento","personaggio di inside out, tirare le guance ",gioia,"felicità, sentimento, personaggio di inside out, tirare le guance ",248_1G_21,"['felicità' 'emozione' 'sensazione' 'sentimento' 'gioia'
 'personaggio di inside out' 'tirare le guance']",['emozione' 'sensazione' 'gioia' 'tirare le guance'],['O' 'B-' 'B-' 'O' 'B-' 'O' 'B-'],
691,2E_6,"lavoratore, persona, essere vivente, mammifero, entità","di taxi, marco",autista,mammifero,691_2E_6,"['lavoratore' 'persona' 'essere vivente' 'mammifero' 'entità' 'autista'
 'autista di taxi' 'marco']","['lavoratore' 'persona' 'essere vivente' 'entità' 'autista'
 'autista di taxi' 'marco']",['B-' 'B-' 'B-' 'O' 'B-' 'B-' 'B-' 'B-'],di taxi|||autista di taxi___
341,5B_4,"alimento festivo, dolce, cibo, corpo, cosa, entità","al gelato, al gelato al cioccolato, kinder",torta,corpo,341_5B_4,"['alimento festivo' 'dolce' 'cibo' 'corpo' 'cosa' 'entità' 'torta'
 'al gelato' 'al gelato al cioccolato' 'kinder']","['alimento festivo' 'dolce' 'cibo' 'cosa' 'entità' 'torta' 'al gelato'
 'al gelato al cioccolato' 'kinder']",['B-' 'B-' 'B-' 'O' 'B-' 'B-' 'B-' 'B-' 'B-' 'B-'],
2122,2F_19,"mestiere, persona, mammifero, essere vivente, entità",autista privato,autista,"persona, mammifero, essere vivente",2122_2F_19,"['mestiere' 'persona' 'mammifero' 'essere vivente' 'entità' 'autista'
 'autista privato']",['mestiere' 'entità' 'autista' 'autista privato'],['B-' 'O' 'O' 'O' 'B-' 'B-' 'B-'],
1225,1D_1,sogni mentali,incubo,sogno,sogni mentali,1225_1D_1,['sogni mentali' 'sogno' 'incubo'],['sogno' 'incubo'],['O' 'B-' 'B-'],
1321,1D_7,,,gioia,,1321_1D_7,[' gioia'],[' gioia'],['B-'],
2240,2F_27,"emozione, sentimento",,rabbia,sentimento,2240_2F_27,['emozione' 'sentimento' 'rabbia'],['emozione' 'rabbia'],['B-' 'O' 'B-'],
1694,5D_12,"vertebrato, animale, essere vivente","unicorno, marrone",cavallo,unicorno,1694_5D_12,['vertebrato' 'animale' 'essere vivente' 'cavallo' 'unicorno' 'marrone'],['vertebrato' 'animale' 'essere vivente' 'cavallo' 'marrone'],['B-' 'B-' 'B-' 'B-' 'O' 'B-'],
1971,2F_9,"sentimento, cosa astratta",frustrazione,rabbia,,1971_2F_9,['sentimento' 'cosa astratta' 'rabbia' 'frustrazione'],['sentimento' 'cosa astratta' 'rabbia' 'frustrazione'],['B-' 'B-' 'B-' 'B-'],
421,5B_9,"misura, cosa astratta",tempo passato,tempo,,421_5B_9,['misura' 'cosa astratta' 'tempo' 'tempo passato'],['misura' 'cosa astratta' 'tempo' 'tempo passato'],['B-' 'B-' 'B-' 'B-'],
2432,3C_25,macchinina,,giocattolo,macchinina,2432_3C_25,['macchinina' 'giocattolo'],['giocattolo'],['O' 'B-'],
2006,2E_6,"testa, cervello, idee",ragionamento,mente,"testa, cervello, idee, ragionamento",2006_2E_6,['testa' 'cervello' 'idee' 'mente' 'ragionamento'],['mente'],['O' 'O' 'O' 'B-' 'O'],
9,1G_2,"emozione, cosa strana, cosa astratta",paura degli spazi chiusi e stretti,paura,cosa strana,9_1G_2,"['emozione' 'cosa strana' 'cosa astratta' 'paura'
 'paura degli spazi chiusi e stretti']",['emozione' 'cosa astratta' 'paura' 'paura degli spazi chiusi e stretti'],['B-' 'O' 'B-' 'B-' 'B-'],
1043,3C_3,"carboidrati, cibo, alimento",al cioccolato,torta,carboidrati,1043_3C_3,['carboidrati' 'cibo' 'alimento' 'torta' 'al cioccolato'],['cibo' 'alimento' 'torta' 'al cioccolato'],['O' 'B-' 'B-' 'B-' 'B-'],
1161,3C_10,,mente aperta,mente,,1161_3C_10,[' mente' 'mente aperta'],[' mente' 'mente aperta'],['B-' 'B-'],
201,1G_18,"emozione, sensazione, sentimento, cosa astratta, esperienza, entità","rabbia per litigio, per litigio con amici, per litigio con miglore amica",rabbia,"sentimento, esperienza",201_1G_18,"['emozione' 'sensazione' 'sentimento' 'cosa astratta' 'esperienza'
 'entità' 'rabbia' 'rabbia per litigio'
 'rabbia per litigio per litigio con amici'
 'rabbia per litigio per litigio con miglore amica']","['emozione' 'sensazione' 'cosa astratta' 'entità' 'rabbia'
 'rabbia per litigio' 'rabbia per litigio per litigio con amici'
 'rabbia per litigio per litigio con miglore amica']",['B-' 'B-' 'O' 'B-' 'O' 'B-' 'B-' 'B-' 'B-' 'B-'],per litigio con amici|||rabbia per litigio per litigio con amici___per litigio con miglore amica|||rabbia per litigio per litigio con miglore amica___
1423,1D_14,"mestiere, professione, persona","prof. gardenghi, prof. zagni, prof. marcucci ",insegnante,"professione, persona, prof. zagni, prof. marcucci",1423_1D_14,"['mestiere' 'professione' 'persona' 'insegnante' 'prof. gardenghi'
 'prof. zagni' 'prof. marcucci']",['mestiere' 'insegnante' 'prof. gardenghi'],['B-' 'O' 'O' 'B-' 'B-' 'O' 'O'],
2146,1D_22,"emozione, sentimento, stato d'animo",spavento,paura,"sentimento, stato d'animo",2146_1D_22,"['emozione' 'sentimento' ""stato d'animo"" 'paura' 'spavento']",['emozione' 'paura' 'spavento'],['B-' 'O' 'O' 'B-' 'B-'],
2282,3C_15,"emozione, sentimento","claustrofobia, claustrofobia estrema",paura,sentimento,2282_3C_15,['emozione' 'sentimento' 'paura' 'claustrofobia' 'claustrofobia estrema'],['emozione' 'paura' 'claustrofobia' 'claustrofobia estrema'],['B-' 'O' 'B-' 'B-' 'B-'],
2310,5D_17,"sentimento, emozione","ragni, clown",paura,"emozione, clown",2310_5D_17,['sentimento' 'emozione' 'paura' 'ragni' 'clown'],['sentimento' 'paura' 'ragni'],['B-' 'O' 'B-' 'B-' 'O'],
773,5D_9,"persona, mammifero",per anziani,badante,,773_5D_9,['persona' 'mammifero' 'badante' 'badante per anziani'],['persona' 'mammifero' 'badante' 'badante per anziani'],['B-' 'B-' 'B-' 'B-'],per anziani|||badante per anziani___
77,2F_14,emozione,amicizia,affetto,,77_2F_14,['emozione' 'affetto' 'amicizia'],['emozione' 'affetto' 'amicizia'],['B-' 'B-' 'B-'],
1665,3B_25,diritto,"voto, elezioni, scelta",libertà,scelta,1665_3B_25,['diritto' 'libertà' 'voto' 'elezioni' 'scelta'],['diritto' 'libertà' 'voto' 'elezioni'],['B-' 'B-' 'B-' 'B-' 'O'],
992,1G_10,"gioco, oggetto, solido, scienza, materia, scuola","lego, costruzioni, muratore",giocattolo,"solido, scienza, materia, scuola, costruzioni, muratore",992_1G_10,"['gioco' 'oggetto' 'solido' 'scienza' 'materia' 'scuola' 'giocattolo'
 'lego' 'costruzioni' 'muratore']",['gioco' 'oggetto' 'giocattolo' 'lego'],['B-' 'B-' 'O' 'O' 'O' 'O' 'B-' 'B-' 'O' 'O'],
2347,3C_19,"emozione, sensazione",,libertà,emozione,2347_3C_19,['emozione' 'sensazione' 'libertà'],['sensazione' 'libertà'],['O' 'B-' 'B-'],
1535,1D_21,"concessione, azione","democratica, di voto",libertà,,1535_1D_21,['concessione' 'azione' 'libertà' 'democratica' 'democratica di voto'],['concessione' 'azione' 'libertà' 'democratica' 'democratica di voto'],['B-' 'B-' 'B-' 'B-' 'B-'],di voto|||democratica di voto___
198,1G_18,"sensazione, sentimento, cosa astratta, cosa mentale, entità","libertà di culto, libertà religiosa",libertà,sentimento,198_1G_18,"['sensazione' 'sentimento' 'cosa astratta' 'cosa mentale' 'entità'
 'libertà' 'libertà di culto' 'libertà religiosa']","['sensazione' 'cosa astratta' 'cosa mentale' 'entità' 'libertà'
 'libertà di culto' 'libertà religiosa']",['B-' 'O' 'B-' 'B-' 'B-' 'B-' 'B-' 'B-'],
2351,1G_11,"emozione, sentimento, stato d'animo",nervoso,rabbia,"sentimento, stato d'animo, nervoso",2351_1G_11,"['emozione' 'sentimento' ""stato d'animo"" 'rabbia' 'nervoso']",['emozione' 'rabbia'],['B-' 'O' 'O' 'B-' 'O'],
764,2E_10,"cibo, dolce, dessert",al gelato,torta,"dolce, dessert ",764_2E_10,['cibo' 'dolce' 'dessert' 'torta' 'al gelato'],['cibo' 'dessert' 'torta' 'al gelato'],['B-' 'O' 'B-' 'B-' 'B-'],
2860,3C_8,"movimento, azione, sforzo","per dormire, per andare a scuola",tempo,"movimento, azione, sforzo, per andare a scuola",2860_3C_8,"['movimento' 'azione' 'sforzo' 'tempo' 'tempo per dormire'
 'tempo per andare a scuola']",['tempo' 'tempo per dormire'],['O' 'O' 'O' 'B-' 'B-' 'O'],per dormire|||tempo per dormire___per andare a scuola|||tempo per andare a scuola___
424,1G_22,"veicolo, motore, benzina, petrolio","fiat, ferrari, audi",automobile,"motore, benzina, petrolio, ferrari, audi",424_1G_22,"['veicolo' 'motore' 'benzina' 'petrolio' 'automobile' 'fiat' 'ferrari'
 'audi']",['veicolo' 'automobile' 'fiat'],['B-' 'O' 'O' 'O' 'B-' 'B-' 'O' 'O'],
576,5D_6,mezzo,ferrari,automobile,,576_5D_6,['mezzo' 'automobile' 'ferrari'],['mezzo' 'automobile' 'ferrari'],['B-' 'B-' 'B-'],
920,3C_7,"animale, mammifero, essere vivente",indiano,cavallo,mammifero,920_3C_7,['animale' 'mammifero' 'essere vivente' 'cavallo' 'indiano'],['animale' 'essere vivente' 'cavallo' 'indiano'],['B-' 'O' 'B-' 'B-' 'B-'],
2393,3C_22,persona,taxista,autista,,2393_3C_22,['persona' 'autista' 'taxista'],['persona' 'autista' 'taxista'],['B-' 'B-' 'B-'],
401,5B_8,"persona con mestiere, persona, corpo, essere vivente, cosa","autista di autobus, autista franco",autista,corpo,401_5B_8,"['persona con mestiere' 'persona' 'corpo' 'essere vivente' 'cosa'
 'autista' 'autista di autobus' 'autista franco']","['persona con mestiere' 'persona' 'essere vivente' 'cosa' 'autista'
 'autista di autobus' 'autista franco']",['B-' 'B-' 'O' 'B-' 'B-' 'B-' 'B-' 'B-'],
667,2E_4,"immaginazione, cosa astratta",sogno lucido cattivo,sogno,,667_2E_4,['immaginazione' 'cosa astratta' 'sogno' 'sogno lucido cattivo'],['immaginazione' 'cosa astratta' 'sogno' 'sogno lucido cattivo'],['B-' 'B-' 'B-' 'B-'],
1084,3C_5,"dolce, alimento, cibo, sostanza","torta al cioccolato, cheesecake",torta,cheesecake,1084_3C_5,"['dolce' 'alimento' 'cibo' 'sostanza' 'torta' 'torta al cioccolato'
 'cheesecake']",['dolce' 'alimento' 'cibo' 'sostanza' 'torta' 'torta al cioccolato'],['B-' 'B-' 'B-' 'B-' 'B-' 'B-' 'O'],
2272,3C_24,"emozione, sentimento, sensazione, quello che provi","di sbagliare, di fare scelte sbagliate, di parlare",paura,"sentimento, quello che provi, di parlare",2272_3C_24,"['emozione' 'sentimento' 'sensazione' 'quello che provi' 'paura'
 'paura di sbagliare' 'paura di fare scelte sbagliate' 'paura di parlare']","['emozione' 'sensazione' 'paura' 'paura di sbagliare'
 'paura di fare scelte sbagliate']",['B-' 'O' 'B-' 'O' 'B-' 'B-' 'B-' 'O'],di sbagliare|||paura di sbagliare___di fare scelte sbagliate|||paura di fare scelte sbagliate___di parlare|||paura di parlare___
1256,2F_6,emozione,"felice, divertente",gioia,"felice, divertente",1256_2F_6,['emozione' 'gioia' 'felice' 'divertente'],['emozione' 'gioia'],['B-' 'B-' 'O' 'O'],
215,1D_8,"guidatore, pilota, persona, essere umano","di macchine, di camion, di pulmini",autista,"pilota, di camion, di pulmini",215_1D_8,"['guidatore' 'pilota' 'persona' 'essere umano' 'autista'
 'autista di macchine' 'autista di camion' 'autista di pulmini']",['guidatore' 'persona' 'essere umano' 'autista' 'autista di macchine'],['B-' 'O' 'B-' 'B-' 'B-' 'B-' 'O' 'O'],di macchine|||autista di macchine___di camion|||autista di camion___di pulmini|||autista di pulmini___
231,1G_23,lavoro,di aerei,autista,,231_1G_23,['lavoro' 'autista' 'autista di aerei'],['lavoro' 'autista' 'autista di aerei'],['B-' 'B-' 'B-'],di aerei|||autista di aerei___
512,3C_10,mezzo,bmw,automobile,,512_3C_10,['mezzo' 'automobile' 'bmw'],['mezzo' 'automobile' 'bmw'],['B-' 'B-' 'B-'],
653,2E_3,"alimento, cibo",tenerina,torta,,653_2E_3,['alimento' 'cibo' 'torta' 'tenerina'],['alimento' 'cibo' 'torta' 'tenerina'],['B-' 'B-' 'B-' 'B-'],
92,1G_7,"pensiero, emozione",pauroso,sogno,emozione,92_1G_7,['pensiero' 'emozione' 'sogno' 'pauroso'],['pensiero' 'sogno' 'pauroso'],['B-' 'O' 'B-' 'B-'],
724,3C_5,"persona, essere vivente, terrestre","persone, anziane, autistiche",badante,persone,724_3C_5,"['persona' 'essere vivente' 'terrestre' 'badante' 'persone' 'anziane'
 'autistiche']",['persona' 'essere vivente' 'terrestre' 'badante' 'anziane' 'autistiche'],['B-' 'B-' 'B-' 'B-' 'O' 'B-' 'B-'],
251,2E_20,"persona, lavoro, andare veloce",person,autista,"lavoro, andare veloce, person",251_2E_20,['persona' 'lavoro' 'andare veloce' 'autista' 'person'],['persona' 'autista'],['B-' 'O' 'O' 'B-' 'O'],
1785,5D_17,parte astratta,cervello,mente,"parte astratta, cervello",1785_5D_17,['parte astratta' 'mente' 'cervello'],['mente'],['O' 'B-' 'O'],
1103,3C_7,"emozione, sentimento",,gioia,sentimento,1103_3C_7,['emozione' 'sentimento' 'gioia'],['emozione' 'gioia'],['B-' 'O' 'B-'],
2929,1D_9,"mangiare, bella, buona","di compleanno, nascita",torta,"mangiare, bella, buona, nascita",2929_1D_9,['mangiare' 'bella' 'buona' 'torta' 'torta di compleanno' 'nascita'],['torta' 'torta di compleanno'],['O' 'O' 'O' 'B-' 'B-' 'O'],di compleanno|||torta di compleanno___
2081,2F_17,"sensazione, pensiero, cosa astratta",libertà di votare,libertà,pensiero,2081_2F_17,['sensazione' 'pensiero' 'cosa astratta' 'libertà' 'libertà di votare'],['sensazione' 'cosa astratta' 'libertà' 'libertà di votare'],['B-' 'O' 'B-' 'B-' 'B-'],
3020,3B_23,"dyorkn, burgher, marmellata","pane, uovo",torta,"dyorkn, burgher, marmellata, pane, uovo",3020_3B_23,['dyorkn' 'burgher' 'marmellata' 'torta' 'pane' 'uovo'],['torta'],['O' 'O' 'O' 'B-' 'O' 'O'],
893,3B_5,"mammifero, animale, essere vivente",pony,cavallo,,893_3B_5,['mammifero' 'animale' 'essere vivente' 'cavallo' 'pony'],['mammifero' 'animale' 'essere vivente' 'cavallo' 'pony'],['B-' 'B-' 'B-' 'B-' 'B-'],
2610,2F_26,cosa astratta,"incubo, momento",sogno,momento,2610_2F_26,['cosa astratta' 'sogno' 'incubo' 'momento'],['cosa astratta' 'sogno' 'incubo'],['B-' 'B-' 'B-' 'O'],
2349,1G_1,psicologia,,rabbia,psicologia,2349_1G_1,['psicologia' 'rabbia'],['rabbia'],['O' 'B-'],
1584,1G_2,"statua, costruzione, edificio, appartamento",,libertà,"statua, costruzione, edificio, appartamento",1584_1G_2,['statua' 'costruzione' 'edificio' 'appartamento' 'libertà'],['libertà'],['O' 'O' 'O' 'O' 'B-'],
3042,3C_2,"prodotto di pasticceria, dolce, cibo, roba commestibile, tutto quello che non ti uccide se lo mangi, composto di atomi","sacher, sacher con la panna, sacher con la panna e granella di nocciola",torta,"tutto quello che non ti uccide se lo mangi, composto di atomi",3042_3C_2,"['prodotto di pasticceria' 'dolce' 'cibo' 'roba commestibile'
 'tutto quello che non ti uccide se lo mangi' 'composto di atomi' 'torta'
 'sacher' 'sacher con la panna'
 'sacher con la panna e granella di nocciola']","['prodotto di pasticceria' 'dolce' 'cibo' 'roba commestibile' 'torta'
 'sacher' 'sacher con la panna'
 'sacher con la panna e granella di nocciola']",['B-' 'B-' 'B-' 'B-' 'O' 'O' 'B-' 'B-' 'B-' 'B-'],
2174,1G_6,"sentimento, emozione",,paura,emozione,2174_1G_6,['sentimento' 'emozione' 'paura'],['sentimento' 'paura'],['B-' 'O' 'B-'],
1653,5D_8,"persona, mammifera, entità",silvia,insegnante,,1653_5D_8,['persona' 'mammifera' 'entità' 'insegnante' 'silvia'],['persona' 'mammifera' 'entità' 'insegnante' 'silvia'],['B-' 'B-' 'B-' 'B-' 'B-'],
309,3B_26,"taxista, persona, mammifero, uomo, bipede, t-rex, dinosauro","intelligenza artificiale, robot, meccanismo algoritmo",autista,"taxista, uomo, bipede, t-rex, dinosauro, intelligenza artificiale, robot, meccanismo algoritmo",309_3B_26,"['taxista' 'persona' 'mammifero' 'uomo' 'bipede' 't-rex' 'dinosauro'
 'autista' 'intelligenza artificiale' 'robot' 'meccanismo algoritmo']",['persona' 'mammifero' 'autista'],['O' 'B-' 'B-' 'O' 'O' 'O' 'O' 'B-' 'O' 'O' 'O'],
824,2E_14,"equino, animale vertebrato, animale, essere vivente, entità",cavallo selvaggio,cavallo,,824_2E_14,"['equino' 'animale vertebrato' 'animale' 'essere vivente' 'entità'
 'cavallo' 'cavallo selvaggio']","['equino' 'animale vertebrato' 'animale' 'essere vivente' 'entità'
 'cavallo' 'cavallo selvaggio']",['B-' 'B-' 'B-' 'B-' 'B-' 'B-' 'B-'],
579,5B_19,"emozione, concetto astratto",euforia,gioia,,579_5B_19,['emozione' 'concetto astratto' 'gioia' 'euforia'],['emozione' 'concetto astratto' 'gioia' 'euforia'],['B-' 'B-' 'B-' 'B-'],
2342,3C_19,"lavoro, dovere",,badante,,2342_3C_19,['lavoro' 'dovere' 'badante'],['lavoro' 'dovere' 'badante'],['B-' 'B-' 'B-'],
668,2E_4,entità,"ore, minuti, secondi, millesimi",tempo,"minuti, secondi, millesimi",668_2E_4,['entità' 'tempo' 'ore' 'minuti' 'secondi' 'millesimi'],['entità' 'tempo' 'ore'],['B-' 'B-' 'B-' 'O' 'O' 'O'],
883,2E_18,"grandezza, entità",minuto,tempo,,883_2E_18,['grandezza' 'entità' 'tempo' 'minuto'],['grandezza' 'entità' 'tempo' 'minuto'],['B-' 'B-' 'B-' 'B-'],
221,1G_13,"persona, essere vivente",lavoro,autista,lavoro,221_1G_13,['persona' 'essere vivente' 'autista' 'lavoro'],['persona' 'essere vivente' 'autista'],['B-' 'B-' 'B-' 'O'],
2316,3C_17,"mammifero, animale, essere vivente, organismo","cavallo bianco, cavallo bianco di napoleone",cavallo,"organismo, cavallo bianco di napoleone",2316_3C_17,"['mammifero' 'animale' 'essere vivente' 'organismo' 'cavallo'
 'cavallo bianco' 'cavallo bianco di napoleone']",['mammifero' 'animale' 'essere vivente' 'cavallo' 'cavallo bianco'],['B-' 'B-' 'B-' 'O' 'B-' 'B-' 'O'],
1994,2E_19,cervello,"pensiero, sogni, idee",mente,"cervello, pensiero, sogni, idee",1994_2E_19,['cervello' 'mente' 'pensiero' 'sogni' 'idee'],['mente'],['O' 'B-' 'O' 'O' 'O'],
2306,5D_13,emozione,buio,paura,,2306_5D_13,['emozione' 'paura' 'buio'],['emozione' 'paura' 'buio'],['B-' 'B-' 'B-'],
889,2E_18,"erbivoro, mammifero, animale, essere vivente, entità","bianco, latte",cavallo,,889_2E_18,"['erbivoro' 'mammifero' 'animale' 'essere vivente' 'entità' 'cavallo'
 'bianco' 'latte']","['erbivoro' 'mammifero' 'animale' 'essere vivente' 'entità' 'cavallo'
 'bianco' 'latte']",['B-' 'B-' 'B-' 'B-' 'B-' 'B-' 'B-' 'B-'],
1400,1G_8,"maestra, persona, essere vivente",,insegnante,maestra,1400_1G_8,['maestra' 'persona' 'essere vivente' 'insegnante'],['persona' 'essere vivente' 'insegnante'],['O' 'B-' 'B-' 'B-'],
902,2E_19,"cibo, alimento, nutrimento, oggetto concreto","di mele, di mele 100% di origine italiana, a km 0",torta,oggetto concreto,902_2E_19,"['cibo' 'alimento' 'nutrimento' 'oggetto concreto' 'torta' 'torta di mele'
 'torta di mele 100% di origine italiana' 'torta a km 0']","['cibo' 'alimento' 'nutrimento' 'torta' 'torta di mele'
 'torta di mele 100% di origine italiana' 'torta a km 0']",['B-' 'B-' 'B-' 'O' 'B-' 'B-' 'B-' 'B-'],di mele|||torta di mele___di mele 100% di origine italiana|||torta di mele 100% di origine italiana___a km 0|||torta a km 0___
1590,5D_2,"emozione, entità",felicità,gioia,felicità,1590_5D_2,['emozione' 'entità' 'gioia' 'felicità'],['emozione' 'entità' 'gioia'],['B-' 'B-' 'B-' 'O'],
2380,2E_17,"emozione, nervosismo",sentimento,rabbia,"nervosismo, sentimento",2380_2E_17,['emozione' 'nervosismo' 'rabbia' 'sentimento'],['emozione' 'rabbia'],['B-' 'O' 'B-' 'O'],
455,2E_6,"mezzo, muove, oggetto",ruote,automobile,"muove, ruote",455_2E_6,['mezzo' 'muove' 'oggetto' 'automobile' 'ruote'],['mezzo' 'oggetto' 'automobile'],['B-' 'O' 'B-' 'B-' 'O'],
2205,2F_24,"sentimento, sensazione",vertigini,paura,vertigini,2205_2F_24,['sentimento' 'sensazione' 'paura' 'vertigini'],['sentimento' 'sensazione' 'paura'],['B-' 'B-' 'B-' 'O'],
2391,3C_22,"emozione, sensazione",,rabbia,,2391_3C_22,['emozione' 'sensazione' 'rabbia'],['emozione' 'sensazione' 'rabbia'],['B-' 'B-' 'B-'],
749,5B_9,"persona, essere vivente, mammifero",,badante,mammifero,749_5B_9,['persona' 'essere vivente' 'mammifero' 'badante'],['persona' 'essere vivente' 'badante'],['B-' 'B-' 'O' 'B-'],
1907,5B_3,mestiere,anna biag,medico,,1907_5B_3,['mestiere' 'medico' 'anna biag'],['mestiere' 'medico' 'anna biag'],['B-' 'B-' 'B-'],
1770,1G_12,"lavoro, dovere, attività, obbligatoria, costretta",,medico,"obbligatoria, costretta",1770_1G_12,['lavoro' 'dovere' 'attività' 'obbligatoria' 'costretta' 'medico'],['lavoro' 'dovere' 'attività' 'medico'],['B-' 'B-' 'B-' 'O' 'O' 'B-'],
3046,3C_23,"cibo, alimento","crostata, tiramisù, cheesecake",torta,"tiramisù, cheesecake",3046_3C_23,['cibo' 'alimento' 'torta' 'crostata' 'tiramisù' 'cheesecake'],['cibo' 'alimento' 'torta' 'crostata'],['B-' 'B-' 'B-' 'B-' 'O' 'O'],
2510,5D_22,"emozione, sentimento, nervoso, stufarsi","non fare bene, alzare le mani",rabbia,"sentimento, nervoso, stufarsi, non fare bene, alzare le mani",2510_5D_22,"['emozione' 'sentimento' 'nervoso' 'stufarsi' 'rabbia' 'non fare bene'
 'alzare le mani']",['emozione' 'rabbia'],['B-' 'O' 'O' 'O' 'B-' 'O' 'O'],
886,3B_22,"mammifero, animale, essere vivente",mustang,cavallo,,886_3B_22,['mammifero' 'animale' 'essere vivente' 'cavallo' 'mustang'],['mammifero' 'animale' 'essere vivente' 'cavallo' 'mustang'],['B-' 'B-' 'B-' 'B-' 'B-'],
1027,2E_21,"gioco, plastica, oggetto","macchinine, macchinine telecomandate",giocattolo,plastica,1027_2E_21,"['gioco' 'plastica' 'oggetto' 'giocattolo' 'macchinine'
 'macchinine telecomandate']",['gioco' 'oggetto' 'giocattolo' 'macchinine' 'macchinine telecomandate'],['B-' 'O' 'B-' 'B-' 'B-' 'B-'],
1669,3B_5,diritto,,libertà,,1669_3B_5,['diritto' 'libertà'],['diritto' 'libertà'],['B-' 'B-'],
1672,5D_10,"sentimento, emozione",felicità,gioia,"emozione, felicità",1672_5D_10,['sentimento' 'emozione' 'gioia' 'felicità'],['sentimento' 'gioia'],['B-' 'O' 'B-' 'O'],
2331,1D_14,emozione,,rabbia,,2331_1D_14,['emozione' 'rabbia'],['emozione' 'rabbia'],['B-' 'B-'],
1512,1D_19,dimensione astratta,"ore, minuti, secondi",tempo,"minuti, secondi",1512_1D_19,['dimensione astratta' 'tempo' 'ore' 'minuti' 'secondi'],['dimensione astratta' 'tempo' 'ore'],['B-' 'B-' 'B-' 'O' 'O'],
2987,2F_17,"cibo, mangiare, nutrimento, vita",alle fragole,torta,"mangiare, vita",2987_2F_17,['cibo' 'mangiare' 'nutrimento' 'vita' 'torta' 'torta alle fragole'],['cibo' 'nutrimento' 'torta' 'torta alle fragole'],['B-' 'O' 'B-' 'O' 'B-' 'B-'],alle fragole|||torta alle fragole___
2142,2F_21,"misura, secondi, minuti, ore",orologio,tempo,"secondi, minuti, ore, orologio",2142_2F_21,['misura' 'secondi' 'minuti' 'ore' 'tempo' 'orologio'],['misura' 'tempo'],['B-' 'O' 'O' 'O' 'B-' 'O'],
1416,2E_22,"persona, professione, lavoro","italiano, arte, motoria",insegnante,"professione, lavoro, arte, motoria",1416_2E_22,['persona' 'professione' 'lavoro' 'insegnante' 'italiano' 'arte' 'motoria'],['persona' 'insegnante' 'italiano'],['B-' 'O' 'O' 'B-' 'B-' 'O' 'O'],
2312,5D_19,emozione,fobia,paura,,2312_5D_19,['emozione' 'paura' 'fobia'],['emozione' 'paura' 'fobia'],['B-' 'B-' 'B-'],
1695,5D_12,"persona, essere vivente","per anziani, babysitter",badante,babysitter,1695_5D_12,['persona' 'essere vivente' 'badante' 'badante per anziani' 'babysitter'],['persona' 'essere vivente' 'badante' 'badante per anziani'],['B-' 'B-' 'B-' 'B-' 'O'],per anziani|||badante per anziani___
2434,3B_19,"emozione, sentimento",,rabbia,sentimento,2434_3B_19,['emozione' 'sentimento' 'rabbia'],['emozione' 'rabbia'],['B-' 'O' 'B-'],
814,1G_4,"animale, mammifero, essere vivente",pony,cavallo,mammifero,814_1G_4,['animale' 'mammifero' 'essere vivente' 'cavallo' 'pony'],['animale' 'essere vivente' 'cavallo' 'pony'],['B-' 'O' 'B-' 'B-' 'B-'],
159,1G_12,"emozione, sentimento",gentilezza,affetto,"sentimento, gentilezza",159_1G_12,['emozione' 'sentimento' 'affetto' 'gentilezza'],['emozione' 'affetto'],['B-' 'O' 'B-' 'O'],
1248,2F_22,sentimento,gioire,gioia,gioire,1248_2F_22,['sentimento' 'gioia' 'gioire'],['sentimento' 'gioia'],['B-' 'B-' 'O'],
92,2F_4,"amicizia, emozione",abbraccio,affetto,"amicizia, abbraccio",92_2F_4,['amicizia' 'emozione' 'affetto' 'abbraccio'],['emozione' 'affetto'],['O' 'B-' 'B-' 'O'],
372,5D_18,"persona, mammifero, animale, essere vivente",uber,autista,,372_5D_18,['persona' 'mammifero' 'animale' 'essere vivente' 'autista' 'uber'],['persona' 'mammifero' 'animale' 'essere vivente' 'autista' 'uber'],['B-' 'B-' 'B-' 'B-' 'B-' 'B-'],
2933,1G_12,"dolce, dessert, ultimo piatto",,torta,"dessert, ultimo piatto",2933_1G_12,['dolce' 'dessert' 'ultimo piatto' 'torta'],['dolce' 'torta'],['B-' 'O' 'O' 'B-'],
1001,2E_25,"sensazione, cosa astratta, cosa, entità",fantasmi,paura,cosa,1001_2E_25,['sensazione' 'cosa astratta' 'cosa' 'entità' 'paura' 'fantasmi'],['sensazione' 'cosa astratta' 'entità' 'paura' 'fantasmi'],['B-' 'B-' 'O' 'B-' 'B-' 'B-'],
531,5B_16,concetto astratto,"minuti, 60 secondi",tempo,60 secondi,531_5B_16,['concetto astratto' 'tempo' 'minuti' '60 secondi'],['concetto astratto' 'tempo' 'minuti'],['B-' 'B-' 'B-' 'O'],
2376,2E_13,sentimento,,rabbia,,2376_2E_13,['sentimento' 'rabbia'],['sentimento' 'rabbia'],['B-' 'B-'],
1144,5D_15,"giocare, divertirsi","trenino, lego, bambole",giocattolo,"giocare, divertirsi, lego, bambole",1144_5D_15,['giocare' 'divertirsi' 'giocattolo' 'trenino' 'lego' 'bambole'],['giocattolo' 'trenino'],['O' 'O' 'B-' 'B-' 'O' 'O'],
1149,3C_9,sensazione,brutti sogni,sogno,sensazione,1149_3C_9,['sensazione' 'sogno' 'brutti sogni'],['sogno' 'brutti sogni'],['O' 'B-' 'B-'],
3066,5B_19,"cioccolato, latte, buona",tenerina,torta,"cioccolato, latte, buona",3066_5B_19,['cioccolato' 'latte' 'buona' 'torta' 'tenerina'],['torta' 'tenerina'],['O' 'O' 'O' 'B-' 'B-'],
700,2E_6,"sensazione, emozione, cosa astratta, entità",sfogo,rabbia,"emozione, sfogo",700_2E_6,['sensazione' 'emozione' 'cosa astratta' 'entità' 'rabbia' 'sfogo'],['sensazione' 'cosa astratta' 'entità' 'rabbia'],['B-' 'O' 'B-' 'B-' 'B-' 'O'],
1044,2F_13,"plastica, lana",orso che respira,giocattolo,"plastica, lana",1044_2F_13,['plastica' 'lana' 'giocattolo' 'orso che respira'],['giocattolo' 'orso che respira'],['O' 'O' 'B-' 'B-'],
1590,1G_4,"sensazione, percezione",,libertà,percezione,1590_1G_4,['sensazione' 'percezione' 'libertà'],['sensazione' 'libertà'],['B-' 'O' 'B-'],
2364,1G_23,"modo di essere, emozione",furia,rabbia,modo di essere,2364_1G_23,['modo di essere' 'emozione' 'rabbia' 'furia'],['emozione' 'rabbia' 'furia'],['O' 'B-' 'B-' 'B-'],
609,2E_1,sentimento,"personale, femminile, familiare",affetto,"femminile, familiare",609_2E_1,['sentimento' 'affetto' 'personale' 'femminile' 'familiare'],['sentimento' 'affetto' 'personale'],['B-' 'B-' 'B-' 'O' 'O'],
602,1D_9,"aiuta, gioca, pulisce, bada, cucina","un/a vecchietta/o, bimbi",badante,"aiuta, gioca, pulisce, bada, cucina, bimbi",602_1D_9,"['aiuta' 'gioca' 'pulisce' 'bada' 'cucina' 'badante' 'un/a vecchietta/o'
 'bimbi']",['badante' 'un/a vecchietta/o'],['O' 'O' 'O' 'O' 'O' 'B-' 'B-' 'O'],
466,2F_16,"mezzo di trasporto, veicolo","macchina, strada",automobile,"veicolo, macchina, strada",466_2F_16,['mezzo di trasporto' 'veicolo' 'automobile' 'macchina' 'strada'],['mezzo di trasporto' 'automobile'],['B-' 'O' 'B-' 'O' 'O'],
373,5D_19,"persona, che accompagna","taxi, lavoro",autista,"che accompagna, lavoro",373_5D_19,['persona' 'che accompagna' 'autista' 'taxi' 'lavoro'],['persona' 'autista' 'taxi'],['B-' 'O' 'B-' 'B-' 'O'],
307,5B_2,"dolce, cibo, entità",sacher,torta,,307_5B_2,['dolce' 'cibo' 'entità' 'torta' 'sacher'],['dolce' 'cibo' 'entità' 'torta' 'sacher'],['B-' 'B-' 'B-' 'B-' 'B-'],
709,3C_14,"per bambini o vecchi, persona",babysitter,badante,"per bambini o vecchi, babysitter",709_3C_14,['per bambini o vecchi' 'persona' 'badante' 'babysitter'],['persona' 'badante'],['O' 'B-' 'B-' 'O'],
1392,1D_12,"pensiero, creato dal subconscio, parte del corpo, entità",incubo,sogno,"creato dal subconscio, parte del corpo",1392_1D_12,"['pensiero' 'creato dal subconscio' 'parte del corpo' 'entità' 'sogno'
 'incubo']",['pensiero' 'entità' 'sogno' 'incubo'],['B-' 'O' 'O' 'B-' 'B-' 'B-'],
1415,1D_13,"emozione, sentimento, mentalità",furia,rabbia,"sentimento, mentalità",1415_1D_13,['emozione' 'sentimento' 'mentalità' 'rabbia' 'furia'],['emozione' 'rabbia' 'furia'],['B-' 'O' 'O' 'B-' 'B-'],
2515,5D_5,emozione,furia,rabbia,,2515_5D_5,['emozione' 'rabbia' 'furia'],['emozione' 'rabbia' 'furia'],['B-' 'B-' 'B-'],
220,1G_12,"persona, essere vivente, vivente",,autista,vivente,220_1G_12,['persona' 'essere vivente' 'vivente' 'autista'],['persona' 'essere vivente' 'autista'],['B-' 'B-' 'O' 'B-'],
2181,2F_23,"tempo meteorologico, clima, ambiente",pioggia,tempo,"tempo meteorologico, ambiente",2181_2F_23,['tempo meteorologico' 'clima' 'ambiente' 'tempo' 'pioggia'],['clima' 'tempo' 'pioggia'],['O' 'B-' 'O' 'B-' 'B-'],
1552,1D_22,"pensiero, creato dal subconscio, entità astratta",,sogno,creato dal subconscio,1552_1D_22,['pensiero' 'creato dal subconscio' 'entità astratta' 'sogno'],['pensiero' 'entità astratta' 'sogno'],['B-' 'O' 'B-' 'B-'],
1448,1D_15,,"pony, nero",cavallo,,1448_1D_15,[' cavallo' 'pony' 'nero'],[' cavallo' 'pony' 'nero'],['B-' 'B-' 'B-'],
91,2F_3,"amore, sentimento, emozione",,affetto,"amore, emozione",91_2F_3,['amore' 'sentimento' 'emozione' 'affetto'],['sentimento' 'affetto'],['O' 'B-' 'O' 'B-'],
716,3C_20,"lavoro, persona, essere vivente",,badante,"persona, essere vivente",716_3C_20,['lavoro' 'persona' 'essere vivente' 'badante'],['lavoro' 'badante'],['B-' 'O' 'O' 'B-'],
711,3C_16,"bambini o vecchi, persona",babysitter,badante,"bambini o vecchi, babysitter",711_3C_16,['bambini o vecchi' 'persona' 'badante' 'babysitter'],['persona' 'badante'],['O' 'B-' 'B-' 'O'],
242,1G_21,"tempo atmosferico, pioggia, acqua, vita, tutto",fazzoletti tempo,tempo,"tempo atmosferico, pioggia, acqua, vita, tutto, fazzoletti tempo",242_1G_21,"['tempo atmosferico' 'pioggia' 'acqua' 'vita' 'tutto' 'tempo'
 'fazzoletti tempo']",['tempo'],['O' 'O' 'O' 'O' 'O' 'B-' 'O'],
1046,2F_15,"regali, divertimento",lego,giocattolo,"regali, divertimento",1046_2F_15,['regali' 'divertimento' 'giocattolo' 'lego'],['giocattolo' 'lego'],['O' 'O' 'B-' 'B-'],
2197,2F_24,misura,,tempo,,2197_2F_24,['misura' 'tempo'],['misura' 'tempo'],['B-' 'B-'],
2727,1D_21,"orario, orologio","minuto, ora, secondo",tempo,"orario, orologio, ora, secondo",2727_1D_21,['orario' 'orologio' 'tempo' 'minuto' 'ora' 'secondo'],['tempo' 'minuto'],['O' 'O' 'B-' 'B-' 'O' 'O'],
1391,1G_20,"persona, essere vivente, cane, animale, scimmia, mammifero, maiale",luciano marcucci,insegnante,"cane, animale, scimmia, mammifero, maiale",1391_1G_20,"['persona' 'essere vivente' 'cane' 'animale' 'scimmia' 'mammifero'
 'maiale' 'insegnante' 'luciano marcucci']",['persona' 'essere vivente' 'insegnante' 'luciano marcucci'],['B-' 'B-' 'O' 'O' 'O' 'O' 'O' 'B-' 'B-'],
712,2E_7,"desiderio, speranza","avere un lavoro, mestiere, insegnare",sogno,"desiderio, speranza, avere un lavoro, mestiere, insegnare",712_2E_7,['desiderio' 'speranza' 'sogno' 'avere un lavoro' 'mestiere' 'insegnare'],['sogno'],['O' 'O' 'B-' 'O' 'O' 'O'],
2703,5D_21,immaginazione,,sogno,,2703_5D_21,['immaginazione' 'sogno'],['immaginazione' 'sogno'],['B-' 'B-'],
294,5B_1,"lavoro, entità","persona, gabriele",autista,persona,294_5B_1,['lavoro' 'entità' 'autista' 'persona' 'gabriele'],['lavoro' 'entità' 'autista' 'gabriele'],['B-' 'B-' 'B-' 'O' 'B-'],
1762,5D_16,"ruolo, entità",,badante,,1762_5D_16,['ruolo' 'entità' 'badante'],['ruolo' 'entità' 'badante'],['B-' 'B-' 'B-'],
830,2E_14,"lavoratore, essere umano, essere vivente, entità","insegnante di sostegno, insegnante di sostegno per speciali",insegnante,,830_2E_14,"['lavoratore' 'essere umano' 'essere vivente' 'entità' 'insegnante'
 'insegnante di sostegno' 'insegnante di sostegno per speciali']","['lavoratore' 'essere umano' 'essere vivente' 'entità' 'insegnante'
 'insegnante di sostegno' 'insegnante di sostegno per speciali']",['B-' 'B-' 'B-' 'B-' 'B-' 'B-' 'B-'],
18,1D_5,"emozione, sensazione",amore,affetto,,18_1D_5,['emozione' 'sensazione' 'affetto' 'amore'],['emozione' 'sensazione' 'affetto' 'amore'],['B-' 'B-' 'B-' 'B-'],
608,1G_14,"persona, essere vivente",babysitter,badante,babysitter,608_1G_14,['persona' 'essere vivente' 'badante' 'babysitter'],['persona' 'essere vivente' 'badante'],['B-' 'B-' 'B-' 'O'],
1656,5D_8,"misura, entità","tempo passato, tempo passato remoto, tempo trapassato remoto",tempo,tempo trapassato remoto,1656_5D_8,"['misura' 'entità' 'tempo' 'tempo passato' 'tempo passato remoto'
 'tempo trapassato remoto']",['misura' 'entità' 'tempo' 'tempo passato' 'tempo passato remoto'],['B-' 'B-' 'B-' 'B-' 'B-' 'O'],
2517,5D_7,sentimento,,rabbia,,2517_5D_7,['sentimento' 'rabbia'],['sentimento' 'rabbia'],['B-' 'B-'],
1223,2E_23,"amici, sentimento, emozione",emotiva,gioia,"amici, emozione, emotiva",1223_2E_23,['amici' 'sentimento' 'emozione' 'gioia' 'emotiva'],['sentimento' 'gioia'],['O' 'B-' 'O' 'B-' 'O'],
671,2E_5,"mezzo di trasporto, oggetto, entità",fiat ,automobile,,671_2E_5,['mezzo di trasporto' 'oggetto' 'entità' 'automobile' 'fiat'],['mezzo di trasporto' 'oggetto' 'entità' 'automobile' 'fiat'],['B-' 'B-' 'B-' 'B-' 'B-'],
1365,1D_18,lavoro,"prof, maestra",insegnante,maestra,1365_1D_18,['lavoro' 'insegnante' 'prof' 'maestra'],['lavoro' 'insegnante' 'prof'],['B-' 'B-' 'B-' 'O'],
1812,2E_6,"persona, che aiuta, vivente",ginecologa,medico,che aiuta,1812_2E_6,['persona' 'che aiuta' 'vivente' 'medico' 'ginecologa'],['persona' 'vivente' 'medico' 'ginecologa'],['B-' 'O' 'B-' 'B-' 'B-'],
2404,3C_23,"lavoro, azione",del taxi,autista,,2404_3C_23,['lavoro' 'azione' 'autista' 'autista del taxi'],['lavoro' 'azione' 'autista' 'autista del taxi'],['B-' 'B-' 'B-' 'B-'],del taxi|||autista del taxi___
396,1D_18,mezzo di trasporto,,automobile,,396_1D_18,['mezzo di trasporto' 'automobile'],['mezzo di trasporto' 'automobile'],['B-' 'B-'],
370,5B_6,"tipo di cosa, emozione, cosa astratta","frustrazione, ira",rabbia,"tipo di cosa, ira",370_5B_6,['tipo di cosa' 'emozione' 'cosa astratta' 'rabbia' 'frustrazione' 'ira'],['emozione' 'cosa astratta' 'rabbia' 'frustrazione'],['O' 'B-' 'B-' 'B-' 'B-' 'O'],
1890,2F_3,"unità di misura, cosa astratta","ora, minuti, secondi",tempo,"minuti, secondi",1890_2F_3,['unità di misura' 'cosa astratta' 'tempo' 'ora' 'minuti' 'secondi'],['unità di misura' 'cosa astratta' 'tempo' 'ora'],['B-' 'B-' 'B-' 'B-' 'O' 'O'],
29,1G_15,"sentimento, amore",,affetto,amore,29_1G_15,['sentimento' 'amore' 'affetto'],['sentimento' 'affetto'],['B-' 'O' 'B-'],
28,1G_14,"amore, emozione",,affetto,amore,28_1G_14,['amore' 'emozione' 'affetto'],['emozione' 'affetto'],['O' 'B-' 'B-'],
2260,3C_14,"persona, essere vivente, forma di vita",taxista,autista,,2260_3C_14,['persona' 'essere vivente' 'forma di vita' 'autista' 'taxista'],['persona' 'essere vivente' 'forma di vita' 'autista' 'taxista'],['B-' 'B-' 'B-' 'B-' 'B-'],
602,5B_21,"emozione, pensiero, cosa, entità",paterno,affetto,"pensiero, cosa",602_5B_21,['emozione' 'pensiero' 'cosa' 'entità' 'affetto' 'paterno'],['emozione' 'entità' 'affetto' 'paterno'],['B-' 'O' 'O' 'B-' 'B-' 'B-'],
238,1G_20,"lavoro, entità",matematica,insegnante,,238_1G_20,['lavoro' 'entità' 'insegnante' 'matematica'],['lavoro' 'entità' 'insegnante' 'matematica'],['B-' 'B-' 'B-' 'B-'],
309,5B_2,"lavoro, dovere, diritto",dentista,medico,diritto,309_5B_2,['lavoro' 'dovere' 'diritto' 'medico' 'dentista'],['lavoro' 'dovere' 'medico' 'dentista'],['B-' 'B-' 'O' 'B-' 'B-'],
1948,1D_19,"sognare, pensare, liberarsi",testa,mente,"sognare, pensare, liberarsi, testa",1948_1D_19,['sognare' 'pensare' 'liberarsi' 'mente' 'testa'],['mente'],['O' 'O' 'O' 'B-' 'O'],
1061,2F_5,,,giocattolo,,1061_2F_5,[' giocattolo'],[' giocattolo'],['B-'],
57,2E_2,"sentirsi sicuri, stare bene, emozione, amore",abbraccio,affetto,"sentirsi sicuri, stare bene, amore, abbraccio",57_2E_2,['sentirsi sicuri' 'stare bene' 'emozione' 'amore' 'affetto' 'abbraccio'],['emozione' 'affetto'],['O' 'O' 'B-' 'O' 'B-' 'O'],
1329,5B_7,"emozione, sentimento, modo di sentirsi",sorrisi,gioia,"sentimento, sorrisi",1329_5B_7,['emozione' 'sentimento' 'modo di sentirsi' 'gioia' 'sorrisi'],['emozione' 'modo di sentirsi' 'gioia'],['B-' 'O' 'B-' 'B-' 'O'],
1861,3B_3,"lavoro, mestiere","medicine, cure, benessere",medico,"mestiere, medicine, cure, benessere",1861_3B_3,['lavoro' 'mestiere' 'medico' 'medicine' 'cure' 'benessere'],['lavoro' 'medico'],['B-' 'O' 'B-' 'O' 'O' 'O'],
1468,3B_22,"scuola, edificio",sostegno,insegnante,"scuola, edificio",1468_3B_22,['scuola' 'edificio' 'insegnante' 'sostegno'],['insegnante' 'sostegno'],['O' 'O' 'B-' 'B-'],
2038,2F_13,"lavoro, mestiere, dovere",di taxi,autista,mestiere,2038_2F_13,['lavoro' 'mestiere' 'dovere' 'autista' 'autista di taxi'],['lavoro' 'dovere' 'autista' 'autista di taxi'],['B-' 'O' 'B-' 'B-' 'B-'],di taxi|||autista di taxi___
1074,3B_17,passatempo,"materiale, plastica",giocattolo,"passatempo, materiale, plastica",1074_3B_17,['passatempo' 'giocattolo' 'materiale' 'plastica'],['giocattolo'],['O' 'B-' 'O' 'O'],
1305,3C_4,"felicità, sentimento, emozione",,gioia,"felicità, emozione",1305_3C_4,['felicità' 'sentimento' 'emozione' 'gioia'],['sentimento' 'gioia'],['O' 'B-' 'O' 'B-'],
2032,2F_6,,"pensare, ragionare ",mente,"pensare, ragionare",2032_2F_6,[' mente' 'pensare' 'ragionare'],[' mente'],['B-' 'O' 'O'],
115,1G_9,"oggetto, concreto",macchina,giocattolo,,115_1G_9,['oggetto' 'concreto' 'giocattolo' 'macchina'],['oggetto' 'concreto' 'giocattolo' 'macchina'],['B-' 'B-' 'B-' 'B-'],
230,1G_22,"viaggio, vacanza",taxista,autista,"viaggio, vacanza",230_1G_22,['viaggio' 'vacanza' 'autista' 'taxista'],['autista' 'taxista'],['O' 'O' 'B-' 'B-'],
2352,1G_12,"emozione, cattività, crudeltà, ingiusta",cattività,rabbia,"cattività, crudeltà, ingiusta, cattività",2352_1G_12,['emozione' 'cattività' 'crudeltà' 'ingiusta' 'rabbia' 'cattività'],['emozione' 'rabbia'],['B-' 'O' 'O' 'O' 'B-' 'O'],
1982,1G_8,contenitore di pensiero,,mente,,1982_1G_8,['contenitore di pensiero' 'mente'],['contenitore di pensiero' 'mente'],['B-' 'B-'],
316,5B_2,"lavoro, dovere, diritto, cosa",,autista,"diritto, cosa",316_5B_2,['lavoro' 'dovere' 'diritto' 'cosa' 'autista'],['lavoro' 'dovere' 'autista'],['B-' 'B-' 'O' 'O' 'B-'],
285,1G_23,"sentimento negativo, sentimento, concetto astratto",ira,rabbia,,285_1G_23,['sentimento negativo' 'sentimento' 'concetto astratto' 'rabbia' 'ira'],['sentimento negativo' 'sentimento' 'concetto astratto' 'rabbia' 'ira'],['B-' 'B-' 'B-' 'B-' 'B-'],
347,5B_14,,"di autobus, persone, folla",autista,"persone, folla",347_5B_14,[' autista' ' autista di autobus' 'persone' 'folla'],[' autista' ' autista di autobus'],['B-' 'B-' 'O' 'O'],di autobus||| autista di autobus___
2549,1G_15,,fantastico,sogno,,2549_1G_15,[' sogno' 'fantastico'],[' sogno' 'fantastico'],['B-' 'B-'],
2890,5D_16,misura,orologio,tempo,orologio,2890_5D_16,['misura' 'tempo' 'orologio'],['misura' 'tempo'],['B-' 'B-' 'O'],
1302,1D_6,"concezione del tempo, cosa astratta",orario,tempo,"concezione del tempo, orario",1302_1D_6,['concezione del tempo' 'cosa astratta' 'tempo' 'orario'],['cosa astratta' 'tempo'],['O' 'B-' 'B-' 'O'],
1750,1D_15,professione,,medico,,1750_1D_15,['professione' 'medico'],['professione' 'medico'],['B-' 'B-'],
1219,1D_1,"lavoro, mestiere",delle elementari,insegnante,mestiere,1219_1D_1,['lavoro' 'mestiere' 'insegnante' 'insegnante delle elementari'],['lavoro' 'insegnante' 'insegnante delle elementari'],['B-' 'O' 'B-' 'B-'],delle elementari|||insegnante delle elementari___
1216,2E_17,emozione,felicità,gioia,felicità,1216_2E_17,['emozione' 'gioia' 'felicità'],['emozione' 'gioia'],['B-' 'B-' 'O'],
1618,2E_6,"no prigione, stato d'animo",diritto,libertà,"no prigione, diritto",1618_2E_6,"['no prigione' ""stato d'animo"" 'libertà' 'diritto']","[""stato d'animo"" 'libertà']",['O' 'B-' 'B-' 'O'],
2004,2E_4,"neuroni, cervello, parte del corpo",umana,mente,"neuroni, cervello, parte del corpo",2004_2E_4,['neuroni' 'cervello' 'parte del corpo' 'mente' 'umana'],['mente' 'umana'],['O' 'O' 'O' 'B-' 'B-'],
2178,2F_23,"sentimento, emozione, cosa astratta",,gioia,emozione,2178_2F_23,['sentimento' 'emozione' 'cosa astratta' 'gioia'],['sentimento' 'cosa astratta' 'gioia'],['B-' 'O' 'B-' 'B-'],
1084,3B_26,gioco,"macchina, hot wheels",giocattolo,,1084_3B_26,['gioco' 'giocattolo' 'macchina' 'hot wheels'],['gioco' 'giocattolo' 'macchina' 'hot wheels'],['B-' 'B-' 'B-' 'B-'],
938,2E_21,"emozione, sentimento, entità ","affetto fraterno, il mio cane",affetto,"sentimento, il mio cane",938_2E_21,"['emozione' 'sentimento' 'entità ' 'affetto' 'affetto fraterno'
 'il mio cane']",['emozione' 'entità ' 'affetto' 'affetto fraterno'],['B-' 'O' 'B-' 'B-' 'B-' 'O'],
2471,3C_6,"emozione, sentimento",,rabbia,sentimento,2471_3C_6,['emozione' 'sentimento' 'rabbia'],['emozione' 'rabbia'],['B-' 'O' 'B-'],
757,2E_10,"sentimento, emozione forte","personale, femminile ",affetto,"emozione forte, femminile",757_2E_10,['sentimento' 'emozione forte' 'affetto' 'personale' 'femminile'],['sentimento' 'affetto' 'personale'],['B-' 'O' 'B-' 'B-' 'O'],
995,2E_25,"emozione, cosa astratta, entità","essere felice, mangiare un gelato",gioia,"essere felice, mangiare un gelato",995_2E_25,"['emozione' 'cosa astratta' 'entità' 'gioia' 'essere felice'
 'mangiare un gelato']",['emozione' 'cosa astratta' 'entità' 'gioia'],['B-' 'B-' 'B-' 'B-' 'O' 'O'],
2172,1G_4,"emozione, rabbia",,paura,rabbia,2172_1G_4,['emozione' 'rabbia' 'paura'],['emozione' 'paura'],['B-' 'O' 'B-'],
919,3C_6,"animale, mammifero, essere vivente",,cavallo,mammifero,919_3C_6,['animale' 'mammifero' 'essere vivente' 'cavallo'],['animale' 'essere vivente' 'cavallo'],['B-' 'O' 'B-' 'B-'],
863,2F_25,"animale, mammifero","pony, sella, ostacoli",cavallo,"mammifero, sella, ostacoli",863_2F_25,['animale' 'mammifero' 'cavallo' 'pony' 'sella' 'ostacoli'],['animale' 'cavallo' 'pony'],['B-' 'O' 'B-' 'B-' 'O' 'O'],
553,5B_17,"persona, essere vivente","autista di autobus, gianluca",autista,,553_5B_17,['persona' 'essere vivente' 'autista' 'autista di autobus' 'gianluca'],['persona' 'essere vivente' 'autista' 'autista di autobus' 'gianluca'],['B-' 'B-' 'B-' 'B-' 'B-'],
555,5B_9,"veicolo, mezzo di trasporto","lamborghini, lamborghini Huracan",automobile,,555_5B_9,"['veicolo' 'mezzo di trasporto' 'automobile' 'lamborghini'
 'lamborghini Huracan']","['veicolo' 'mezzo di trasporto' 'automobile' 'lamborghini'
 'lamborghini Huracan']",['B-' 'B-' 'B-' 'B-' 'B-'],
1598,5D_3,"alimento dolce, cibo, entità","torta al cioccolato, torta al cioccolato fondente",torta,,1598_5D_3,"['alimento dolce' 'cibo' 'entità' 'torta' 'torta al cioccolato'
 'torta al cioccolato fondente']","['alimento dolce' 'cibo' 'entità' 'torta' 'torta al cioccolato'
 'torta al cioccolato fondente']",['B-' 'B-' 'B-' 'B-' 'B-' 'B-'],
415,1G_14,"macchina, mezzo di trasporto",ferrari,automobile,macchina,415_1G_14,['macchina' 'mezzo di trasporto' 'automobile' 'ferrari'],['mezzo di trasporto' 'automobile' 'ferrari'],['O' 'B-' 'B-' 'B-'],
1740,5D_14,cosa astratta,,affetto,,1740_5D_14,['cosa astratta' 'affetto'],['cosa astratta' 'affetto'],['B-' 'B-'],
2426,3C_24,"oggetto, materiale, sostanza",ferrari,automobile,"materiale, sostanza",2426_3C_24,['oggetto' 'materiale' 'sostanza' 'automobile' 'ferrari'],['oggetto' 'automobile' 'ferrari'],['B-' 'O' 'O' 'B-' 'B-'],
1916,5D_11,"mestiere, lavoro",di base,medico,,1916_5D_11,['mestiere' 'lavoro' 'medico' 'medico di base'],['mestiere' 'lavoro' 'medico' 'medico di base'],['B-' 'B-' 'B-' 'B-'],di base|||medico di base___
1220,1D_1,"oggetto, passatempo",monopoly,giocattolo,passatempo,1220_1D_1,['oggetto' 'passatempo' 'giocattolo' 'monopoly'],['oggetto' 'giocattolo' 'monopoly'],['B-' 'O' 'B-' 'B-'],
322,3C_14,automobile,taxista,autista,automobile,322_3C_14,['automobile' 'autista' 'taxista'],['autista' 'taxista'],['O' 'B-' 'B-'],
671,2F_3,"aiuto, lavoro, persona, essere vivente","nonna, vecchia",badante,"aiuto, persona, essere vivente, vecchia",671_2F_3,['aiuto' 'lavoro' 'persona' 'essere vivente' 'badante' 'nonna' 'vecchia'],['lavoro' 'badante' 'nonna'],['O' 'B-' 'O' 'O' 'B-' 'B-' 'O'],
2129,2F_20,emozione,voler bene,affetto,,2129_2F_20,['emozione' 'affetto' 'voler bene'],['emozione' 'affetto' 'voler bene'],['B-' 'B-' 'B-'],
383,5B_7,"amore, emozione, sentimento","bacio, bacio amoroso",affetto,"amore, sentimento, bacio, bacio amoroso",383_5B_7,['amore' 'emozione' 'sentimento' 'affetto' 'bacio' 'bacio amoroso'],['emozione' 'affetto'],['O' 'B-' 'O' 'B-' 'O' 'O'],
2092,2F_17,"persona, mammifero, essere vivente, entità",badante per anziani,badante,,2092_2F_17,"['persona' 'mammifero' 'essere vivente' 'entità' 'badante'
 'badante per anziani']","['persona' 'mammifero' 'essere vivente' 'entità' 'badante'
 'badante per anziani']",['B-' 'B-' 'B-' 'B-' 'B-' 'B-'],
479,5B_13,,"macchinina, macchinina telecomandata ",giocattolo,,479_5B_13,[' giocattolo' 'macchinina' 'macchinina telecomandata'],[' giocattolo' 'macchinina' 'macchinina telecomandata'],['B-' 'B-' 'B-'],
2968,2E_23,"cibo, pasticceria, pasticciere, pastiera",ciambella,torta,"pasticceria, pasticciere, pastiera",2968_2E_23,['cibo' 'pasticceria' 'pasticciere' 'pastiera' 'torta' 'ciambella'],['cibo' 'torta' 'ciambella'],['B-' 'O' 'O' 'O' 'B-' 'B-'],
1680,5D_11,entità,,affetto,,1680_5D_11,['entità' 'affetto'],['entità' 'affetto'],['B-' 'B-'],
1967,1G_15,,cervello,mente,cervello,1967_1G_15,[' mente' 'cervello'],[' mente'],['B-' 'O'],
1339,5D_16,"emozione, sentimento",felicità,gioia,"sentimento, felicità",1339_5D_16,['emozione' 'sentimento' 'gioia' 'felicità'],['emozione' 'gioia'],['B-' 'O' 'B-' 'O'],
480,2F_5,"veicolo, oggetto","bugatti, elettrica, a motore",automobile,a motore,480_2F_5,"['veicolo' 'oggetto' 'automobile' 'bugatti' 'elettrica'
 'elettrica a motore']",['veicolo' 'oggetto' 'automobile' 'bugatti' 'elettrica'],['B-' 'B-' 'B-' 'B-' 'B-' 'O'],a motore|||elettrica a motore___
342,5B_1,"lavoro, passatempo, divertimento, emozione, espressione, faccia","guidatore, taxista",autista,"passatempo, divertimento, emozione, espressione, faccia, guidatore",342_5B_1,"['lavoro' 'passatempo' 'divertimento' 'emozione' 'espressione' 'faccia'
 'autista' 'guidatore' 'taxista']",['lavoro' 'autista' 'taxista'],['B-' 'O' 'O' 'O' 'O' 'O' 'B-' 'O' 'B-'],
845,2E_15,cervello,"mente aperta, mente troppo aperta",mente,cervello,845_2E_15,['cervello' 'mente' 'mente aperta' 'mente troppo aperta'],['mente' 'mente aperta' 'mente troppo aperta'],['O' 'B-' 'B-' 'B-'],
291,5B_1,"ragionamento, pensiero, entità","cervello, organo",mente,"ragionamento, pensiero, cervello, organo",291_5B_1,['ragionamento' 'pensiero' 'entità' 'mente' 'cervello' 'organo'],['entità' 'mente'],['O' 'O' 'B-' 'B-' 'O' 'O'],
617,2E_1,"gioco per bambini, oggetto","lego, play",giocattolo,,617_2E_1,['gioco per bambini' 'oggetto' 'giocattolo' 'lego' 'play'],['gioco per bambini' 'oggetto' 'giocattolo' 'lego' 'play'],['B-' 'B-' 'B-' 'B-' 'B-'],
173,5D_12,"amore, pensiero","abbraccio, bacio",affetto,"amore, pensiero, abbraccio, bacio",173_5D_12,['amore' 'pensiero' 'affetto' 'abbraccio' 'bacio'],['affetto'],['O' 'O' 'B-' 'O' 'O'],
646,2E_3,pensiero,aperta ,mente,pensiero,646_2E_3,['pensiero' 'mente' 'aperta'],['mente' 'aperta'],['O' 'B-' 'B-'],
1895,2F_3,"aiutante, lavoro, persona, essere vivente, entità",babysitter,badante,"persona, essere vivente, babysitter",1895_2F_3,"['aiutante' 'lavoro' 'persona' 'essere vivente' 'entità' 'badante'
 'babysitter']",['aiutante' 'lavoro' 'entità' 'badante'],['B-' 'B-' 'O' 'O' 'B-' 'B-' 'O'],
1539,1D_21,"persona, essere umano, onnivoro, entità",privato,autista,,1539_1D_21,['persona' 'essere umano' 'onnivoro' 'entità' 'autista' 'privato'],['persona' 'essere umano' 'onnivoro' 'entità' 'autista' 'privato'],['B-' 'B-' 'B-' 'B-' 'B-' 'B-'],
679,2E_5,"guidatore, persona, mammifero, essere vivente, entità",taxista,autista,,679_2E_5,"['guidatore' 'persona' 'mammifero' 'essere vivente' 'entità' 'autista'
 'taxista']","['guidatore' 'persona' 'mammifero' 'essere vivente' 'entità' 'autista'
 'taxista']",['B-' 'B-' 'B-' 'B-' 'B-' 'B-' 'B-'],
2188,2F_23,"mammifero, quadrupede, animale, entità",pony,cavallo,,2188_2F_23,['mammifero' 'quadrupede' 'animale' 'entità' 'cavallo' 'pony'],['mammifero' 'quadrupede' 'animale' 'entità' 'cavallo' 'pony'],['B-' 'B-' 'B-' 'B-' 'B-' 'B-'],
1406,2E_13,"mammifero, persona, essere vivente",,insegnante,persona,1406_2E_13,['mammifero' 'persona' 'essere vivente' 'insegnante'],['mammifero' 'essere vivente' 'insegnante'],['B-' 'O' 'B-' 'B-'],
2481,5B_15,"emozione, sentimento",tristezza,rabbia,"sentimento, tristezza",2481_5B_15,['emozione' 'sentimento' 'rabbia' 'tristezza'],['emozione' 'rabbia'],['B-' 'O' 'B-' 'O'],
170,5D_1,sensazione,,affetto,,170_5D_1,['sensazione' 'affetto'],['sensazione' 'affetto'],['B-' 'B-'],
2823,3B_2,"dimensione, multiverso",,tempo,multiverso,2823_3B_2,['dimensione' 'multiverso' 'tempo'],['dimensione' 'tempo'],['B-' 'O' 'B-'],
125,3C_10,"emozione, sentimento",abbraccio,affetto,"sentimento, abbraccio",125_3C_10,['emozione' 'sentimento' 'affetto' 'abbraccio'],['emozione' 'affetto'],['B-' 'O' 'B-' 'O'],
1856,5D_24,,orologio,tempo,orologio,1856_5D_24,[' tempo' 'orologio'],[' tempo'],['B-' 'O'],
963,2E_23,"vettura, trasporto","ford, c-max, bianca",automobile,,963_2E_23,['vettura' 'trasporto' 'automobile' 'ford' 'c-max' 'bianca'],['vettura' 'trasporto' 'automobile' 'ford' 'c-max' 'bianca'],['B-' 'B-' 'B-' 'B-' 'B-' 'B-'],
2832,3B_4,,,tempo,,2832_3B_4,[' tempo'],[' tempo'],['B-'],
2544,1G_10,"speranza, emozione, sensazione, stato d'animo","obiettivo, livelli, passaggi",sogno,"speranza, emozione, sensazione, stato d'animo, obiettivo, livelli, passaggi",2544_1G_10,"['speranza' 'emozione' 'sensazione' ""stato d'animo"" 'sogno' 'obiettivo'
 'livelli' 'passaggi']",['sogno'],['O' 'O' 'O' 'O' 'B-' 'O' 'O' 'O'],
313,3B_6,"lavoratore, persona, essere vivente, organismo",taxista,autista,organismo,313_3B_6,['lavoratore' 'persona' 'essere vivente' 'organismo' 'autista' 'taxista'],['lavoratore' 'persona' 'essere vivente' 'autista' 'taxista'],['B-' 'B-' 'B-' 'O' 'B-' 'B-'],
1107,3C_23,"famiglia, persone, essere vivente","monopoly, cluedo",giocattolo,"famiglia, persone, essere vivente, cluedo",1107_3C_23,['famiglia' 'persone' 'essere vivente' 'giocattolo' 'monopoly' 'cluedo'],['giocattolo' 'monopoly'],['O' 'O' 'O' 'B-' 'B-' 'O'],
633,2E_2,"pensiero, cervello","logica, intelligenza",mente,"pensiero, cervello, intelligenza",633_2E_2,['pensiero' 'cervello' 'mente' 'logica' 'intelligenza'],['mente' 'logica'],['O' 'O' 'B-' 'B-' 'O'],
658,2E_4,"mezzo di trasporto, cosa, entità","elettrica, rosso, porpora",automobile,,658_2E_4,"['mezzo di trasporto' 'cosa' 'entità' 'automobile' 'elettrica' 'rosso'
 'porpora']","['mezzo di trasporto' 'cosa' 'entità' 'automobile' 'elettrica' 'rosso'
 'porpora']",['B-' 'B-' 'B-' 'B-' 'B-' 'B-' 'B-'],
1261,1D_3,"persona, essere vivente, cellule, atomi, entità","intelligente, di carlotta",mente,"persona, essere vivente, cellule, atomi, di carlotta",1261_1D_3,"['persona' 'essere vivente' 'cellule' 'atomi' 'entità' 'mente'
 'intelligente' 'intelligente di carlotta']",['entità' 'mente' 'intelligente'],['O' 'O' 'O' 'O' 'B-' 'B-' 'B-' 'O'],di carlotta|||intelligente di carlotta___
996,2E_25,"persona, mammifero, essere vivente, entità","di matematica, bionda, lucia",insegnante,,996_2E_25,"['persona' 'mammifero' 'essere vivente' 'entità' 'insegnante'
 'insegnante di matematica' 'bionda' 'lucia']","['persona' 'mammifero' 'essere vivente' 'entità' 'insegnante'
 'insegnante di matematica' 'bionda' 'lucia']",['B-' 'B-' 'B-' 'B-' 'B-' 'B-' 'B-' 'B-'],di matematica|||insegnante di matematica___
1102,3C_19,materiale,"bambola, barbie",giocattolo,materiale,1102_3C_19,['materiale' 'giocattolo' 'bambola' 'barbie'],['giocattolo' 'bambola' 'barbie'],['O' 'B-' 'B-' 'B-'],
1727,5D_16,,"democrazia, niente regole, religione",libertà,"democrazia, niente regole",1727_5D_16,[' libertà' 'democrazia' 'niente regole' 'religione'],[' libertà' 'religione'],['B-' 'O' 'O' 'B-'],
1519,1D_20,oggetto,macchinina,giocattolo,,1519_1D_20,['oggetto' 'giocattolo' 'macchinina'],['oggetto' 'giocattolo' 'macchinina'],['B-' 'B-' 'B-'],
1720,5D_13,"visione, realtà","ricchi, miliardari",sogno,"visione, realtà, ricchi, miliardari",1720_5D_13,['visione' 'realtà' 'sogno' 'ricchi' 'miliardari'],['sogno'],['O' 'O' 'B-' 'O' 'O'],
1758,1D_22,"laureato in medicina, lavoratore, persona, essere vivente","chirurgo, pediatra",medico,"lavoratore, pediatra",1758_1D_22,"['laureato in medicina' 'lavoratore' 'persona' 'essere vivente' 'medico'
 'chirurgo' 'pediatra']",['laureato in medicina' 'persona' 'essere vivente' 'medico' 'chirurgo'],['B-' 'O' 'B-' 'B-' 'B-' 'B-' 'O'],
2888,5D_14,misura,settimana,tempo,,2888_5D_14,['misura' 'tempo' 'settimana'],['misura' 'tempo' 'settimana'],['B-' 'B-' 'B-'],
1787,1G_7,persona,"pediatra, podologa",medico,podologa,1787_1G_7,['persona' 'medico' 'pediatra' 'podologa'],['persona' 'medico' 'pediatra'],['B-' 'B-' 'B-' 'O'],
569,5B_18,"cosa, materiale",lego,giocattolo,materiale,569_5B_18,['cosa' 'materiale' 'giocattolo' 'lego'],['cosa' 'giocattolo' 'lego'],['B-' 'O' 'B-' 'B-'],
1573,1G_1,,,libertà,,1573_1G_1,[' libertà'],[' libertà'],['B-'],
2341,1D_23,"emozione, stato d'animo, cosa astratta",scocciarsi,rabbia,"stato d'animo, scocciarsi",2341_1D_23,"['emozione' ""stato d'animo"" 'cosa astratta' 'rabbia' 'scocciarsi']",['emozione' 'cosa astratta' 'rabbia'],['B-' 'O' 'B-' 'B-' 'O'],
1374,1D_5,persona,,insegnante,,1374_1D_5,['persona' 'insegnante'],['persona' 'insegnante'],['B-' 'B-'],
526,5B_15,"dolce, cibo, cosa nutritiva, cosa, entità","tenerina, al cioccolato",torta,al cioccolato,526_5B_15,"['dolce' 'cibo' 'cosa nutritiva' 'cosa' 'entità' 'torta' 'tenerina'
 'al cioccolato']",['dolce' 'cibo' 'cosa nutritiva' 'cosa' 'entità' 'torta' 'tenerina'],['B-' 'B-' 'B-' 'B-' 'B-' 'B-' 'B-' 'O'],
89,2F_25,sentimento,"abbracci, baci, fidanzati",affetto,"abbracci, baci, fidanzati",89_2F_25,['sentimento' 'affetto' 'abbracci' 'baci' 'fidanzati'],['sentimento' 'affetto'],['B-' 'B-' 'O' 'O' 'O'],
840,2E_4,"quadrupede, animale, essere vivente",mezzo di trasporto,cavallo,mezzo di trasporto,840_2E_4,['quadrupede' 'animale' 'essere vivente' 'cavallo' 'mezzo di trasporto'],['quadrupede' 'animale' 'essere vivente' 'cavallo'],['B-' 'B-' 'B-' 'B-' 'O'],
915,2E_20,lavoro,insegna,insegnante,insegna,915_2E_20,['lavoro' 'insegnante' 'insegna'],['lavoro' 'insegnante'],['B-' 'B-' 'O'],
2615,2F_7,,,sogno,,2615_2F_7,[' sogno'],[' sogno'],['B-'],
2117,2F_19,dimensione,tempo prezioso,tempo,,2117_2F_19,['dimensione' 'tempo' 'tempo prezioso'],['dimensione' 'tempo' 'tempo prezioso'],['B-' 'B-' 'B-'],
225,1G_18,"persona, essere vivente, animale","taxista, conducente",autista,"animale, conducente",225_1G_18,['persona' 'essere vivente' 'animale' 'autista' 'taxista' 'conducente'],['persona' 'essere vivente' 'autista' 'taxista'],['B-' 'B-' 'O' 'B-' 'B-' 'O'],
2162,2F_22,"lavoratore, umano, bipede, essere vivente, insieme di molecole",dottor bavaro,medico,insieme di molecole,2162_2F_22,"['lavoratore' 'umano' 'bipede' 'essere vivente' 'insieme di molecole'
 'medico' 'dottor bavaro']",['lavoratore' 'umano' 'bipede' 'essere vivente' 'medico' 'dottor bavaro'],['B-' 'B-' 'B-' 'B-' 'O' 'B-' 'B-'],
1850,5D_23,entità,,sogno,,1850_5D_23,['entità' 'sogno'],['entità' 'sogno'],['B-' 'B-'],
266,1G_22,"emozione, cosa astratta",,gioia,,266_1G_22,['emozione' 'cosa astratta' 'gioia'],['emozione' 'cosa astratta' 'gioia'],['B-' 'B-' 'B-'],
1366,1D_10,"dolce, cibo, alimento, energia",torta gelato ,torta,,1366_1D_10,['dolce' 'cibo' 'alimento' 'energia' 'torta' 'torta gelato'],['dolce' 'cibo' 'alimento' 'energia' 'torta' 'torta gelato'],['B-' 'B-' 'B-' 'B-' 'B-' 'B-'],
1340,1D_8,"persona, essere umano, essere vivente, entità",per anziani,badante,,1340_1D_8,"['persona' 'essere umano' 'essere vivente' 'entità' 'badante'
 'badante per anziani']","['persona' 'essere umano' 'essere vivente' 'entità' 'badante'
 'badante per anziani']",['B-' 'B-' 'B-' 'B-' 'B-' 'B-'],per anziani|||badante per anziani___
903,3C_14,"mammifero, animale, essere vivente",arabo,cavallo,,903_3C_14,['mammifero' 'animale' 'essere vivente' 'cavallo' 'arabo'],['mammifero' 'animale' 'essere vivente' 'cavallo' 'arabo'],['B-' 'B-' 'B-' 'B-' 'B-'],
431,1G_8,"veicolo, oggetto, cosa, materia","ferrari, lamborghini, panda",automobile,"lamborghini, panda",431_1G_8,"['veicolo' 'oggetto' 'cosa' 'materia' 'automobile' 'ferrari' 'lamborghini'
 'panda']",['veicolo' 'oggetto' 'cosa' 'materia' 'automobile' 'ferrari'],['B-' 'B-' 'B-' 'B-' 'B-' 'B-' 'O' 'O'],
2384,3C_22,"dolce, cibo, alimento","torta al cioccolato, torta al cioccolato fondente",torta,,2384_3C_22,"['dolce' 'cibo' 'alimento' 'torta' 'torta al cioccolato'
 'torta al cioccolato fondente']","['dolce' 'cibo' 'alimento' 'torta' 'torta al cioccolato'
 'torta al cioccolato fondente']",['B-' 'B-' 'B-' 'B-' 'B-' 'B-'],
2179,2F_23,"nutrimento, alimento, cibo, dolce, entità","al cioccolato, fondente",torta,"alimento, cibo, dolce",2179_2F_23,"['nutrimento' 'alimento' 'cibo' 'dolce' 'entità' 'torta' 'al cioccolato'
 'fondente']",['nutrimento' 'entità' 'torta' 'al cioccolato' 'fondente'],['B-' 'O' 'O' 'O' 'B-' 'B-' 'B-' 'B-'],
748,5B_8,,,badante,,748_5B_8,[' badante'],[' badante'],['B-'],
2772,2E_20,"giorn, ora, secondo",giorno,tempo,"giorn, ora, secondo",2772_2E_20,['giorn' 'ora' 'secondo' 'tempo' 'giorno'],['tempo' 'giorno'],['O' 'O' 'O' 'B-' 'B-'],
1636,2F_22,"vivere, essere felici",essere liberi,libertà,"vivere, essere felici, essere liberi",1636_2F_22,['vivere' 'essere felici' 'libertà' 'essere liberi'],['libertà'],['O' 'O' 'B-' 'O'],
1739,5D_5,,,libertà,,1739_5D_5,[' libertà'],[' libertà'],['B-'],
1552,1D_11,"emozione, sentimento, sentirsi liberi, infrangere le regole","statua della libertà, prigioniero",libertà,"emozione, sentimento, sentirsi liberi, infrangere le regole, statua della libertà, prigioniero",1552_1D_11,"['emozione' 'sentimento' 'sentirsi liberi' 'infrangere le regole'
 'libertà' 'statua della libertà' 'prigioniero']",['libertà'],['O' 'O' 'O' 'O' 'B-' 'O' 'O'],
608,2E_1,parte del corpo,"estate, persona, scuola",mente,"parte del corpo, estate, persona, scuola",608_2E_1,['parte del corpo' 'mente' 'estate' 'persona' 'scuola'],['mente'],['O' 'B-' 'O' 'O' 'O'],
147,3C_8,"azione, movimento, pensiero, far lavorare la mente, lavoro","abbracciare, dimostrare, far vedere qualcosa",affetto,"azione, movimento, pensiero, far lavorare la mente, lavoro, abbracciare, dimostrare, far vedere qualcosa",147_3C_8,"['azione' 'movimento' 'pensiero' 'far lavorare la mente' 'lavoro'
 'affetto' 'abbracciare' 'dimostrare' 'far vedere qualcosa']",['affetto'],['O' 'O' 'O' 'O' 'O' 'B-' 'O' 'O' 'O'],
1485,1D_17,"equino, quadrupede, mammifero, vertebrato, essere pluricellulare, essere vivente, entità",grigio,cavallo,,1485_1D_17,"['equino' 'quadrupede' 'mammifero' 'vertebrato' 'essere pluricellulare'
 'essere vivente' 'entità' 'cavallo' 'grigio']","['equino' 'quadrupede' 'mammifero' 'vertebrato' 'essere pluricellulare'
 'essere vivente' 'entità' 'cavallo' 'grigio']",['B-' 'B-' 'B-' 'B-' 'B-' 'B-' 'B-' 'B-' 'B-'],
2493,5B_7,"emozione, sentimento, modo di sentirsi",odio,rabbia,"sentimento, odio",2493_5B_7,['emozione' 'sentimento' 'modo di sentirsi' 'rabbia' 'odio'],['emozione' 'modo di sentirsi' 'rabbia'],['B-' 'O' 'B-' 'B-' 'O'],
874,3B_11,"animale, mammifero, essere vivente","pony, cucciolo",cavallo,mammifero,874_3B_11,['animale' 'mammifero' 'essere vivente' 'cavallo' 'pony' 'cucciolo'],['animale' 'essere vivente' 'cavallo' 'pony' 'cucciolo'],['B-' 'O' 'B-' 'B-' 'B-' 'B-'],
2022,2F_12,"uomo, donna, persona, essere umano, essere vivente",badante giovane,badante,donna,2022_2F_12,"['uomo' 'donna' 'persona' 'essere umano' 'essere vivente' 'badante'
 'badante giovane']","['uomo' 'persona' 'essere umano' 'essere vivente' 'badante'
 'badante giovane']",['B-' 'O' 'B-' 'B-' 'B-' 'B-' 'B-'],
1473,1D_17,"mezzo di trasporto, oggetto, essere non vivente, entità","fiat, fiat panda, fiat panda 4x4",automobile,,1473_1D_17,"['mezzo di trasporto' 'oggetto' 'essere non vivente' 'entità' 'automobile'
 'fiat' 'fiat panda' 'fiat panda 4x4']","['mezzo di trasporto' 'oggetto' 'essere non vivente' 'entità' 'automobile'
 'fiat' 'fiat panda' 'fiat panda 4x4']",['B-' 'B-' 'B-' 'B-' 'B-' 'B-' 'B-' 'B-'],
2305,3C_17,"tipo di emozione, sentimento, sensazione",,affetto,sentimento,2305_3C_17,['tipo di emozione' 'sentimento' 'sensazione' 'affetto'],['tipo di emozione' 'sensazione' 'affetto'],['B-' 'O' 'B-' 'B-'],
1262,1D_3,"persona, essere di vita, cellule, atomi, entità",lavoro,badante,"cellule, atomi, lavoro",1262_1D_3,['persona' 'essere di vita' 'cellule' 'atomi' 'entità' 'badante' 'lavoro'],['persona' 'essere di vita' 'entità' 'badante'],['B-' 'B-' 'O' 'O' 'B-' 'B-' 'O'],
2820,3B_17,,"passato, napoleone",tempo,napoleone,2820_3B_17,[' tempo' 'passato' 'napoleone'],[' tempo' 'passato'],['B-' 'B-' 'O'],
357,5B_4,"lavoratore, persona, essere vivente",,autista,,357_5B_4,['lavoratore' 'persona' 'essere vivente' 'autista'],['lavoratore' 'persona' 'essere vivente' 'autista'],['B-' 'B-' 'B-' 'B-'],
482,5B_13,"emozione, sensazione","pauroso, persona paurosa",paura,"pauroso, persona paurosa",482_5B_13,['emozione' 'sensazione' 'paura' 'pauroso' 'persona paurosa'],['emozione' 'sensazione' 'paura'],['B-' 'B-' 'B-' 'O' 'O'],
1296,1D_6,"mestiere, professionalità",di italiano,insegnante,professionalità,1296_1D_6,['mestiere' 'professionalità' 'insegnante' 'insegnante di italiano'],['mestiere' 'insegnante' 'insegnante di italiano'],['B-' 'O' 'B-' 'B-'],di italiano|||insegnante di italiano___
994,1G_12,"oggetto, materiale, qualcosa che si usa", ,giocattolo,"materiale, qualcosa che si usa",994_1G_12,['oggetto' 'materiale' 'qualcosa che si usa' 'giocattolo'],['oggetto' 'giocattolo'],['B-' 'O' 'O' 'B-'],
2591,2E_9,"non reale,  strano, notte, mente","desiderio, fantasia",sogno,"non reale, strano, notte, mente, desiderio, fantasia",2591_2E_9,['non reale' ' strano' 'notte' 'mente' 'sogno' 'desiderio' 'fantasia'],[' strano' 'sogno'],['O' 'B-' 'O' 'O' 'B-' 'O' 'O'],
1826,2F_19,"mestiere, lavorare",pediatra,medico,lavorare,1826_2F_19,['mestiere' 'lavorare' 'medico' 'pediatra'],['mestiere' 'medico' 'pediatra'],['B-' 'O' 'B-' 'B-'],
2455,3C_14,sentimento,"famiglia, vita sociale",rabbia,"famiglia, vita sociale",2455_3C_14,['sentimento' 'rabbia' 'famiglia' 'vita sociale'],['sentimento' 'rabbia'],['B-' 'B-' 'O' 'O'],
1374,1D_10,"oggetto, entità","mattoncini, lego",giocattolo,,1374_1D_10,['oggetto' 'entità' 'giocattolo' 'mattoncini' 'lego'],['oggetto' 'entità' 'giocattolo' 'mattoncini' 'lego'],['B-' 'B-' 'B-' 'B-' 'B-'],
1342,5D_19,sentimento,,gioia,,1342_5D_19,['sentimento' 'gioia'],['sentimento' 'gioia'],['B-' 'B-'],
402,1D_23,"mezzo di trasporto, essere non vivente",fiat,automobile,,402_1D_23,['mezzo di trasporto' 'essere non vivente' 'automobile' 'fiat'],['mezzo di trasporto' 'essere non vivente' 'automobile' 'fiat'],['B-' 'B-' 'B-' 'B-'],
1856,3B_22,ospedale,pediatra,medico,ospedale,1856_3B_22,['ospedale' 'medico' 'pediatra'],['medico' 'pediatra'],['O' 'B-' 'B-'],
2059,3B_7,,pensiero,mente,pensiero,2059_3B_7,[' mente' 'pensiero'],[' mente'],['B-' 'O'],
395,1D_17,mezzo di trasporto,ford focus,automobile,,395_1D_17,['mezzo di trasporto' 'automobile' 'ford focus'],['mezzo di trasporto' 'automobile' 'ford focus'],['B-' 'B-' 'B-'],
2236,3B_15,sensazione,,paura,,2236_3B_15,['sensazione' 'paura'],['sensazione' 'paura'],['B-' 'B-'],
320,3C_12,,taxista,autista,,320_3C_12,[' autista' 'taxista'],[' autista' 'taxista'],['B-' 'B-'],
1656,3B_17,espressione,"manifestazione, manifesti, carta",libertà,"manifesti, carta",1656_3B_17,['espressione' 'libertà' 'manifestazione' 'manifesti' 'carta'],['espressione' 'libertà' 'manifestazione'],['B-' 'B-' 'B-' 'O' 'O'],
727,2E_8,"babysitter, aiutante",persona,badante,"babysitter, persona",727_2E_8,['babysitter' 'aiutante' 'badante' 'persona'],['aiutante' 'badante'],['O' 'B-' 'B-' 'O'],
196,1D_11,"persona, guidare, portare gente","autobus, macchina, motorino",autista,"guidare, portare gente, macchina, motorino",196_1D_11,"['persona' 'guidare' 'portare gente' 'autista' 'autobus' 'macchina'
 'motorino']",['persona' 'autista' 'autobus'],['B-' 'O' 'O' 'B-' 'B-' 'O' 'O'],
295,5B_1,"aiuto, alleanza, entità",,libertà,"aiuto, alleanza",295_5B_1,['aiuto' 'alleanza' 'entità' 'libertà'],['entità' 'libertà'],['O' 'O' 'B-' 'B-'],
2722,1D_17,"unità di misura, matematica, disciplina scolastica","ora, minuto, secondo",tempo,"matematica, disciplina scolastica, minuto, secondo",2722_1D_17,"['unità di misura' 'matematica' 'disciplina scolastica' 'tempo' 'ora'
 'minuto' 'secondo']",['unità di misura' 'tempo' 'ora'],['B-' 'O' 'O' 'B-' 'B-' 'O' 'O'],
777,2E_11,"di un campione, persona, calciatore","dormire, realizzare",sogno,"di un campione, persona, calciatore, dormire, realizzare",777_2E_11,['di un campione' 'persona' 'calciatore' 'sogno' 'dormire' 'realizzare'],['sogno'],['O' 'O' 'O' 'B-' 'O' 'O'],
336,5B_4,"divertimento, emozione, cosa, entità","macchina, elettronica",giocattolo,"divertimento, emozione ",336_5B_4,"['divertimento' 'emozione' 'cosa' 'entità' 'giocattolo' 'macchina'
 'elettronica']",['emozione' 'cosa' 'entità' 'giocattolo' 'macchina' 'elettronica'],['O' 'B-' 'B-' 'B-' 'B-' 'B-' 'B-'],
1592,5D_2,entità,stupida,mente,stupida,1592_5D_2,['entità' 'mente' 'stupida'],['entità' 'mente'],['B-' 'B-' 'O'],
1558,1D_17,modo di essere,libertà di parola,libertà,,1558_1D_17,['modo di essere' 'libertà' 'libertà di parola'],['modo di essere' 'libertà' 'libertà di parola'],['B-' 'B-' 'B-'],
1012,1G_8,"gioco per divertirsi, oggetto","bambola, pupazzo",giocattolo,pupazzo,1012_1G_8,['gioco per divertirsi' 'oggetto' 'giocattolo' 'bambola' 'pupazzo'],['gioco per divertirsi' 'oggetto' 'giocattolo' 'bambola'],['B-' 'B-' 'B-' 'B-' 'O'],
985,1D_4,"cosa, colorata, grande, piccola, essere non vivente, oggetto",,giocattolo,"colorata, grande, piccola, oggetto",985_1D_4,"['cosa' 'colorata' 'grande' 'piccola' 'essere non vivente' 'oggetto'
 'giocattolo']",['cosa' 'essere non vivente' 'giocattolo'],['B-' 'O' 'O' 'O' 'B-' 'O' 'B-'],
1697,5D_12,entità,intelligente,mente,,1697_5D_12,['entità' 'mente' 'intelligente'],['entità' 'mente' 'intelligente'],['B-' 'B-' 'B-'],
2340,1D_22,"emozione, sentimento, stato d'animo","provocazione, insultare",rabbia,"provocazione, insultare, sentimento, stato d'animo",2340_1D_22,"['emozione' 'sentimento' ""stato d'animo"" 'rabbia' 'provocazione'
 'insultare']",['emozione' 'rabbia'],['B-' 'O' 'O' 'B-' 'O' 'O'],
560,5D_13,mezzo di trasporto,porche,automobile,,560_5D_13,['mezzo di trasporto' 'automobile' 'porche'],['mezzo di trasporto' 'automobile' 'porche'],['B-' 'B-' 'B-'],
2691,5D_10,"immaginazione, desiderio",incubo,sogno,desiderio,2691_5D_10,['immaginazione' 'desiderio' 'sogno' 'incubo'],['immaginazione' 'sogno' 'incubo'],['B-' 'O' 'B-' 'B-'],
2990,2F_2,,,torta,,2990_2F_2,[' torta'],[' torta'],['B-'],
2935,1G_14,cibo,"tenerina, cioccolato, latte",torta,"cioccolato, latte",2935_1G_14,['cibo' 'torta' 'tenerina' 'cioccolato' 'latte'],['cibo' 'torta' 'tenerina'],['B-' 'B-' 'B-' 'O' 'O'],
1213,3C_13,,,tempo,,1213_3C_13,[' tempo'],[' tempo'],['B-'],
2051,2F_14,"animale, mammifero, essere vivente, eucariota, entità",hannover,cavallo,"mammifero, eucariota",2051_2F_14,"['animale' 'mammifero' 'essere vivente' 'eucariota' 'entità' 'cavallo'
 'hannover']",['animale' 'essere vivente' 'entità' 'cavallo' 'hannover'],['B-' 'O' 'B-' 'O' 'B-' 'B-' 'B-'],
2891,5D_17,misura,orologio,tempo,orologio,2891_5D_17,['misura' 'tempo' 'orologio'],['misura' 'tempo'],['B-' 'B-' 'O'],
2812,3B_1,unità di misura,orologio,tempo,orologio,2812_3B_1,['unità di misura' 'tempo' 'orologio'],['unità di misura' 'tempo'],['B-' 'B-' 'O'],
508,3B_7,mezzo di trasporto,,automobile,,508_3B_7,['mezzo di trasporto' 'automobile'],['mezzo di trasporto' 'automobile'],['B-' 'B-'],
355,5B_5,cosa,macchina del tempo,tempo,"cosa, macchina del tempo",355_5B_5,['cosa' 'tempo' 'macchina del tempo'],['tempo'],['O' 'B-' 'O'],
2954,2E_10,"cibo, qualcosa che si mangia",muffin,torta,"qualcosa che si mangia, muffin",2954_2E_10,['cibo' 'qualcosa che si mangia' 'torta' 'muffin'],['cibo' 'torta'],['B-' 'O' 'B-' 'O'],
2159,1G_13,sensazione,,paura,,2159_1G_13,['sensazione' 'paura'],['sensazione' 'paura'],['B-' 'B-'],
1373,1D_10,"mestiere, lavoro, guadagno","di italiano, gardenghi",insegnante,guadagno,1373_1D_10,"['mestiere' 'lavoro' 'guadagno' 'insegnante' 'insegnante di italiano'
 'gardenghi']",['mestiere' 'lavoro' 'insegnante' 'insegnante di italiano' 'gardenghi'],['B-' 'B-' 'O' 'B-' 'B-' 'B-'],di italiano|||insegnante di italiano___
1080,3C_5,"sentimento, emozione",rabbia casuale,rabbia,emozione,1080_3C_5,['sentimento' 'emozione' 'rabbia' 'rabbia casuale'],['sentimento' 'rabbia' 'rabbia casuale'],['B-' 'O' 'B-' 'B-'],
2788,2F_11,,tempo specrato,tempo,,2788_2F_11,[' tempo' 'tempo specrato'],[' tempo' 'tempo specrato'],['B-' 'B-'],
2186,2E_17,"emozione, sensazione",sentimento,paura,sentimento,2186_2E_17,['emozione' 'sensazione' 'paura' 'sentimento'],['emozione' 'sensazione' 'paura'],['B-' 'B-' 'B-' 'O'],
1904,5B_2,,,medico,,1904_5B_2,[' medico'],[' medico'],['B-'],
1864,5D_24,"pensiero negativo, pensiero","morte, omicidio, strozzamento",paura,"pensiero negativo, pensiero, omicidio, strozzamento",1864_5D_24,['pensiero negativo' 'pensiero' 'paura' 'morte' 'omicidio' 'strozzamento'],['paura' 'morte'],['O' 'O' 'B-' 'B-' 'O' 'O'],
1449,1D_15,"sentimento, emozione","abdul, antonio, giovanni",gioia,"emozione, abdul, antonio, giovanni",1449_1D_15,['sentimento' 'emozione' 'gioia' 'abdul' 'antonio' 'giovanni'],['sentimento' 'gioia'],['B-' 'O' 'B-' 'O' 'O' 'O'],
1935,2F_6,spaventato,buio,paura,spaventato,1935_2F_6,['spaventato' 'paura' 'buio'],['paura' 'buio'],['O' 'B-' 'B-'],
1262,3B_11,,,gioia,,1262_3B_11,[' gioia'],[' gioia'],['B-'],
319,3C_11,"guidatore, persona",,autista,,319_3C_11,['guidatore' 'persona' 'autista'],['guidatore' 'persona' 'autista'],['B-' 'B-' 'B-'],
526,3C_23,mezzo di trasporto,"peugeot, porsche",automobile,porsche,526_3C_23,['mezzo di trasporto' 'automobile' 'peugeot' 'porsche'],['mezzo di trasporto' 'automobile' 'peugeot'],['B-' 'B-' 'B-' 'O'],
738,5B_18,"mestiere, cosa",babysitter,badante,"cosa, babysitter",738_5B_18,['mestiere' 'cosa' 'badante' 'babysitter'],['mestiere' 'badante'],['B-' 'O' 'B-' 'O'],
1799,2E_18,"lavoro, università","chirurgo, intervento, precisione",medico,"università, intervento, precisione",1799_2E_18,['lavoro' 'università' 'medico' 'chirurgo' 'intervento' 'precisione'],['lavoro' 'medico' 'chirurgo'],['B-' 'O' 'B-' 'B-' 'O' 'O'],
1327,5B_5,"emozione, cosa astratta",sentimento,gioia,sentimento,1327_5B_5,['emozione' 'cosa astratta' 'gioia' 'sentimento'],['emozione' 'cosa astratta' 'gioia'],['B-' 'B-' 'B-' 'O'],
894,2E_18,"lavoro, occupazione, entità","di scienze, umane",insegnante,,894_2E_18,"['lavoro' 'occupazione' 'entità' 'insegnante' 'insegnante di scienze'
 'umane']","['lavoro' 'occupazione' 'entità' 'insegnante' 'insegnante di scienze'
 'umane']",['B-' 'B-' 'B-' 'B-' 'B-' 'B-'],di scienze|||insegnante di scienze___
1785,1G_5,"dottore, laureato, studente","psicologo, psicologo adulti",medico,"dottore, studente",1785_1G_5,['dottore' 'laureato' 'studente' 'medico' 'psicologo' 'psicologo adulti'],['laureato' 'medico' 'psicologo' 'psicologo adulti'],['O' 'B-' 'O' 'B-' 'B-' 'B-'],
175,1G_13,"ammasso di pensieri, cosa astratta, sensazione","incubo, incubo bruttissimo",sogno,sensazione,175_1G_13,"['ammasso di pensieri' 'cosa astratta' 'sensazione' 'sogno' 'incubo'
 'incubo bruttissimo']","['ammasso di pensieri' 'cosa astratta' 'sogno' 'incubo'
 'incubo bruttissimo']",['B-' 'B-' 'O' 'B-' 'B-' 'B-'],
1987,2F_10,emozione,,libertà,emozione,1987_2F_10,['emozione' 'libertà'],['libertà'],['O' 'B-'],
1688,5D_11,"sentire, entità",,gioia,sentire,1688_5D_11,['sentire' 'entità' 'gioia'],['entità' 'gioia'],['O' 'B-' 'B-'],
1344,1D_9,"mestiere, lavoro, persona",medico di animali,medico,persona,1344_1D_9,['mestiere' 'lavoro' 'persona' 'medico' 'medico di animali'],['mestiere' 'lavoro' 'medico' 'medico di animali'],['B-' 'B-' 'O' 'B-' 'B-'],
2064,2F_15,lavoro,uber,autista,,2064_2F_15,['lavoro' 'autista' 'uber'],['lavoro' 'autista' 'uber'],['B-' 'B-' 'B-'],
443,2E_19,"trasporto, cosa, utilità, concreta","porsche, lamborghini, ferrari",automobile,"utilità, lamborghini, ferrari",443_2E_19,"['trasporto' 'cosa' 'utilità' 'concreta' 'automobile' 'porsche'
 'lamborghini' 'ferrari']",['trasporto' 'cosa' 'concreta' 'automobile' 'porsche'],['B-' 'B-' 'O' 'B-' 'B-' 'B-' 'O' 'O'],
1245,1D_2,"pensiero, sogni",,mente,"pensiero, sogni",1245_1D_2,['pensiero' 'sogni' 'mente'],['mente'],['O' 'O' 'B-'],
714,3C_19,medico,,badante,medico,714_3C_19,['medico' 'badante'],['badante'],['O' 'B-'],
2005,2F_11,"sentimento, cosa astratta",libertà dai compiti,libertà,"sentimento, libertà dai compiti",2005_2F_11,['sentimento' 'cosa astratta' 'libertà' 'libertà dai compiti'],['cosa astratta' 'libertà'],['O' 'B-' 'B-' 'O'],
216,1G_19,,simone,giocattolo,simone,216_1G_19,[' giocattolo' 'simone'],[' giocattolo'],['B-' 'O'],
2568,2E_11,"mondo virtuale, mentre dormi, vedere","notte, fantastico",sogno,"mondo virtuale, mentre dormi, vedere, notte",2568_2E_11,['mondo virtuale' 'mentre dormi' 'vedere' 'sogno' 'notte' 'fantastico'],['sogno' 'fantastico'],['O' 'O' 'O' 'B-' 'O' 'B-'],
2880,5B_7,misura,ora,tempo,,2880_5B_7,['misura' 'tempo' 'ora'],['misura' 'tempo' 'ora'],['B-' 'B-' 'B-'],
554,5B_17,"lavoro, passatempo","dentista, piero",medico,passatempo,554_5B_17,['lavoro' 'passatempo' 'medico' 'dentista' 'piero'],['lavoro' 'medico' 'dentista' 'piero'],['B-' 'O' 'B-' 'B-' 'B-'],
1644,2F_6,"libero, sfogarsi","ricreazione, sport",libertà,"libero, sfogarsi, ricreazione, sport",1644_2F_6,['libero' 'sfogarsi' 'libertà' 'ricreazione' 'sport'],['libertà'],['O' 'O' 'B-' 'O' 'O'],
112,1G_9,"auto, oggetto",ferrari,automobile,auto ,112_1G_9,['auto' 'oggetto' 'automobile' 'ferrari'],['auto' 'oggetto' 'automobile' 'ferrari'],['B-' 'B-' 'B-' 'B-'],
2068,3C_15,"pensiero, tormento","artificiale, robot",mente,"pensiero, tormento, robot",2068_3C_15,['pensiero' 'tormento' 'mente' 'artificiale' 'robot'],['mente' 'artificiale'],['O' 'O' 'B-' 'B-' 'O'],
2467,3C_25,emozione,,rabbia,,2467_3C_25,['emozione' 'rabbia'],['emozione' 'rabbia'],['B-' 'B-'],
2238,2F_27,sentimento,,affetto,,2238_2F_27,['sentimento' 'affetto'],['sentimento' 'affetto'],['B-' 'B-'],
1782,5D_17,,"orologio, ore, minuti",tempo,"orologio, minuti",1782_5D_17,[' tempo' 'orologio' 'ore' 'minuti'],[' tempo' 'ore'],['B-' 'O' 'B-' 'O'],
1723,5D_13,,sviluppata,mente,,1723_5D_13,[' mente' 'sviluppata'],[' mente' 'sviluppata'],['B-' 'B-'],
2439,3B_23,,,rabbia,,2439_3B_23,[' rabbia'],[' rabbia'],['B-'],
1051,2F_2,"svago, passatempo",lego,giocattolo,"svago, passatempo",1051_2F_2,['svago' 'passatempo' 'giocattolo' 'lego'],['giocattolo' 'lego'],['O' 'O' 'B-' 'B-'],
1817,5D_21,"sentimento, entità",,affetto,,1817_5D_21,['sentimento' 'entità' 'affetto'],['sentimento' 'entità' 'affetto'],['B-' 'B-' 'B-'],
880,2E_18,"cosa astratta, entità","mente geniale, einstein",mente,,880_2E_18,['cosa astratta' 'entità' 'mente' 'mente geniale' 'einstein'],['cosa astratta' 'entità' 'mente' 'mente geniale' 'einstein'],['B-' 'B-' 'B-' 'B-' 'B-'],
2049,2F_14,emozione,talassofobia,paura,,2049_2F_14,['emozione' 'paura' 'talassofobia'],['emozione' 'paura' 'talassofobia'],['B-' 'B-' 'B-'],
949,2E_22,lavoro,"macchina, autobus, camion",autista,"autobus, camion",949_2E_22,['lavoro' 'autista' 'macchina' 'autobus' 'camion'],['lavoro' 'autista' 'macchina'],['B-' 'B-' 'B-' 'O' 'O'],
694,3B_24,,,badante,,694_3B_24,[' badante'],[' badante'],['B-'],
1405,2E_12,"mestiere, persona","professoressa, maestra",insegnante,"persona, maestra",1405_2E_12,['mestiere' 'persona' 'insegnante' 'professoressa' 'maestra'],['mestiere' 'insegnante' 'professoressa'],['B-' 'O' 'B-' 'B-' 'O'],
1573,1D_23,"lavoro, guadagno",babysitter,badante,"guadagno, babysitter",1573_1D_23,['lavoro' 'guadagno' 'badante' 'babysitter'],['lavoro' 'badante'],['B-' 'O' 'B-' 'O'],
1288,1D_5,"dolce, cibo, alimento commestibile, alimento energetico, essere non vivente, entità",torta di mele,torta,,1288_1D_5,"['dolce' 'cibo' 'alimento commestibile' 'alimento energetico'
 'essere non vivente' 'entità' 'torta' 'torta di mele']","['dolce' 'cibo' 'alimento commestibile' 'alimento energetico'
 'essere non vivente' 'entità' 'torta' 'torta di mele']",['B-' 'B-' 'B-' 'B-' 'B-' 'B-' 'B-' 'B-'],
2108,5D_1,,,mente,,2108_5D_1,[' mente'],[' mente'],['B-'],
1410,1D_13,"emozione, sentimento",per la famiglia,affetto,sentimento,1410_1D_13,['emozione' 'sentimento' 'affetto' 'affetto per la famiglia'],['emozione' 'affetto' 'affetto per la famiglia'],['B-' 'O' 'B-' 'B-'],per la famiglia|||affetto per la famiglia___
1638,2F_24,,,libertà,,1638_2F_24,[' libertà'],[' libertà'],['B-'],
1768,1G_10,"ospedale, malati, malattie","chirurgo, operazioni, matematica, Zagni",medico,"ospedale, malati, malattie, operazioni, matematica, Zagni",1768_1G_10,"['ospedale' 'malati' 'malattie' 'medico' 'chirurgo' 'operazioni'
 'matematica' 'Zagni']",['medico' 'chirurgo'],['O' 'O' 'O' 'B-' 'B-' 'O' 'O' 'O'],
153,1D_1,"amore, ti voglio bene, emozione",ti voglio bene,affetto,"amore, ti voglio bene, ti voglio bene",153_1D_1,['amore' 'ti voglio bene' 'emozione' 'affetto' 'ti voglio bene'],['emozione' 'affetto'],['O' 'O' 'B-' 'B-' 'O'],
422,1G_20,"oggetto, mezzo di trasporto, essere non vivente",fiat,automobile,mezzo di trasporto,422_1G_20,['oggetto' 'mezzo di trasporto' 'essere non vivente' 'automobile' 'fiat'],['oggetto' 'essere non vivente' 'automobile' 'fiat'],['B-' 'O' 'B-' 'B-' 'B-'],
2373,2E_10,"emozione, un qualcosa che si esprime",,rabbia,un qualcosa che si esprime,2373_2E_10,['emozione' 'un qualcosa che si esprime' 'rabbia'],['emozione' 'rabbia'],['B-' 'O' 'B-'],
845,2E_9,"quadrupede, mammifero, animale, essere vivente","cavallo alpino, cavallo nero",cavallo,cavallo nero,845_2E_9,"['quadrupede' 'mammifero' 'animale' 'essere vivente' 'cavallo'
 'cavallo alpino' 'cavallo nero']","['quadrupede' 'mammifero' 'animale' 'essere vivente' 'cavallo'
 'cavallo alpino']",['B-' 'B-' 'B-' 'B-' 'B-' 'B-' 'O'],
1655,5D_8,"immaginazione, entità",sogno bello,sogno,,1655_5D_8,['immaginazione' 'entità' 'sogno' 'sogno bello'],['immaginazione' 'entità' 'sogno' 'sogno bello'],['B-' 'B-' 'B-' 'B-'],
1501,1D_18,"prof, lavoro",di italiano,insegnante,prof,1501_1D_18,['prof' 'lavoro' 'insegnante' 'insegnante di italiano'],['lavoro' 'insegnante' 'insegnante di italiano'],['O' 'B-' 'B-' 'B-'],di italiano|||insegnante di italiano___
216,1D_9,"guida, concentrato","di una macchina, autobus, macchina da corsa",autista,"guida, concentrato, autobus",216_1D_9,"['guida' 'concentrato' 'autista' 'autista di una macchina' 'autobus'
 'macchina da corsa']",['autista' 'autista di una macchina' 'macchina da corsa'],['O' 'O' 'B-' 'B-' 'O' 'B-'],di una macchina|||autista di una macchina___
2588,2E_6,"pensiero, porti avanti, per vita",reale,sogno,"porti avanti, per vita",2588_2E_6,['pensiero' 'porti avanti' 'porti avanti per vita' 'sogno' 'reale'],['pensiero' 'sogno' 'reale'],['B-' 'O' 'O' 'B-' 'B-'],per vita|||porti avanti per vita___
542,5B_15,"mezzo di trasporto, tecnologia, artificiale",skoda,automobile,tecnologia,542_5B_15,['mezzo di trasporto' 'tecnologia' 'artificiale' 'automobile' 'skoda'],['mezzo di trasporto' 'artificiale' 'automobile' 'skoda'],['B-' 'O' 'B-' 'B-' 'B-'],
2052,3B_24,,,mente,,2052_3B_24,[' mente'],[' mente'],['B-'],
1000,2E_25,"misura, grandezza, cosa astratta, cosa, entità","secoli, anni, mesi, settimane, giorni, ore, minuti, secondi",tempo,"cosa, anni, mesi, settimane, giorni, ore, minuti, secondi",1000_2E_25,"['misura' 'grandezza' 'cosa astratta' 'cosa' 'entità' 'tempo' 'secoli'
 'anni' 'mesi' 'settimane' 'giorni' 'ore' 'minuti' 'secondi']",['misura' 'grandezza' 'cosa astratta' 'entità' 'tempo' 'secoli'],['B-' 'B-' 'B-' 'O' 'B-' 'B-' 'B-' 'O' 'O' 'O' 'O' 'O' 'O' 'O'],
1865,3B_7,"professione, lavoro",dentista,medico,,1865_3B_7,['professione' 'lavoro' 'medico' 'dentista'],['professione' 'lavoro' 'medico' 'dentista'],['B-' 'B-' 'B-' 'B-'],
1102,3C_6,"persona che aiuta le persone, mestiere, passatempo, azione","pediatra, logopedista, psicologo",medico,"persona che aiuta le persone, passatempo, logopedista, psicologo",1102_3C_6,"['persona che aiuta le persone' 'mestiere' 'passatempo' 'azione' 'medico'
 'pediatra' 'logopedista' 'psicologo']",['mestiere' 'azione' 'medico' 'pediatra'],['O' 'B-' 'O' 'B-' 'B-' 'B-' 'O' 'O'],
669,2E_4,"organo, parte del corpo",brillante,mente,"organo, parte del corpo",669_2E_4,['organo' 'parte del corpo' 'mente' 'brillante'],['mente' 'brillante'],['O' 'O' 'B-' 'B-'],
2614,2F_6,"sogno bello, incubo","lungo, corto, medio",sogno,"sogno bello, incubo, corto, medio",2614_2F_6,['sogno bello' 'incubo' 'sogno' 'lungo' 'corto' 'medio'],['sogno' 'lungo'],['O' 'O' 'B-' 'B-' 'O' 'O'],
746,5B_6,"babysitter, pulizie",,badante,"babysitter, pulizie",746_5B_6,['babysitter' 'pulizie' 'badante'],['badante'],['O' 'O' 'B-'],
291,3B_1,"persona, animale, bipede, pluricellulare, cellula, citoplasma, atomi","del bus, del taxi, dell'aereo",autista,"bipede, cellula, citoplasma, atomi, del taxi, dell'aereo",291_3B_1,"['persona' 'animale' 'bipede' 'pluricellulare' 'cellula' 'citoplasma'
 'atomi' 'autista' 'autista del bus' 'autista del taxi' ""dell'aereo""]",['persona' 'animale' 'pluricellulare' 'autista' 'autista del bus'],['B-' 'B-' 'O' 'B-' 'O' 'O' 'O' 'B-' 'B-' 'O' 'O'],del bus|||autista del bus___del taxi|||autista del taxi___
1412,2E_19,"persona, essere vivente, mammifero, adulto, sapiente, mestiere, bipede ","maestro, matematica, professore",insegnante,"mammifero, adulto, sapiente, mestiere, bipede, professore",1412_2E_19,"['persona' 'essere vivente' 'mammifero' 'adulto' 'sapiente' 'mestiere'
 'bipede ' 'insegnante' 'maestro' 'matematica' 'professore']",['persona' 'essere vivente' 'bipede ' 'insegnante' 'maestro' 'matematica'],['B-' 'B-' 'O' 'O' 'O' 'O' 'B-' 'B-' 'B-' 'B-' 'O'],
2715,1D_10,scorrere,"minuto, ora",tempo,"scorrere, ora",2715_1D_10,['scorrere' 'tempo' 'minuto' 'ora'],['tempo' 'minuto'],['O' 'B-' 'B-' 'O'],
1534,5D_17,"persona, mestiere, essere vivente",maestra,insegnante,mestiere,1534_5D_17,['persona' 'mestiere' 'essere vivente' 'insegnante' 'maestra'],['persona' 'essere vivente' 'insegnante' 'maestra'],['B-' 'O' 'B-' 'B-' 'B-'],
350,5B_4,"mezzo, corpo, cosa, entità","macchina, ferrari",automobile,"corpo, macchina",350_5B_4,['mezzo' 'corpo' 'cosa' 'entità' 'automobile' 'macchina' 'ferrari'],['mezzo' 'cosa' 'entità' 'automobile' 'ferrari'],['B-' 'O' 'B-' 'B-' 'B-' 'O' 'B-'],
1362,1D_15,"professoressa/o, insegnante di matematica, professione",,insegnante,"professoressa/o, insegnante di matematica",1362_1D_15,['professoressa/o' 'insegnante di matematica' 'professione' 'insegnante'],['professione' 'insegnante'],['O' 'O' 'B-' 'B-'],
660,2E_4,"emozione, cosa, cosa astratta, entità","benevolenza, di felicità",gioia,"cosa, benevolenza, di felicità",660_2E_4,"['emozione' 'cosa' 'cosa astratta' 'entità' 'gioia' 'benevolenza'
 'benevolenza di felicità']",['emozione' 'cosa astratta' 'entità' 'gioia'],['B-' 'O' 'B-' 'B-' 'B-' 'O' 'O'],di felicità|||benevolenza di felicità___
1249,2F_23,sentimento felice,felicità,gioia,felicità,1249_2F_23,['sentimento felice' 'gioia' 'felicità'],['sentimento felice' 'gioia'],['B-' 'B-' 'O'],
1768,5D_16,"sentimento, entità",,paura,,1768_5D_16,['sentimento' 'entità' 'paura'],['sentimento' 'entità' 'paura'],['B-' 'B-' 'B-'],
3074,5B_7,"dolce, cibo, alimento",tenerina,torta,,3074_5B_7,['dolce' 'cibo' 'alimento' 'torta' 'tenerina'],['dolce' 'cibo' 'alimento' 'torta' 'tenerina'],['B-' 'B-' 'B-' 'B-' 'B-'],
1763,1D_6,"lavoro, ospedale, persone","salute, cuore",medico,"ospedale, persone, salute, cuore",1763_1D_6,['lavoro' 'ospedale' 'persone' 'medico' 'salute' 'cuore'],['lavoro' 'medico'],['B-' 'O' 'O' 'B-' 'O' 'O'],
1,1D_10,"esprimere, emozione",segno di affetto,affetto,segno di affetto,1_1D_10,['esprimere' 'emozione' 'affetto' 'segno di affetto'],['esprimere' 'emozione' 'affetto'],['B-' 'B-' 'B-' 'O'],
2262,3C_14,sentimento,isterismo,rabbia,isterismo,2262_3C_14,['sentimento' 'rabbia' 'isterismo'],['sentimento' 'rabbia'],['B-' 'B-' 'O'],
447,5B_11,"persona, essere vivente, cosa, entità",pediatra,medico,cosa,447_5B_11,['persona' 'essere vivente' 'cosa' 'entità' 'medico' 'pediatra'],['persona' 'essere vivente' 'entità' 'medico' 'pediatra'],['B-' 'B-' 'O' 'B-' 'B-' 'B-'],
1111,3C_4,"sistema di intrattenimento reale e concreto, oggetto, insieme di atomi","lego, mattoncini",giocattolo,"sistema di intrattenimento reale e concreto, insieme di atomi, mattoncini",1111_3C_4,"['sistema di intrattenimento reale e concreto' 'oggetto'
 'insieme di atomi' 'giocattolo' 'lego' 'mattoncini']",['oggetto' 'giocattolo' 'lego'],['O' 'B-' 'O' 'B-' 'B-' 'O'],
400,5B_8,"pensiero, cosa astratta, cosa",incubo,sogno,,400_5B_8,['pensiero' 'cosa astratta' 'cosa' 'sogno' 'incubo'],['pensiero' 'cosa astratta' 'cosa' 'sogno' 'incubo'],['B-' 'B-' 'B-' 'B-' 'B-'],
1738,5D_14,"entità, cosa astratta",orologio,tempo,"cosa astratta, orologio",1738_5D_14,['entità' 'cosa astratta' 'tempo' 'orologio'],['entità' 'tempo'],['B-' 'O' 'B-' 'O'],
2296,5B_4,"emozione, sentimento",tremare,paura,"sentimento, tremare",2296_5B_4,['emozione' 'sentimento' 'paura' 'tremare'],['emozione' 'paura'],['B-' 'O' 'B-' 'O'],
1851,5D_23,entità,,tempo,,1851_5D_23,['entità' 'tempo'],['entità' 'tempo'],['B-' 'B-'],
1341,5D_18,"emozione, sentimento",d'amore,gioia,sentimento,1341_5D_18,"['emozione' 'sentimento' 'gioia' ""d'amore""]","['emozione' 'gioia' ""d'amore""]",['B-' 'O' 'B-' 'B-'],
1987,2E_12,"cervello, testa, corpo",pensiero,mente,"cervello, testa, corpo, pensiero",1987_2E_12,['cervello' 'testa' 'corpo' 'mente' 'pensiero'],['mente'],['O' 'O' 'O' 'B-' 'O'],
389,5B_7,"diritto, legge",di esprimere la propria opinione,libertà,legge,389_5B_7,['diritto' 'legge' 'libertà' 'libertà di esprimere la propria opinione'],['diritto' 'libertà' 'libertà di esprimere la propria opinione'],['B-' 'O' 'B-' 'B-'],di esprimere la propria opinione|||libertà di esprimere la propria opinione___
879,2E_18,"dolce, cibo, entità","alla mela, cotogna",torta,,879_2E_18,['dolce' 'cibo' 'entità' 'torta' 'torta alla mela' 'cotogna'],['dolce' 'cibo' 'entità' 'torta' 'torta alla mela' 'cotogna'],['B-' 'B-' 'B-' 'B-' 'B-' 'B-'],alla mela|||torta alla mela___
1036,2E_6,"passatempo, divertimento, oggetto","digitale, nintendo switch",giocattolo,"passatempo, divertimento",1036_2E_6,"['passatempo' 'divertimento' 'oggetto' 'giocattolo' 'digitale'
 'nintendo switch']",['oggetto' 'giocattolo' 'digitale' 'nintendo switch'],['O' 'O' 'B-' 'B-' 'B-' 'B-'],
2558,1G_23,pensiero,"incubo, paura, horror",sogno,"paura, horror",2558_1G_23,['pensiero' 'sogno' 'incubo' 'paura' 'horror'],['pensiero' 'sogno' 'incubo'],['B-' 'B-' 'B-' 'O' 'O'],
624,2E_2,"lavoro, professione, entità",chirurgo,medico,professione,624_2E_2,['lavoro' 'professione' 'entità' 'medico' 'chirurgo'],['lavoro' 'entità' 'medico' 'chirurgo'],['B-' 'O' 'B-' 'B-' 'B-'],
84,1G_7,"emozione, cosa astratta","paura, rabbia, tristezza",gioia,"paura, rabbia, tristezza",84_1G_7,['emozione' 'cosa astratta' 'gioia' 'paura' 'rabbia' 'tristezza'],['emozione' 'cosa astratta' 'gioia'],['B-' 'B-' 'B-' 'O' 'O' 'O'],
1078,3B_20,"divertimento, emozione, sentimento",palla,giocattolo,"divertimento, emozione, sentimento",1078_3B_20,['divertimento' 'emozione' 'sentimento' 'giocattolo' 'palla'],['giocattolo' 'palla'],['O' 'O' 'O' 'B-' 'B-'],
69,2E_7,"felicità, gioia, emozione",amore,affetto,"felicità, gioia",69_2E_7,['felicità' 'gioia' 'emozione' 'affetto' 'amore'],['emozione' 'affetto' 'amore'],['O' 'O' 'B-' 'B-' 'B-'],
2750,1G_21,"secondo, vita, libertà","passato, ricordo",tempo,"secondo, vita, libertà, ricordo",2750_1G_21,['secondo' 'vita' 'libertà' 'tempo' 'passato' 'ricordo'],['tempo' 'passato'],['O' 'O' 'O' 'B-' 'B-' 'O'],
693,3B_23,,,badante,,693_3B_23,[' badante'],[' badante'],['B-'],
2334,3C_19,"persona, essere vivente, anima","taxista, lavoro, dovere",autista,"anima, lavoro, dovere",2334_3C_19,['persona' 'essere vivente' 'anima' 'autista' 'taxista' 'lavoro' 'dovere'],['persona' 'essere vivente' 'autista' 'taxista'],['B-' 'B-' 'O' 'B-' 'B-' 'O' 'O'],
1019,3C_1,cervello,mente contorta,mente,cervello,1019_3C_1,['cervello' 'mente' 'mente contorta'],['mente' 'mente contorta'],['O' 'B-' 'B-'],
1048,3C_3,"mezzo di trasporto, veicolo, cosa, entità",taxi,automobile,veicolo,1048_3C_3,['mezzo di trasporto' 'veicolo' 'cosa' 'entità' 'automobile' 'taxi'],['mezzo di trasporto' 'cosa' 'entità' 'automobile' 'taxi'],['B-' 'O' 'B-' 'B-' 'B-' 'B-'],
1681,5D_11,entità,"orologio, clessidra",tempo,"orologio, clessidra",1681_5D_11,['entità' 'tempo' 'orologio' 'clessidra'],['entità' 'tempo'],['B-' 'B-' 'O' 'O'],
1499,1D_18,cosa astratta,,mente,,1499_1D_18,['cosa astratta' 'mente'],['cosa astratta' 'mente'],['B-' 'B-'],
2658,3C_22,"desiderio, voglia, vizio",divertente,sogno,"desiderio, voglia, vizio",2658_3C_22,['desiderio' 'voglia' 'vizio' 'sogno' 'divertente'],['sogno' 'divertente'],['O' 'O' 'O' 'B-' 'B-'],
1252,2F_26,"sentimento, momento, sensazione",felicità,gioia,"momento, felicità",1252_2F_26,['sentimento' 'momento' 'sensazione' 'gioia' 'felicità'],['sentimento' 'sensazione' 'gioia'],['B-' 'O' 'B-' 'B-' 'O'],
1441,2F_21,"scuola, lavoro",,insegnante,scuola,1441_2F_21,['scuola' 'lavoro' 'insegnante'],['lavoro' 'insegnante'],['O' 'B-' 'B-'],
1477,3B_7,"professione, lavoro",,insegnante,,1477_3B_7,['professione' 'lavoro' 'insegnante'],['professione' 'lavoro' 'insegnante'],['B-' 'B-' 'B-'],
2068,2F_15,"emozione, sentimento",amore,affetto,sentimento,2068_2F_15,['emozione' 'sentimento' 'affetto' 'amore'],['emozione' 'affetto' 'amore'],['B-' 'O' 'B-' 'B-'],
994,2E_25,"pensiero, cosa astratta","sogno, colorato",mente,"pensiero, sogno, colorato",994_2E_25,['pensiero' 'cosa astratta' 'mente' 'sogno' 'colorato'],['cosa astratta' 'mente'],['O' 'B-' 'B-' 'O' 'O'],
1633,5D_6,"sentimento, entità",del buio,paura,,1633_5D_6,['sentimento' 'entità' 'paura' 'paura del buio'],['sentimento' 'entità' 'paura' 'paura del buio'],['B-' 'B-' 'B-' 'B-'],del buio|||paura del buio___
444,5B_10,"alimento, cibo",tenerina,torta,,444_5B_10,['alimento' 'cibo' 'torta' 'tenerina'],['alimento' 'cibo' 'torta' 'tenerina'],['B-' 'B-' 'B-' 'B-'],
2232,3B_11,"spavento, ansia, colpo di spavento","infarto, attacco epilettico",paura,"spavento, ansia, colpo di spavento, infarto, attacco epilettico",2232_3B_11,"['spavento' 'ansia' 'colpo di spavento' 'paura' 'infarto'
 'attacco epilettico']",['paura'],['O' 'O' 'O' 'B-' 'O' 'O'],
1070,3B_13,plastica,"fabbrica, azienda",giocattolo,"plastica, fabbrica, azienda",1070_3B_13,['plastica' 'giocattolo' 'fabbrica' 'azienda'],['giocattolo'],['O' 'B-' 'O' 'O'],
1148,3C_9,"solido, oggetto","lamborghini, mercedes",automobile,mercedes,1148_3C_9,['solido' 'oggetto' 'automobile' 'lamborghini' 'mercedes'],['solido' 'oggetto' 'automobile' 'lamborghini'],['B-' 'B-' 'B-' 'B-' 'O'],
2233,3B_12,spavento,,paura,spavento,2233_3B_12,['spavento' 'paura'],['paura'],['O' 'B-'],
2397,3C_22,emozione,,gioia,,2397_3C_22,['emozione' 'gioia'],['emozione' 'gioia'],['B-' 'B-'],
1299,1D_6,"emozione, sentimento, cosa astratta",gioia di avere amici,gioia,sentimento,1299_1D_6,['emozione' 'sentimento' 'cosa astratta' 'gioia' 'gioia di avere amici'],['emozione' 'cosa astratta' 'gioia' 'gioia di avere amici'],['B-' 'O' 'B-' 'B-' 'B-'],
1874,3C_15,aiutante,chirurgo,medico,aiutante,1874_3C_15,['aiutante' 'medico' 'chirurgo'],['medico' 'chirurgo'],['O' 'B-' 'B-'],
1543,5D_3,"persona, essere vivente",prof,insegnante,,1543_5D_3,['persona' 'essere vivente' 'insegnante' 'prof'],['persona' 'essere vivente' 'insegnante' 'prof'],['B-' 'B-' 'B-' 'B-'],
393,5B_7,"lavoro, professione, occupazione","autista del camion, autista del camion da rimorchio",autista,professione,393_5B_7,"['lavoro' 'professione' 'occupazione' 'autista' 'autista del camion'
 'autista del camion da rimorchio']","['lavoro' 'occupazione' 'autista' 'autista del camion'
 'autista del camion da rimorchio']",['B-' 'O' 'B-' 'B-' 'B-' 'B-'],
1870,3C_11,"lavoro, guadagno, soldi",chirurgo,medico,"guadagno, soldi",1870_3C_11,['lavoro' 'guadagno' 'soldi' 'medico' 'chirurgo'],['lavoro' 'medico' 'chirurgo'],['B-' 'O' 'O' 'B-' 'B-'],
1651,5D_8,"persona, mammifera, entità",marco,medico,,1651_5D_8,['persona' 'mammifera' 'entità' 'medico' 'marco'],['persona' 'mammifera' 'entità' 'medico' 'marco'],['B-' 'B-' 'B-' 'B-' 'B-'],
2014,2F_12,oggetto,"macchinina, macchinina rossa",giocattolo,,2014_2F_12,['oggetto' 'giocattolo' 'macchinina' 'macchinina rossa'],['oggetto' 'giocattolo' 'macchinina' 'macchinina rossa'],['B-' 'B-' 'B-' 'B-'],
3,1D_12,"sentimento, emozione, amore, felicità","abbraccio, bacio",affetto,"emozione, amore, felicità, abbraccio, bacio",3_1D_12,['sentimento' 'emozione' 'amore' 'felicità' 'affetto' 'abbraccio' 'bacio'],['sentimento' 'affetto'],['B-' 'O' 'O' 'O' 'B-' 'O' 'O'],
1275,3B_23,,,gioia,,1275_3B_23,[' gioia'],[' gioia'],['B-'],
2677,5B_17,desiderio,,sogno,desiderio,2677_5B_17,['desiderio' 'sogno'],['sogno'],['O' 'B-'],
1699,5B_1,diritto,,libertà,,1699_5B_1,['diritto' 'libertà'],['diritto' 'libertà'],['B-' 'B-'],
1664,5D_10,"gioco, intrattenimento, entità, oggetto, cosa","trenino, locomotiva, polar express",giocattolo,"intrattenimento, oggetto, cosa",1664_5D_10,"['gioco' 'intrattenimento' 'entità' 'oggetto' 'cosa' 'giocattolo'
 'trenino' 'locomotiva' 'polar express']",['gioco' 'entità' 'giocattolo' 'trenino' 'locomotiva' 'polar express'],['B-' 'O' 'B-' 'O' 'O' 'B-' 'B-' 'B-' 'B-'],
650,2E_8,babysitter,lavoro,badante,"babysitter, lavoro",650_2E_8,['babysitter' 'badante' 'lavoro'],['badante'],['O' 'B-' 'O'],
2073,3C_2,,cervello,mente,cervello,2073_3C_2,[' mente' 'cervello'],[' mente'],['B-' 'O'],
2071,2F_15,lavoro,"prof, prof di scienze, prof di scienze umane",insegnante,,2071_2F_15,['lavoro' 'insegnante' 'prof' 'prof di scienze' 'prof di scienze umane'],['lavoro' 'insegnante' 'prof' 'prof di scienze' 'prof di scienze umane'],['B-' 'B-' 'B-' 'B-' 'B-'],
3,1G_2,"pensiero notturno, pensiero, cosa astratta, entità",film mentali,sogno,film mentali,3_1G_2,"['pensiero notturno' 'pensiero' 'cosa astratta' 'entità' 'sogno'
 'film mentali']",['pensiero notturno' 'pensiero' 'cosa astratta' 'entità' 'sogno'],['B-' 'B-' 'B-' 'B-' 'B-' 'O'],
2032,2F_13,"felicità, spensieratezza",libertà dalla scuola,libertà,"felicità, spensieratezza, libertà dalla scuola",2032_2F_13,['felicità' 'spensieratezza' 'libertà' 'libertà dalla scuola'],['libertà'],['O' 'O' 'B-' 'O'],
1349,5D_3,sentimento,commovenza,gioia,commovenza,1349_5D_3,['sentimento' 'gioia' 'commovenza'],['sentimento' 'gioia'],['B-' 'B-' 'O'],
1941,1D_12,"pensare, per fare queste scale, una parte del nostro corpo",cervello,mente,"pensare, per fare queste scale, una parte del nostro corpo, cervello",1941_1D_12,"['pensare' 'pensare per fare queste scale' 'una parte del nostro corpo'
 'mente' 'cervello']",['mente'],['O' 'O' 'O' 'B-' 'O'],per fare queste scale|||pensare per fare queste scale___
2897,5D_22,"numeri, secondo, ora, minuto","della verifica, della giornata, due giorni",tempo,"numeri, secondo, ora, minuto, della giornata, due giorni",2897_5D_22,"['numeri' 'secondo' 'ora' 'minuto' 'tempo' 'tempo della verifica'
 'tempo della giornata' 'due giorni']",['tempo' 'tempo della verifica'],['O' 'O' 'O' 'O' 'B-' 'B-' 'O' 'O'],della verifica|||tempo della verifica___della giornata|||tempo della giornata___
786,2E_12,"emozione, stile di vita, entità astratta",di vestirsi come si vuole,libertà,"emozione, stile di vita",786_2E_12,"['emozione' 'stile di vita' 'entità astratta' 'libertà'
 'libertà di vestirsi come si vuole']",['entità astratta' 'libertà' 'libertà di vestirsi come si vuole'],['O' 'O' 'B-' 'B-' 'B-'],di vestirsi come si vuole|||libertà di vestirsi come si vuole___
1284,3B_8,"sentimento, emozione",euforico,gioia,emozione,1284_3B_8,['sentimento' 'emozione' 'gioia' 'euforico'],['sentimento' 'gioia' 'euforico'],['B-' 'O' 'B-' 'B-'],
1326,1D_7,"concessione, azione","libertà di voto, libertà democratica, libertà politica",libertà,"libertà democratica, libertà politica",1326_1D_7,"['concessione' 'azione' 'libertà' 'libertà di voto' 'libertà democratica'
 'libertà politica']",['concessione' 'azione' 'libertà' 'libertà di voto'],['B-' 'B-' 'B-' 'B-' 'O' 'O'],
2603,2F_2,pensiero,incubo,sogno,,2603_2F_2,['pensiero' 'sogno' 'incubo'],['pensiero' 'sogno' 'incubo'],['B-' 'B-' 'B-'],
2340,3C_19,,cervello,mente,cervello,2340_3C_19,[' mente' 'cervello'],[' mente'],['B-' 'O'],
1868,5D_24,"docente, lavoratore, persona, mammifero, essere vivente",educatore,insegnante,docente,1868_5D_24,"['docente' 'lavoratore' 'persona' 'mammifero' 'essere vivente'
 'insegnante' 'educatore']","['lavoratore' 'persona' 'mammifero' 'essere vivente' 'insegnante'
 'educatore']",['O' 'B-' 'B-' 'B-' 'B-' 'B-' 'B-'],
38,1G_4,lavoro che non farò mai,,insegnante,lavoro che non farò mai,38_1G_4,['lavoro che non farò mai' 'insegnante'],['insegnante'],['O' 'B-'],
152,1G_12,"lavoro, specialità",taxista,autista,specialità,152_1G_12,['lavoro' 'specialità' 'autista' 'taxista'],['lavoro' 'autista' 'taxista'],['B-' 'O' 'B-' 'B-'],
1774,1G_16,lavoro,specialista,medico,,1774_1G_16,['lavoro' 'medico' 'specialista'],['lavoro' 'medico' 'specialista'],['B-' 'B-' 'B-'],
1999,2E_23,"testa, cervello, organo","sogno, desiderio, idee",mente,"testa, cervello, organo, sogno, desiderio, idee",1999_2E_23,['testa' 'cervello' 'organo' 'mente' 'sogno' 'desiderio' 'idee'],['mente'],['O' 'O' 'O' 'B-' 'O' 'O' 'O'],
2398,3C_23,"sensazione, sentimento, emozione",di non poter camminare,paura,"sentimento, emozione, di non poter camminare",2398_3C_23,"['sensazione' 'sentimento' 'emozione' 'paura'
 'paura di non poter camminare']",['sensazione' 'paura'],['B-' 'O' 'O' 'B-' 'O'],di non poter camminare|||paura di non poter camminare___
2846,3C_17,"orologio, lancette, numeri","ora, minuto",tempo,"orologio, lancette, numeri, minuto",2846_3C_17,['orologio' 'lancette' 'numeri' 'tempo' 'ora' 'minuto'],['tempo' 'ora'],['O' 'O' 'O' 'B-' 'B-' 'O'],
689,2E_6,"grandezza, misura, entità","ora, minuto, secondo",tempo,"minuto, secondo",689_2E_6,['grandezza' 'misura' 'entità' 'tempo' 'ora' 'minuto' 'secondo'],['grandezza' 'misura' 'entità' 'tempo' 'ora'],['B-' 'B-' 'B-' 'B-' 'B-' 'O' 'O'],
1356,1D_1,"scuola, istituto, classi, dirigente","musica, inglese, storia, geografia, scienze alterna, lettere, matematica, religione",insegnante,"scuola, istituto, classi, dirigente, inglese, storia, geografia, scienze alterna, lettere, matematica, religione",1356_1D_1,"['scuola' 'istituto' 'classi' 'dirigente' 'insegnante' 'musica' 'inglese'
 'storia' 'geografia' 'scienze alterna' 'lettere' 'matematica' 'religione']",['insegnante' 'musica'],['O' 'O' 'O' 'O' 'B-' 'B-' 'O' 'O' 'O' 'O' 'O' 'O' 'O'],
704,3C_1,"assistente, prendersi cura, lavoro, professione, guadagno, soldi, business","babysitter, professione, lavor, business",badante,"prendersi cura, guadagno, soldi, business, babysitter, professione, professione, lavor, business",704_3C_1,"['assistente' 'prendersi cura' 'lavoro' 'professione' 'guadagno' 'soldi'
 'business' 'badante' 'babysitter' 'professione' 'lavor' 'business']",['assistente' 'lavoro' 'badante'],['B-' 'O' 'B-' 'O' 'O' 'O' 'O' 'B-' 'O' 'O' 'O' 'O'],
282,2F_25,"persona, lavoro",taxi,autista,lavoro,282_2F_25,['persona' 'lavoro' 'autista' 'taxi'],['persona' 'autista' 'taxi'],['B-' 'O' 'B-' 'B-'],
2574,2E_17,persone,immaginazione,sogno,"persone, immaginazione",2574_2E_17,['persone' 'sogno' 'immaginazione'],['sogno'],['O' 'B-' 'O'],
304,5B_2,"lavoro, dovere, diritto",,badante,diritto ,304_5B_2,['lavoro' 'dovere' 'diritto' 'badante'],['lavoro' 'dovere' 'diritto' 'badante'],['B-' 'B-' 'B-' 'B-'],
1579,1D_23,"erbivoro, mammifero, vertebrato, animale, essere vivente, entità","purosangue, grigio",cavallo,,1579_1D_23,"['erbivoro' 'mammifero' 'vertebrato' 'animale' 'essere vivente' 'entità'
 'cavallo' 'purosangue' 'grigio']","['erbivoro' 'mammifero' 'vertebrato' 'animale' 'essere vivente' 'entità'
 'cavallo' 'purosangue' 'grigio']",['B-' 'B-' 'B-' 'B-' 'B-' 'B-' 'B-' 'B-' 'B-'],
1419,1D_13,desiderio ,"incubo, paura",sogno,"desiderio, paura",1419_1D_13,['desiderio ' 'sogno' 'incubo' 'paura'],['desiderio ' 'sogno' 'incubo'],['B-' 'B-' 'B-' 'O'],
2270,3C_22,"sensazione, sentimento, pensiero, emozione","buio, oscurità",paura,"sentimento, pensiero, emozione, oscurità",2270_3C_22,['sensazione' 'sentimento' 'pensiero' 'emozione' 'paura' 'buio' 'oscurità'],['sensazione' 'paura' 'buio'],['B-' 'O' 'O' 'O' 'B-' 'B-' 'O'],
1704,5B_14,liberi,piena,libertà,"liberi, piena",1704_5B_14,['liberi' 'libertà' 'piena'],['libertà'],['O' 'B-' 'O'],
2124,5D_24,"organo, parte del corpo",cervello,mente,"organo, parte del corpo, cervello",2124_5D_24,['organo' 'parte del corpo' 'mente' 'cervello'],['mente'],['O' 'O' 'B-' 'O'],
1178,3C_11,mestiere,di taxi,autista,,1178_3C_11,['mestiere' 'autista' 'autista di taxi'],['mestiere' 'autista' 'autista di taxi'],['B-' 'B-' 'B-'],di taxi|||autista di taxi___
3014,3B_18,"dolce, cibo, alimento",ciambella,torta,,3014_3B_18,['dolce' 'cibo' 'alimento' 'torta' 'ciambella'],['dolce' 'cibo' 'alimento' 'torta' 'ciambella'],['B-' 'B-' 'B-' 'B-' 'B-'],
762,2E_10,sensazione,inizio vacanze,libertà,inizio vacanze,762_2E_10,['sensazione' 'libertà' 'inizio vacanze'],['sensazione' 'libertà'],['B-' 'B-' 'O'],
2299,5B_7,"emozione, sentimento, modo di sentirsi","incubo, mostri, cattivi",paura,"sentimento, incubo, cattivi",2299_5B_7,"['emozione' 'sentimento' 'modo di sentirsi' 'paura' 'incubo' 'mostri'
 'cattivi']",['emozione' 'modo di sentirsi' 'paura' 'mostri'],['B-' 'O' 'B-' 'B-' 'O' 'B-' 'O'],
1273,1D_4,"emozione, sentimento, cattiveria",insulti,rabbia,"sentimento, cattiveria, insulti",1273_1D_4,['emozione' 'sentimento' 'cattiveria' 'rabbia' 'insulti'],['emozione' 'rabbia'],['B-' 'O' 'O' 'B-' 'O'],
1676,5D_10,"sentimento, emozione, entità",amore,affetto,emozione,1676_5D_10,['sentimento' 'emozione' 'entità' 'affetto' 'amore'],['sentimento' 'entità' 'affetto' 'amore'],['B-' 'O' 'B-' 'B-' 'B-'],
2215,2F_2,,,paura,,2215_2F_2,[' paura'],[' paura'],['B-'],
1129,5B_20,,rc radiotelecomandato,giocattolo,,1129_5B_20,[' giocattolo' 'rc radiotelecomandato'],[' giocattolo' 'rc radiotelecomandato'],['B-' 'B-'],
271,1G_22,"statua, scultura, lavoro manuale, lavoro",libertà vigilata,libertà,"statua, scultura, lavoro manuale, lavoro",271_1G_22,"['statua' 'scultura' 'lavoro manuale' 'lavoro' 'libertà'
 'libertà vigilata']",['libertà' 'libertà vigilata'],['O' 'O' 'O' 'O' 'B-' 'B-'],
2387,3C_22,"aiutante, persona, essere vivente",veterinario,medico,aiutante,2387_3C_22,['aiutante' 'persona' 'essere vivente' 'medico' 'veterinario'],['persona' 'essere vivente' 'medico' 'veterinario'],['O' 'B-' 'B-' 'B-' 'B-'],
759,2E_10,"parte del corpo, entità, pensiero",primavera,mente,"parte del corpo, pensiero, primavera",759_2E_10,['parte del corpo' 'entità' 'pensiero' 'mente' 'primavera'],['entità' 'mente'],['O' 'B-' 'O' 'B-' 'O'],
1065,2F_9,oggetto,"bambola, barbie, barbie skipper",giocattolo,,1065_2F_9,['oggetto' 'giocattolo' 'bambola' 'barbie' 'barbie skipper'],['oggetto' 'giocattolo' 'bambola' 'barbie' 'barbie skipper'],['B-' 'B-' 'B-' 'B-' 'B-'],
1949,1D_2,parte del corpo,,mente,parte del corpo,1949_1D_2,['parte del corpo' 'mente'],['mente'],['O' 'B-'],
1764,1D_7,"professionista, simpatico, generoso",,medico,"simpatico, generoso",1764_1D_7,['professionista' 'simpatico' 'generoso' 'medico'],['professionista' 'medico'],['B-' 'O' 'O' 'B-'],
2394,2E_6,"emozione, pugni, incubi","furia, urlare",rabbia,"pugni, incubi, urlare",2394_2E_6,['emozione' 'pugni' 'incubi' 'rabbia' 'furia' 'urlare'],['emozione' 'rabbia' 'furia'],['B-' 'O' 'O' 'B-' 'B-' 'O'],
1943,2F_6,animale,frisone,cavallo,,1943_2F_6,['animale' 'cavallo' 'frisone'],['animale' 'cavallo' 'frisone'],['B-' 'B-' 'B-'],
305,3B_22,"persona, mammifero, essere vivente",,autista,,305_3B_22,['persona' 'mammifero' 'essere vivente' 'autista'],['persona' 'mammifero' 'essere vivente' 'autista'],['B-' 'B-' 'B-' 'B-'],
209,1D_23,lavoratore,taxi,autista,,209_1D_23,['lavoratore' 'autista' 'taxi'],['lavoratore' 'autista' 'taxi'],['B-' 'B-' 'B-'],
1264,3B_13,"felicità, sentimento, emozione",,gioia,"felicità, emozione",1264_3B_13,['felicità' 'sentimento' 'emozione' 'gioia'],['sentimento' 'gioia'],['O' 'B-' 'O' 'B-'],
1576,1G_12,"statua, materiale, oggetto","sentimento, mente, organo",libertà,"statua, materiale, oggetto, sentimento, mente, organo",1576_1G_12,['statua' 'materiale' 'oggetto' 'libertà' 'sentimento' 'mente' 'organo'],['libertà'],['O' 'O' 'O' 'B-' 'O' 'O' 'O'],
111,1G_8,"mestiere, lavoro, entità",di matematica,insegnante,,111_1G_8,['mestiere' 'lavoro' 'entità' 'insegnante' 'insegnante di matematica'],['mestiere' 'lavoro' 'entità' 'insegnante' 'insegnante di matematica'],['B-' 'B-' 'B-' 'B-' 'B-'],di matematica|||insegnante di matematica___
113,3B_23,,,affetto,,113_3B_23,[' affetto'],[' affetto'],['B-'],
219,1G_11,"lavoro, professione",autista di un taxi,autista,professione,219_1G_11,['lavoro' 'professione' 'autista' 'autista di un taxi'],['lavoro' 'autista' 'autista di un taxi'],['B-' 'O' 'B-' 'B-'],
1839,5D_23,dolce,alla fragola,torta,,1839_5D_23,['dolce' 'torta' 'torta alla fragola'],['dolce' 'torta' 'torta alla fragola'],['B-' 'B-' 'B-'],alla fragola|||torta alla fragola___
155,5B_15,sentimento,abbraccio,affetto,abbraccio,155_5B_15,['sentimento' 'affetto' 'abbraccio'],['sentimento' 'affetto'],['B-' 'B-' 'O'],
1810,5D_21,"persona, mammifero, essere umano, essere vivente","insegnante di italiano, insegnante di ita americana",insegnante,,1810_5D_21,"['persona' 'mammifero' 'essere umano' 'essere vivente' 'insegnante'
 'insegnante di italiano' 'insegnante di ita americana']","['persona' 'mammifero' 'essere umano' 'essere vivente' 'insegnante'
 'insegnante di italiano' 'insegnante di ita americana']",['B-' 'B-' 'B-' 'B-' 'B-' 'B-' 'B-'],
1938,2F_6,atmosferico,"soleggiato, tempestoso",tempo,"atmosferico, tempestoso",1938_2F_6,['atmosferico' 'tempo' 'soleggiato' 'tempestoso'],['tempo' 'soleggiato'],['O' 'B-' 'B-' 'O'],
1112,3C_7,"mestiere, lavoro, anziani",,badante,anziani,1112_3C_7,['mestiere' 'lavoro' 'anziani' 'badante'],['mestiere' 'lavoro' 'badante'],['B-' 'B-' 'O' 'B-'],
575,5B_19,"emozione, concetto astratto",cherofobia,paura,,575_5B_19,['emozione' 'concetto astratto' 'paura' 'cherofobia'],['emozione' 'concetto astratto' 'paura' 'cherofobia'],['B-' 'B-' 'B-' 'B-'],
576,5B_19,"lavoro, entità","insegnante di sostegno, nada",insegnante,,576_5B_19,['lavoro' 'entità' 'insegnante' 'insegnante di sostegno' 'nada'],['lavoro' 'entità' 'insegnante' 'insegnante di sostegno' 'nada'],['B-' 'B-' 'B-' 'B-' 'B-'],
3043,3C_20,"dolce, cibo","cheesecake, alla fragola",torta,,3043_3C_20,['dolce' 'cibo' 'torta' 'cheesecake' 'cheesecake alla fragola'],['dolce' 'cibo' 'torta' 'cheesecake' 'cheesecake alla fragola'],['B-' 'B-' 'B-' 'B-' 'B-'],alla fragola|||cheesecake alla fragola___
2180,2E_11,"sentimento, posto, avere paura, oggetto, buio","di un animale, altezza",paura,"posto, avere paura, oggetto, buio, altezza",2180_2E_11,"['sentimento' 'posto' 'avere paura' 'oggetto' 'buio' 'paura'
 'paura di un animale' 'altezza']",['sentimento' 'paura' 'paura di un animale'],['B-' 'O' 'O' 'O' 'O' 'B-' 'B-' 'O'],di un animale|||paura di un animale___
1599,2E_12,"sensazione, stato d'animo",poter pensare,libertà,stato d'animo,1599_2E_12,"['sensazione' ""stato d'animo"" 'libertà' 'poter pensare']",['sensazione' 'libertà' 'poter pensare'],['B-' 'O' 'B-' 'B-'],
2494,5B_8,,,rabbia,,2494_5B_8,[' rabbia'],[' rabbia'],['B-'],
2137,2F_20,parte del corpo,pensare,mente,"parte del corpo, pensare",2137_2F_20,['parte del corpo' 'mente' 'pensare'],['mente'],['O' 'B-' 'O'],
2152,2F_21,"cosa, oggetto, divertente",robot,giocattolo,divertente,2152_2F_21,['cosa' 'oggetto' 'divertente' 'giocattolo' 'robot'],['cosa' 'oggetto' 'giocattolo' 'robot'],['B-' 'B-' 'O' 'B-' 'B-'],
1079,3B_21,"plastica, materiale",barbie,giocattolo,"plastica, materiale",1079_3B_21,['plastica' 'materiale' 'giocattolo' 'barbie'],['giocattolo' 'barbie'],['O' 'O' 'B-' 'B-'],
239,2E_1,taxista,una persona,autista,"taxista, una persona",239_2E_1,['taxista' 'autista' 'una persona'],['autista'],['O' 'B-' 'O'],
1635,5D_6,entità,valentino rossi,autista,,1635_5D_6,['entità' 'autista' 'valentino rossi'],['entità' 'autista' 'valentino rossi'],['B-' 'B-' 'B-'],
993,1G_11,"oggetto, cosa inanimata",bambola,giocattolo,,993_1G_11,['oggetto' 'cosa inanimata' 'giocattolo' 'bambola'],['oggetto' 'cosa inanimata' 'giocattolo' 'bambola'],['B-' 'B-' 'B-' 'B-'],
157,1G_12,"lavoro, specializzazione",degli anziani,badante,specializzazione,157_1G_12,['lavoro' 'specializzazione' 'badante' 'badante degli anziani'],['lavoro' 'badante' 'badante degli anziani'],['B-' 'O' 'B-' 'B-'],degli anziani|||badante degli anziani___
1690,3C_24,"sentimento, sensazione, quello che tu provi","di esprimersi, di parlare, di chiarirsi",libertà,"sentimento, di chiarirsi",1690_3C_24,"['sentimento' 'sensazione' 'quello che tu provi' 'libertà'
 'libertà di esprimersi' 'libertà di parlare' 'libertà di chiarirsi']","['sensazione' 'quello che tu provi' 'libertà' 'libertà di esprimersi'
 'libertà di parlare']",['O' 'B-' 'B-' 'B-' 'B-' 'B-' 'O'],di esprimersi|||libertà di esprimersi___di parlare|||libertà di parlare___di chiarirsi|||libertà di chiarirsi___
2285,3C_15,"mezzo di trasporto, oggetto, materia, oggetto dentro lo spazio",smart,automobile,oggetto dentro lo spazio,2285_3C_15,"['mezzo di trasporto' 'oggetto' 'materia' 'oggetto dentro lo spazio'
 'automobile' 'smart']",['mezzo di trasporto' 'oggetto' 'materia' 'automobile' 'smart'],['B-' 'B-' 'B-' 'O' 'B-' 'B-'],
412,1G_11,"veicolo, oggetto, cosa, essere inanimato",ferrari,automobile,,412_1G_11,['veicolo' 'oggetto' 'cosa' 'essere inanimato' 'automobile' 'ferrari'],['veicolo' 'oggetto' 'cosa' 'essere inanimato' 'automobile' 'ferrari'],['B-' 'B-' 'B-' 'B-' 'B-' 'B-'],
366,5B_5,"essere vivente, persona","prof., di scienze",insegnante,persona,366_5B_5,['essere vivente' 'persona' 'insegnante' 'prof.' 'prof. di scienze'],['essere vivente' 'insegnante' 'prof.' 'prof. di scienze'],['B-' 'O' 'B-' 'B-' 'B-'],di scienze|||prof. di scienze___
2317,3C_17,"lavoro, mestiere",insegnante di matematica,insegnante,mestiere,2317_3C_17,['lavoro' 'mestiere' 'insegnante' 'insegnante di matematica'],['lavoro' 'insegnante' 'insegnante di matematica'],['B-' 'O' 'B-' 'B-'],
301,5B_1,"alimento, cibo, sostanza nutriente, entità","torta sacher, torta al cioccolato",torta,torta al cioccolato,301_5B_1,"['alimento' 'cibo' 'sostanza nutriente' 'entità' 'torta' 'torta sacher'
 'torta al cioccolato']",['alimento' 'cibo' 'sostanza nutriente' 'entità' 'torta' 'torta sacher'],['B-' 'B-' 'B-' 'B-' 'B-' 'B-' 'O'],
1564,1D_22,"persona, bipede, onnivoro, vertebrato, animale, essere vivente, organismo pluricellulare, entità","matematica, zagni",insegnante,organismo pluricellulare,1564_1D_22,"['persona' 'bipede' 'onnivoro' 'vertebrato' 'animale' 'essere vivente'
 'organismo pluricellulare' 'entità' 'insegnante' 'matematica' 'zagni']","['persona' 'bipede' 'onnivoro' 'vertebrato' 'animale' 'essere vivente'
 'entità' 'insegnante' 'matematica' 'zagni']",['B-' 'B-' 'B-' 'B-' 'B-' 'B-' 'O' 'B-' 'B-' 'B-' 'B-'],
1162,1D_1,"paura, rabbia, tristezza, timidezza, sentimento, emozione","felicità, serena, allegra",gioia,"paura, rabbia, tristezza, timidezza, emozione, felicità, serena, allegra",1162_1D_1,"['paura' 'rabbia' 'tristezza' 'timidezza' 'sentimento' 'emozione' 'gioia'
 'felicità' 'serena' 'allegra']",['sentimento' 'gioia'],['O' 'O' 'O' 'O' 'B-' 'O' 'B-' 'O' 'O' 'O'],
1751,5D_15,,cioccolata,torta,,1751_5D_15,[' torta' 'cioccolata'],[' torta' 'cioccolata'],['B-' 'B-'],
1611,5D_3,"sentimento, cosa",paura del buio,paura,cosa,1611_5D_3,['sentimento' 'cosa' 'paura' 'paura del buio'],['sentimento' 'paura' 'paura del buio'],['B-' 'O' 'B-' 'B-'],
20,1G_3,lavoro,,insegnante,,20_1G_3,['lavoro' 'insegnante'],['lavoro' 'insegnante'],['B-' 'B-'],
473,2F_22,"macchina, veicolo, mezzo di trasporto",ferrari,automobile,macchina,473_2F_22,['macchina' 'veicolo' 'mezzo di trasporto' 'automobile' 'ferrari'],['veicolo' 'mezzo di trasporto' 'automobile' 'ferrari'],['O' 'B-' 'B-' 'B-' 'B-'],
368,5B_6,materiale,,giocattolo,materiale ,368_5B_6,['materiale' 'giocattolo'],['materiale' 'giocattolo'],['B-' 'B-'],
2383,3C_22,"emozione, sensazione","paura del buio, paura dell'oscurità",paura,paura dell'oscurità,2383_3C_22,"['emozione' 'sensazione' 'paura' 'paura del buio' ""paura dell'oscurità""]",['emozione' 'sensazione' 'paura' 'paura del buio'],['B-' 'B-' 'B-' 'B-' 'O'],
1294,3C_17,emozione,"felicità, contentezza",gioia,"felicità, contentezza",1294_3C_17,['emozione' 'gioia' 'felicità' 'contentezza'],['emozione' 'gioia'],['B-' 'B-' 'O' 'O'],
21,1G_3,"oggetto, insieme di atomi",giocattolo commestibile,giocattolo,insieme di atomi,21_1G_3,['oggetto' 'insieme di atomi' 'giocattolo' 'giocattolo commestibile'],['oggetto' 'giocattolo' 'giocattolo commestibile'],['B-' 'O' 'B-' 'B-'],
1177,3C_11,sensazione,di vivere,gioia,,1177_3C_11,['sensazione' 'gioia' 'gioia di vivere'],['sensazione' 'gioia' 'gioia di vivere'],['B-' 'B-' 'B-'],di vivere|||gioia di vivere___
1692,3C_3,"diritto, legge, obbligo ","pensiero, idea",libertà,"legge, obbligo, idea",1692_3C_3,['diritto' 'legge' 'obbligo ' 'libertà' 'pensiero' 'idea'],['diritto' 'obbligo ' 'libertà' 'pensiero'],['B-' 'O' 'B-' 'B-' 'B-' 'O'],
1906,2F_4,"dolce, cibo, nutrimento","torta al cioccolato, tenerina, tenerina fondente, tenerina fondente al 70%",torta,,1906_2F_4,"['dolce' 'cibo' 'nutrimento' 'torta' 'torta al cioccolato' 'tenerina'
 'tenerina fondente' 'tenerina fondente al 70%']","['dolce' 'cibo' 'nutrimento' 'torta' 'torta al cioccolato' 'tenerina'
 'tenerina fondente' 'tenerina fondente al 70%']",['B-' 'B-' 'B-' 'B-' 'B-' 'B-' 'B-' 'B-'],
701,2E_6,"mammifero, essere vivente, persona, entità","di storia, luca",insegnante,persona,701_2E_6,"['mammifero' 'essere vivente' 'persona' 'entità' 'insegnante'
 'insegnante di storia' 'luca']","['mammifero' 'essere vivente' 'entità' 'insegnante' 'insegnante di storia'
 'luca']",['B-' 'B-' 'O' 'B-' 'B-' 'B-' 'B-'],di storia|||insegnante di storia___
2085,3C_8,"muscolo, tipo di parte del corpo, elemento per farci funzionare","cervello, muscolo involontario",mente,"muscolo, tipo di parte del corpo, elemento per farci funzionare, cervello, muscolo involontario",2085_3C_8,"['muscolo' 'tipo di parte del corpo' 'elemento per farci funzionare'
 'mente' 'cervello' 'muscolo involontario']",['mente'],['O' 'O' 'O' 'B-' 'O' 'O'],
1682,3C_17,sensazione,concessione,libertà,concessione,1682_3C_17,['sensazione' 'libertà' 'concessione'],['sensazione' 'libertà'],['B-' 'B-' 'O'],
1315,5B_13,"emozione, sentimento",felicità,gioia,"sentimento, felicità",1315_5B_13,['emozione' 'sentimento' 'gioia' 'felicità'],['emozione' 'gioia'],['B-' 'O' 'B-' 'O'],
2739,1G_11,spreco,"anno, mese, settimane, giorno, ora, minuto, secondo",tempo,"spreco, mese, settimane, giorno, ora, minuto, secondo",2739_1G_11,"['spreco' 'tempo' 'anno' 'mese' 'settimane' 'giorno' 'ora' 'minuto'
 'secondo']",['tempo' 'anno'],['O' 'B-' 'B-' 'O' 'O' 'O' 'O' 'O' 'O'],
1291,3C_14,"sentimento, emozione","sole, lacrime",gioia,"emozione, sole, lacrime",1291_3C_14,['sentimento' 'emozione' 'gioia' 'sole' 'lacrime'],['sentimento' 'gioia'],['B-' 'O' 'B-' 'O' 'O'],
1076,3B_19,"gioco, divertimento, passatempo","altalena, scivolo",giocattolo,"divertimento, passatempo, scivolo",1076_3B_19,['gioco' 'divertimento' 'passatempo' 'giocattolo' 'altalena' 'scivolo'],['gioco' 'giocattolo' 'altalena'],['B-' 'O' 'O' 'B-' 'B-' 'O'],
819,2E_14,concezione,"giorno, ore, minuto, secondo",tempo,"ore, minuto, secondo",819_2E_14,['concezione' 'tempo' 'giorno' 'ore' 'minuto' 'secondo'],['concezione' 'tempo' 'giorno'],['B-' 'B-' 'B-' 'O' 'O' 'O'],
166,1G_13,"emozione, cosa spontanea",verso qualcuno,rabbia,cosa spontanea,166_1G_13,['emozione' 'cosa spontanea' 'rabbia' 'verso qualcuno'],['emozione' 'rabbia' 'verso qualcuno'],['B-' 'O' 'B-' 'B-'],
1947,2F_6,mestiere,aiutanti,badante,aiutanti,1947_2F_6,['mestiere' 'badante' 'aiutanti'],['mestiere' 'badante'],['B-' 'B-' 'O'],
1762,1D_5,"umano, essere vivente",persona,medico,persona,1762_1D_5,['umano' 'essere vivente' 'medico' 'persona'],['umano' 'essere vivente' 'medico'],['B-' 'B-' 'B-' 'O'],
1273,3B_21,"sentimento, emozione",,gioia,emozione,1273_3B_21,['sentimento' 'emozione' 'gioia'],['sentimento' 'gioia'],['B-' 'O' 'B-'],
838,2E_26,"animale, essere vivente",pony,cavallo,,838_2E_26,['animale' 'essere vivente' 'cavallo' 'pony'],['animale' 'essere vivente' 'cavallo' 'pony'],['B-' 'B-' 'B-' 'B-'],
1760,5D_16,entità,,sogno,,1760_5D_16,['entità' 'sogno'],['entità' 'sogno'],['B-' 'B-'],
270,1G_22,raccoglitore naturale presente in ogni entità pluricellulare utilizzata per pensare,mente aperta,mente,raccoglitore naturale presente in ogni entità pluricellulare utilizzata per pensare,270_1G_22,"['raccoglitore naturale presente in ogni entità pluricellulare utilizzata per pensare'
 'mente' 'mente aperta']",['mente' 'mente aperta'],['O' 'B-' 'B-'],
263,2E_8,"mamma, posto","camion, portare",autista,"mamma, posto, portare",263_2E_8,['mamma' 'posto' 'autista' 'camion' 'portare'],['autista' 'camion'],['O' 'O' 'B-' 'B-' 'O'],
2210,2F_25,"emozione negativa, sentimento",,rabbia,sentimento,2210_2F_25,['emozione negativa' 'sentimento' 'rabbia'],['emozione negativa' 'rabbia'],['B-' 'O' 'B-'],
1350,1D_9,"logica, cosa astratta",,mente,logica,1350_1D_9,['logica' 'cosa astratta' 'mente'],['cosa astratta' 'mente'],['O' 'B-' 'B-'],
684,2E_5,"animale, mammifero, essere vivente, entità",pony,cavallo,mammifero,684_2E_5,['animale' 'mammifero' 'essere vivente' 'entità' 'cavallo' 'pony'],['animale' 'essere vivente' 'entità' 'cavallo' 'pony'],['B-' 'O' 'B-' 'B-' 'B-' 'B-'],
1530,5D_13,"lavoro, dovere",matematica,insegnante,,1530_5D_13,['lavoro' 'dovere' 'insegnante' 'matematica'],['lavoro' 'dovere' 'insegnante' 'matematica'],['B-' 'B-' 'B-' 'B-'],
491,5B_13,"emozione, sensazione","gioioso, bambina che salta di gioia",gioia,"gioioso, bambina che salta di gioia",491_5B_13,['emozione' 'sensazione' 'gioia' 'gioioso' 'bambina che salta di gioia'],['emozione' 'sensazione' 'gioia'],['B-' 'B-' 'B-' 'O' 'O'],
1939,2F_6,diritto,opinioni,libertà,,1939_2F_6,['diritto' 'libertà' 'opinioni'],['diritto' 'libertà' 'opinioni'],['B-' 'B-' 'B-'],
55,1G_5,"dolce, cibo, nutrimento, alimento, entità",tiramisù,torta,alimento,55_1G_5,['dolce' 'cibo' 'nutrimento' 'alimento' 'entità' 'torta' 'tiramisù'],['dolce' 'cibo' 'nutrimento' 'entità' 'torta' 'tiramisù'],['B-' 'B-' 'B-' 'O' 'B-' 'B-' 'B-'],
1587,5D_2,"vertebrato, erbivoro, animale","bianco, unicorno, pony",cavallo,"vertebrato, unicorno",1587_5D_2,['vertebrato' 'erbivoro' 'animale' 'cavallo' 'bianco' 'unicorno' 'pony'],['erbivoro' 'animale' 'cavallo' 'bianco' 'pony'],['O' 'B-' 'B-' 'B-' 'B-' 'O' 'B-'],
514,3C_12,"veloce, strada, parcheggio, mezzo di trasporto, treno","bmv, decappottabile, cruise",automobile,"veloce, strada, parcheggio, treno, cruise",514_3C_12,"['veloce' 'strada' 'parcheggio' 'mezzo di trasporto' 'treno' 'automobile'
 'bmv' 'decappottabile' 'cruise']",['mezzo di trasporto' 'automobile' 'bmv' 'decappottabile'],['O' 'O' 'O' 'B-' 'O' 'B-' 'B-' 'B-' 'O'],
544,5B_17,"dolce, cibo","torta al cioccolato, tenerina",torta,,544_5B_17,['dolce' 'cibo' 'torta' 'torta al cioccolato' 'tenerina'],['dolce' 'cibo' 'torta' 'torta al cioccolato' 'tenerina'],['B-' 'B-' 'B-' 'B-' 'B-'],
1152,5D_22,"oggetto, fonte di divertimento, per bambini","barbie, peluche, lego",giocattolo,"fonte di divertimento, per bambini, peluche, lego",1152_5D_22,"['oggetto' 'fonte di divertimento' 'fonte di divertimento per bambini'
 'giocattolo' 'barbie' 'peluche' 'lego']",['oggetto' 'giocattolo' 'barbie'],['B-' 'O' 'O' 'B-' 'B-' 'O' 'O'],per bambini|||fonte di divertimento per bambini___
973,1D_14,cosa,"lego, macchinine, peluche",giocattolo,"macchinine, peluche",973_1D_14,['cosa' 'giocattolo' 'lego' 'macchinine' 'peluche'],['cosa' 'giocattolo' 'lego'],['B-' 'B-' 'B-' 'O' 'O'],
1343,5D_2,sentimento,"affetto, amore",gioia,"affetto, amore",1343_5D_2,['sentimento' 'gioia' 'affetto' 'amore'],['sentimento' 'gioia'],['B-' 'B-' 'O' 'O'],
975,1D_16,"passatempo, oggetto","lego, macchinina telecomandata",giocattolo,"passatempo, macchinina telecomandata",975_1D_16,['passatempo' 'oggetto' 'giocattolo' 'lego' 'macchinina telecomandata'],['oggetto' 'giocattolo' 'lego'],['O' 'B-' 'B-' 'B-' 'O'],
405,1D_5,"mezzo di trasporto, veicolo, motore","macchina, audi",automobile,"veicolo, motore, macchina",405_1D_5,['mezzo di trasporto' 'veicolo' 'motore' 'automobile' 'macchina' 'audi'],['mezzo di trasporto' 'automobile' 'audi'],['B-' 'O' 'O' 'B-' 'O' 'B-'],
3027,3B_6,"dolce, alimento, cibo, energia",tenerina,torta,,3027_3B_6,['dolce' 'alimento' 'cibo' 'energia' 'torta' 'tenerina'],['dolce' 'alimento' 'cibo' 'energia' 'torta' 'tenerina'],['B-' 'B-' 'B-' 'B-' 'B-' 'B-'],
197,1G_18,"passatempo, oggetto, entità","bambola, barbie, barbie veterinaria",giocattolo,passatempo,197_1G_18,"['passatempo' 'oggetto' 'entità' 'giocattolo' 'bambola' 'barbie'
 'barbie veterinaria']",['oggetto' 'entità' 'giocattolo' 'bambola' 'barbie' 'barbie veterinaria'],['O' 'B-' 'B-' 'B-' 'B-' 'B-' 'B-'],
1034,3C_2,"mezzo di trasporto con propulsione a motore a scoppio, mezzo di trasporto, insieme di parti meccaniche, insieme di materiali, composizione di molecole, insieme di atomi","ford mustang, ford mustang shelby, ford mustang shelby gt 500",automobile,"mezzo di trasporto con propulsione a motore a scoppio, insieme di parti meccaniche, insieme di materiali, composizione di molecole, insieme di atomi",1034_3C_2,"['mezzo di trasporto con propulsione a motore a scoppio'
 'mezzo di trasporto' 'insieme di parti meccaniche' 'insieme di materiali'
 'composizione di molecole' 'insieme di atomi' 'automobile' 'ford mustang'
 'ford mustang shelby' 'ford mustang shelby gt 500']","['mezzo di trasporto' 'automobile' 'ford mustang' 'ford mustang shelby'
 'ford mustang shelby gt 500']",['O' 'B-' 'O' 'O' 'O' 'O' 'B-' 'B-' 'B-' 'B-'],
1409,1D_13,libertà di vivere,libertà di voto,libertà,libertà di vivere,1409_1D_13,['libertà di vivere' 'libertà' 'libertà di voto'],['libertà' 'libertà di voto'],['O' 'B-' 'B-'],
2821,3B_18,,presente,tempo,,2821_3B_18,[' tempo' 'presente'],[' tempo' 'presente'],['B-' 'B-'],
1124,3C_8,"parola, insieme di lettere, un insieme di consonanti, segni grafici",libertà vigilata,libertà,"parola, insieme di lettere, un insieme di consonanti, segni grafici",1124_3C_8,"['parola' 'insieme di lettere' 'un insieme di consonanti' 'segni grafici'
 'libertà' 'libertà vigilata']",['libertà' 'libertà vigilata'],['O' 'O' 'O' 'O' 'B-' 'B-'],
1211,3C_13,"sentimento, allusione, concetto astratto",terrore,paura,allusione,1211_3C_13,['sentimento' 'allusione' 'concetto astratto' 'paura' 'terrore'],['sentimento' 'concetto astratto' 'paura' 'terrore'],['B-' 'O' 'B-' 'B-' 'B-'],
1930,5D_24,"mestiere, persona, essere umano",,medico,"persona, essere umano",1930_5D_24,['mestiere' 'persona' 'essere umano' 'medico'],['mestiere' 'medico'],['B-' 'O' 'O' 'B-'],
553,5B_7,"mezzo, strumento, oggetto, cosa, materia","lamborghini, lamborghini urus",automobile,,553_5B_7,"['mezzo' 'strumento' 'oggetto' 'cosa' 'materia' 'automobile' 'lamborghini'
 'lamborghini urus']","['mezzo' 'strumento' 'oggetto' 'cosa' 'materia' 'automobile' 'lamborghini'
 'lamborghini urus']",['B-' 'B-' 'B-' 'B-' 'B-' 'B-' 'B-' 'B-'],
2444,3B_4,emozione,,rabbia,,2444_3B_4,['emozione' 'rabbia'],['emozione' 'rabbia'],['B-' 'B-'],
512,5B_15,"emozione, sentimento, modo di essere, entità",furia,rabbia,"sentimento, modo di essere",512_5B_15,['emozione' 'sentimento' 'modo di essere' 'entità' 'rabbia' 'furia'],['emozione' 'entità' 'rabbia' 'furia'],['B-' 'O' 'O' 'B-' 'B-' 'B-'],
619,2E_1,"mammifero, entità, eucariote","bianco, marrone",cavallo,"eucariote, marrone",619_2E_1,['mammifero' 'entità' 'eucariote' 'cavallo' 'bianco' 'marrone'],['mammifero' 'entità' 'cavallo' 'bianco'],['B-' 'B-' 'O' 'B-' 'B-' 'O'],
2343,1D_4,,"emozione, infuriato",rabbia,"emozione, infuriato",2343_1D_4,[' rabbia' 'emozione' 'infuriato'],[' rabbia'],['B-' 'O' 'O'],
2899,5D_24,,futuro,tempo,,2899_5D_24,[' tempo' 'futuro'],[' tempo' 'futuro'],['B-' 'B-'],
1995,2E_2,"domande, preoccupazioni, pensiero, cervello",pensierosa,mente,"domande, preoccupazioni, pensiero, cervello",1995_2E_2,['domande' 'preoccupazioni' 'pensiero' 'cervello' 'mente' 'pensierosa'],['mente' 'pensierosa'],['O' 'O' 'O' 'O' 'B-' 'B-'],
2034,2F_8,"cervello, testa",,mente,"cervello, testa",2034_2F_8,['cervello' 'testa' 'mente'],['mente'],['O' 'O' 'B-'],
787,2E_12,"anni, decenni, secoli, millenni, bienni","mesi, settimane, giorni, ore, secondi, centesimi, millesimi",tempo,"anni, decenni, secoli, millenni, bienni, settimane, giorni, ore, secondi, centesimi, millesimi",787_2E_12,"['anni' 'decenni' 'secoli' 'millenni' 'bienni' 'tempo' 'mesi' 'settimane'
 'giorni' 'ore' 'secondi' 'centesimi' 'millesimi']",['tempo' 'mesi'],['O' 'O' 'O' 'O' 'O' 'B-' 'B-' 'O' 'O' 'O' 'O' 'O' 'O'],
1422,2E_4,lavoro,matematica,insegnante,,1422_2E_4,['lavoro' 'insegnante' 'matematica'],['lavoro' 'insegnante' 'matematica'],['B-' 'B-' 'B-'],
1937,2F_6,affetto,brutto,rabbia,"affetto, brutto",1937_2F_6,['affetto' 'rabbia' 'brutto'],['rabbia'],['O' 'B-' 'O'],
875,3B_12,"ostacoli, sella","mammifero, essere vivente, animale",cavallo,"ostacoli, sella, mammifero, essere vivente, animale",875_3B_12,['ostacoli' 'sella' 'cavallo' 'mammifero' 'essere vivente' 'animale'],['cavallo'],['O' 'O' 'B-' 'O' 'O' 'O'],
587,1D_16,professione,babysitter,badante,babysitter,587_1D_16,['professione' 'badante' 'babysitter'],['professione' 'badante'],['B-' 'B-' 'O'],
2173,1G_5,,,paura,,2173_1G_5,[' paura'],[' paura'],['B-'],
91,1G_7,"veicolo, mezzo di trasporto","moto, macchina, bici",automobile,"moto, macchina, bici",91_1G_7,['veicolo' 'mezzo di trasporto' 'automobile' 'moto' 'macchina' 'bici'],['veicolo' 'mezzo di trasporto' 'automobile'],['B-' 'B-' 'B-' 'O' 'O' 'O'],
1923,5D_18,"persona, lavoro, dovere",,medico,"lavoro, dovere",1923_5D_18,['persona' 'lavoro' 'dovere' 'medico'],['persona' 'medico'],['B-' 'O' 'O' 'B-'],
1792,5D_18,"oggetto, cosa, materia, entità","lego, mattoncini",giocattolo,mattoncini,1792_5D_18,['oggetto' 'cosa' 'materia' 'entità' 'giocattolo' 'lego' 'mattoncini'],['oggetto' 'cosa' 'materia' 'entità' 'giocattolo' 'lego'],['B-' 'B-' 'B-' 'B-' 'B-' 'B-' 'O'],
1202,3C_13,"mestiere, lavoro, impiego, impegno",della casa di riposo,badante,impiego,1202_3C_13,"['mestiere' 'lavoro' 'impiego' 'impegno' 'badante'
 'badante della casa di riposo']",['mestiere' 'lavoro' 'impegno' 'badante' 'badante della casa di riposo'],['B-' 'B-' 'O' 'B-' 'B-' 'B-'],della casa di riposo|||badante della casa di riposo___
1589,5D_2,"emozione, entità","dei mostri, del buio",paura,del buio,1589_5D_2,['emozione' 'entità' 'paura' 'dei mostri' 'dei mostri del buio'],['emozione' 'entità' 'paura' 'dei mostri'],['B-' 'B-' 'B-' 'B-' 'O'],del buio|||dei mostri del buio___
894,3B_6,"mammifero, animale, essere vivente, forma di vita, organismo",pony,cavallo,organismo,894_3B_6,"['mammifero' 'animale' 'essere vivente' 'forma di vita' 'organismo'
 'cavallo' 'pony']",['mammifero' 'animale' 'essere vivente' 'forma di vita' 'cavallo' 'pony'],['B-' 'B-' 'B-' 'B-' 'O' 'B-' 'B-'],
1725,5D_13,"persona, mammifero, essere vivente","storia, romana, imperiale",insegnante,,1725_5D_13,"['persona' 'mammifero' 'essere vivente' 'insegnante' 'storia' 'romana'
 'imperiale']","['persona' 'mammifero' 'essere vivente' 'insegnante' 'storia' 'romana'
 'imperiale']",['B-' 'B-' 'B-' 'B-' 'B-' 'B-' 'B-'],
2058,3B_6,,,mente,,2058_3B_6,[' mente'],[' mente'],['B-'],
1264,1D_4,"lavoro, persona, essere vivente, cellule, atomi, entità",pulizie,badante,"persona, essere vivente, cellule, atomi, pulizie",1264_1D_4,"['lavoro' 'persona' 'essere vivente' 'cellule' 'atomi' 'entità' 'badante'
 'pulizie']",['lavoro' 'entità' 'badante'],['B-' 'O' 'O' 'O' 'O' 'B-' 'B-' 'O'],
530,5B_16,"mammifero, animale, essere vivente, organismo, concetto concreto, entità",puledro,cavallo,,530_5B_16,"['mammifero' 'animale' 'essere vivente' 'organismo' 'concetto concreto'
 'entità' 'cavallo' 'puledro']","['mammifero' 'animale' 'essere vivente' 'organismo' 'concetto concreto'
 'entità' 'cavallo' 'puledro']",['B-' 'B-' 'B-' 'B-' 'B-' 'B-' 'B-' 'B-'],
3019,3B_22,"cibo, alimento, risorsa, energia",cheesecake,torta,energia,3019_3B_22,['cibo' 'alimento' 'risorsa' 'energia' 'torta' 'cheesecake'],['cibo' 'alimento' 'risorsa' 'torta' 'cheesecake'],['B-' 'B-' 'B-' 'O' 'B-' 'B-'],
224,1G_20,"cosa, oggetto, entità, cosa presente sulla terra","macchinina, macchinina telecomandata, macchinina telecomandata che impenna",giocattolo,"oggetto, cosa presente sulla terra",224_1G_20,"['cosa' 'oggetto' 'entità' 'cosa presente sulla terra' 'giocattolo'
 'macchinina' 'macchinina telecomandata'
 'macchinina telecomandata che impenna']","['cosa' 'entità' 'giocattolo' 'macchinina' 'macchinina telecomandata'
 'macchinina telecomandata che impenna']",['B-' 'O' 'B-' 'O' 'B-' 'B-' 'B-' 'B-'],
2792,2F_15,"minuto, misura di tempo",,tempo,minuto,2792_2F_15,['minuto' 'misura di tempo' 'tempo'],['misura di tempo' 'tempo'],['O' 'B-' 'B-'],
1058,2F_26,"plastica, cotone, stoffa","orsetto, bambola",giocattolo,"plastica, cotone, stoffa, bambola",1058_2F_26,['plastica' 'cotone' 'stoffa' 'giocattolo' 'orsetto' 'bambola'],['giocattolo' 'orsetto'],['O' 'O' 'O' 'B-' 'B-' 'O'],
64,2E_26,,,affetto,,64_2E_26,[' affetto'],[' affetto'],['B-'],
43,1G_7,"sentimento, emozione",amore,affetto,emozione,43_1G_7,['sentimento' 'emozione' 'affetto' 'amore'],['sentimento' 'affetto' 'amore'],['B-' 'O' 'B-' 'B-'],
241,2E_11,"persona, essere vivente, mammifero",guida,autista,"mammifero, guida",241_2E_11,['persona' 'essere vivente' 'mammifero' 'autista' 'guida'],['persona' 'essere vivente' 'autista'],['B-' 'B-' 'O' 'B-' 'O'],
1871,3C_12,,"neurochirurgo, chirurgo, neonatale",medico,chirurgo,1871_3C_12,[' medico' 'neurochirurgo' 'chirurgo' 'neonatale'],[' medico' 'neurochirurgo' 'neonatale'],['B-' 'B-' 'O' 'B-'],
940,2E_21,"modo di essere, entità","di culto, di culto musulmano",libertà,,940_2E_21,"['modo di essere' 'entità' 'libertà' 'libertà di culto'
 'libertà di culto musulmano']","['modo di essere' 'entità' 'libertà' 'libertà di culto'
 'libertà di culto musulmano']",['B-' 'B-' 'B-' 'B-' 'B-'],di culto|||libertà di culto___di culto musulmano|||libertà di culto musulmano___
1280,3B_4,emozione,,gioia,,1280_3B_4,['emozione' 'gioia'],['emozione' 'gioia'],['B-' 'B-'],
2062,2F_15,"persona, essere vivente","chirurgo, neurochirurgo",medico,,2062_2F_15,['persona' 'essere vivente' 'medico' 'chirurgo' 'neurochirurgo'],['persona' 'essere vivente' 'medico' 'chirurgo' 'neurochirurgo'],['B-' 'B-' 'B-' 'B-' 'B-'],
2039,2F_13,"alimento, nutrimento, cibo, dolce, entità","al cioccolato, alla fragola, alla panna",torta,"cibo, dolce, alla fragola, alla panna",2039_2F_13,"['alimento' 'nutrimento' 'cibo' 'dolce' 'entità' 'torta' 'al cioccolato'
 'al cioccolato alla fragola' 'al cioccolato alla panna']",['alimento' 'nutrimento' 'entità' 'torta' 'al cioccolato'],['B-' 'B-' 'O' 'O' 'B-' 'B-' 'B-' 'O' 'O'],alla fragola|||al cioccolato alla fragola___alla panna|||al cioccolato alla panna___
1619,2E_7,diritto,,libertà,,1619_2E_7,['diritto' 'libertà'],['diritto' 'libertà'],['B-' 'B-'],
2534,1D_22,immaginazione,incubo,sogno,,2534_1D_22,['immaginazione' 'sogno' 'incubo'],['immaginazione' 'sogno' 'incubo'],['B-' 'B-' 'B-'],
2412,3C_23,"animale, essere vivente, organismo",,cavallo,organismo,2412_3C_23,['animale' 'essere vivente' 'organismo' 'cavallo'],['animale' 'essere vivente' 'cavallo'],['B-' 'B-' 'O' 'B-'],
574,5B_18,"cosa bella, cosa",sogno bello,sogno,"cosa bella, cosa",574_5B_18,['cosa bella' 'cosa' 'sogno' 'sogno bello'],['sogno' 'sogno bello'],['O' 'O' 'B-' 'B-'],
472,5B_12,"misura, cosa astratta",tempo futuro,tempo,,472_5B_12,['misura' 'cosa astratta' 'tempo' 'tempo futuro'],['misura' 'cosa astratta' 'tempo' 'tempo futuro'],['B-' 'B-' 'B-' 'B-'],
1343,1D_9,"emozione, sentimento",di vincere,gioia,sentimento,1343_1D_9,['emozione' 'sentimento' 'gioia' 'gioia di vincere'],['emozione' 'gioia' 'gioia di vincere'],['B-' 'O' 'B-' 'B-'],di vincere|||gioia di vincere___
2273,3C_25,emozione,,paura,,2273_3C_25,['emozione' 'paura'],['emozione' 'paura'],['B-' 'B-'],
2708,5D_4,illusione mentre dormi,altro mondo in cui entri quando dormi,sogno,"illusione mentre dormi, altro mondo in cui entri quando dormi",2708_5D_4,['illusione mentre dormi' 'sogno' 'altro mondo in cui entri quando dormi'],['sogno'],['O' 'B-' 'O'],
1512,5B_16,"persona, essere terrestre, essere vivente","maestra, maestra di matematica, oriana",insegnante,,1512_5B_16,"['persona' 'essere terrestre' 'essere vivente' 'insegnante' 'maestra'
 'maestra di matematica' 'oriana']","['persona' 'essere terrestre' 'essere vivente' 'insegnante' 'maestra'
 'maestra di matematica' 'oriana']",['B-' 'B-' 'B-' 'B-' 'B-' 'B-' 'B-'],
1473,3B_3,"lavoro, mestiere, professoressa, persona, umano, essere vivente",,insegnante,"mestiere, professoressa, persona, umano, essere vivente",1473_3B_3,"['lavoro' 'mestiere' 'professoressa' 'persona' 'umano' 'essere vivente'
 'insegnante']",['lavoro' 'insegnante'],['B-' 'O' 'O' 'O' 'O' 'O' 'B-'],
119,3B_5,emozione,amore,affetto,,119_3B_5,['emozione' 'affetto' 'amore'],['emozione' 'affetto' 'amore'],['B-' 'B-' 'B-'],
436,2E_12,"mezzo di trasporto, oggetto","rossa, ferrari",automobile,,436_2E_12,['mezzo di trasporto' 'oggetto' 'automobile' 'rossa' 'ferrari'],['mezzo di trasporto' 'oggetto' 'automobile' 'rossa' 'ferrari'],['B-' 'B-' 'B-' 'B-' 'B-'],
1707,5B_17,,felicità,libertà,felicità,1707_5B_17,[' libertà' 'felicità'],[' libertà'],['B-' 'O'],
1197,3C_12,sentimento,reciproco,affetto,,1197_3C_12,['sentimento' 'affetto' 'reciproco'],['sentimento' 'affetto' 'reciproco'],['B-' 'B-' 'B-'],
824,2E_13,"mammifero, animale, essere vivente",bianco,cavallo,,824_2E_13,['mammifero' 'animale' 'essere vivente' 'cavallo' 'bianco'],['mammifero' 'animale' 'essere vivente' 'cavallo' 'bianco'],['B-' 'B-' 'B-' 'B-' 'B-'],
924,2E_20,,persona che torna,torta,persona che torna,924_2E_20,[' torta' 'persona che torna'],[' torta'],['B-' 'O'],
2925,1D_5,"cibo, alimento, farina, zucchero, uova, lievito","cheesecake, dolce",torta,"farina, zucchero, uova, lievito, dolce",2925_1D_5,"['cibo' 'alimento' 'farina' 'zucchero' 'uova' 'lievito' 'torta'
 'cheesecake' 'dolce']",['cibo' 'alimento' 'torta' 'cheesecake'],['B-' 'B-' 'O' 'O' 'O' 'O' 'B-' 'B-' 'O'],
246,1G_21,"taxista, lavoro","taxi, macchina gialla",autista,taxista,246_1G_21,['taxista' 'lavoro' 'autista' 'taxi' 'macchina gialla'],['lavoro' 'autista' 'taxi' 'macchina gialla'],['O' 'B-' 'B-' 'B-' 'B-'],
1897,2F_3,"felicità, emozione, stato",,gioia,"felicità, stato",1897_2F_3,['felicità' 'emozione' 'stato' 'gioia'],['emozione' 'gioia'],['O' 'B-' 'O' 'B-'],
1829,2F_21,"persona, ambulanza, cura",,medico,"ambulanza, cura",1829_2F_21,['persona' 'ambulanza' 'cura' 'medico'],['persona' 'medico'],['B-' 'O' 'O' 'B-'],
1521,5B_5,"lavoro, maestra, persona, essere vivente",scientifica,insegnante,"maestra, persona, essere vivente",1521_5B_5,['lavoro' 'maestra' 'persona' 'essere vivente' 'insegnante' 'scientifica'],['lavoro' 'insegnante' 'scientifica'],['B-' 'O' 'O' 'O' 'B-' 'B-'],
87,2F_23,"gesto, movimento",abbraccio,affetto,"gesto, movimento, abbraccio",87_2F_23,['gesto' 'movimento' 'affetto' 'abbraccio'],['affetto'],['O' 'O' 'B-' 'O'],
524,3C_21,mezzo di trasporto,panda,automobile,,524_3C_21,['mezzo di trasporto' 'automobile' 'panda'],['mezzo di trasporto' 'automobile' 'panda'],['B-' 'B-' 'B-'],
2293,5B_20,emozione,ansia,paura,ansia,2293_5B_20,['emozione' 'paura' 'ansia'],['emozione' 'paura'],['B-' 'B-' 'O'],
1964,2F_7,"dolce, cibo","cioccolato, vaniglia, lampone",torta,"vaniglia, lampone",1964_2F_7,['dolce' 'cibo' 'torta' 'cioccolato' 'vaniglia' 'lampone'],['dolce' 'cibo' 'torta' 'cioccolato'],['B-' 'B-' 'B-' 'B-' 'O' 'O'],
934,2E_21,"unità di misura temporale, misurazione temporale, entità","ore, minuti, secondi ",tempo,"minuti, secondi",934_2E_21,"['unità di misura temporale' 'misurazione temporale' 'entità' 'tempo'
 'ore' 'minuti' 'secondi']","['unità di misura temporale' 'misurazione temporale' 'entità' 'tempo'
 'ore']",['B-' 'B-' 'B-' 'B-' 'B-' 'O' 'O'],
1099,3C_6,"momento, mezzo per misurare l'orario, cosa astratta","di fare qualcosa, ore, anni",tempo,"momento, di fare qualcosa, anni",1099_3C_6,"['momento' ""mezzo per misurare l'orario"" 'cosa astratta' 'tempo'
 'tempo di fare qualcosa' 'ore' 'anni']","[""mezzo per misurare l'orario"" 'cosa astratta' 'tempo' 'ore']",['O' 'B-' 'B-' 'B-' 'O' 'B-' 'O'],di fare qualcosa|||tempo di fare qualcosa___
1213,2E_14,"felicità, svago, piacere, svago","divertimento, gioco, gioco elettronico",gioia,"felicità, svago, piacere, svago, divertimento, gioco, gioco elettronico",1213_2E_14,"['felicità' 'svago' 'piacere' 'svago' 'gioia' 'divertimento' 'gioco'
 'gioco elettronico']",['gioia'],['O' 'O' 'O' 'O' 'B-' 'O' 'O' 'O'],
114,1G_9,lavoro,di matematica,insegnante,,114_1G_9,['lavoro' 'insegnante' 'insegnante di matematica'],['lavoro' 'insegnante' 'insegnante di matematica'],['B-' 'B-' 'B-'],di matematica|||insegnante di matematica___
370,5D_16,"mestiere, persona, essere vivente",,autista,"persona, essere vivente",370_5D_16,['mestiere' 'persona' 'essere vivente' 'autista'],['mestiere' 'autista'],['B-' 'O' 'O' 'B-'],
620,2E_1,macchina,"toyota supra, audi, porsche",automobile,"macchina, audi, porsche",620_2E_1,['macchina' 'automobile' 'toyota supra' 'audi' 'porsche'],['automobile' 'toyota supra'],['O' 'B-' 'B-' 'O' 'O'],
1691,3C_25,giocare,,libertà,giocare,1691_3C_25,['giocare' 'libertà'],['libertà'],['O' 'B-'],
2187,2E_18,emozione,"palloncini, rumore",paura,"palloncini, rumore",2187_2E_18,['emozione' 'paura' 'palloncini' 'rumore'],['emozione' 'paura'],['B-' 'B-' 'O' 'O'],
1892,2F_3,"guidatore, lavoro, persona, essere vivente, entità",taxista,autista,"persona, essere vivente",1892_2F_3,"['guidatore' 'lavoro' 'persona' 'essere vivente' 'entità' 'autista'
 'taxista']",['guidatore' 'lavoro' 'entità' 'autista' 'taxista'],['B-' 'B-' 'O' 'O' 'B-' 'B-' 'B-'],
1681,3C_16,diritto,"non la scuola, sessuale di genere, di opinione",libertà,"non la scuola, di opinione",1681_3C_16,"['diritto' 'libertà' 'non la scuola' 'sessuale di genere'
 'sessuale di genere di opinione']",['diritto' 'libertà' 'sessuale di genere'],['B-' 'B-' 'O' 'B-' 'O'],di opinione|||sessuale di genere di opinione___
516,5B_15,"modo di essere, entità","libertà dalla guerra, libertà dalla guerra civile",libertà,entità,516_5B_15,"['modo di essere' 'entità' 'libertà' 'libertà dalla guerra'
 'libertà dalla guerra civile']","['modo di essere' 'libertà' 'libertà dalla guerra'
 'libertà dalla guerra civile']",['B-' 'O' 'B-' 'B-' 'B-'],
962,5D_4,"animale, mammifero, essere vivente","equino, erbivoro",cavallo,"mammifero, equino, erbivoro",962_5D_4,['animale' 'mammifero' 'essere vivente' 'cavallo' 'equino' 'erbivoro'],['animale' 'essere vivente' 'cavallo'],['B-' 'O' 'B-' 'B-' 'O' 'O'],
1772,1G_14,"laureato, persona, essere vivente",cardiologo,medico,,1772_1G_14,['laureato' 'persona' 'essere vivente' 'medico' 'cardiologo'],['laureato' 'persona' 'essere vivente' 'medico' 'cardiologo'],['B-' 'B-' 'B-' 'B-' 'B-'],
921,2E_20,emozione,,sogno,emozione,921_2E_20,['emozione' 'sogno'],['sogno'],['O' 'B-'],
1243,1D_2,nome,"alberto, gianpaolo, paolo",gioia,"alberto, gianpaolo, paolo",1243_1D_2,['nome' 'gioia' 'alberto' 'gianpaolo' 'paolo'],['nome' 'gioia'],['B-' 'B-' 'O' 'O' 'O'],
2797,2F_2,misura,"passato, presente, futuro",tempo,"presente, futuro",2797_2F_2,['misura' 'tempo' 'passato' 'presente' 'futuro'],['misura' 'tempo' 'passato'],['B-' 'B-' 'B-' 'O' 'O'],
2429,3C_24,"sentimento, emozione",abbraccio,affetto,"emozione, abbraccio",2429_3C_24,['sentimento' 'emozione' 'affetto' 'abbraccio'],['sentimento' 'affetto'],['B-' 'O' 'B-' 'O'],
487,3B_11,"pezzo di lattame, pezzo di ferro, macchina, auto","mercedes, bmw, audi",automobile,"pezzo di lattame, pezzo di ferro, macchina, auto, bmw, audi",487_3B_11,"['pezzo di lattame' 'pezzo di ferro' 'macchina' 'auto' 'automobile'
 'mercedes' 'bmw' 'audi']",['automobile' 'mercedes'],['O' 'O' 'O' 'O' 'B-' 'B-' 'O' 'O'],
2403,2F_14,emozione,litigio,rabbia,litigio,2403_2F_14,['emozione' 'rabbia' 'litigio'],['emozione' 'rabbia'],['B-' 'B-' 'O'],
413,1G_12,"oggetto, materiale, oggetto che si usa","mobile, mezzo di trasporto",automobile,"materiale, oggetto che si usa, mobile, mezzo di trasporto",413_1G_12,"['oggetto' 'materiale' 'oggetto che si usa' 'automobile' 'mobile'
 'mezzo di trasporto']",['oggetto' 'automobile'],['B-' 'O' 'O' 'B-' 'O' 'O'],
236,1G_7,persona,"taxi, nave",autista,nave,236_1G_7,['persona' 'autista' 'taxi' 'nave'],['persona' 'autista' 'taxi'],['B-' 'B-' 'B-' 'O'],
607,2E_1,persona,taxi,autista,,607_2E_1,['persona' 'autista' 'taxi'],['persona' 'autista' 'taxi'],['B-' 'B-' 'B-'],
338,3C_6,"lavoro, mestiere",,autista,mestiere,338_3C_6,['lavoro' 'mestiere' 'autista'],['lavoro' 'autista'],['B-' 'O' 'B-'],
677,2E_5,"sentimento, emozione, entità",felicità,gioia,"emozione, felicità",677_2E_5,['sentimento' 'emozione' 'entità' 'gioia' 'felicità'],['sentimento' 'entità' 'gioia'],['B-' 'O' 'B-' 'B-' 'O'],
53,2E_16,"emozione, sentimento",per la mamma,affetto,sentimento,53_2E_16,['emozione' 'sentimento' 'affetto' 'affetto per la mamma'],['emozione' 'affetto' 'affetto per la mamma'],['B-' 'O' 'B-' 'B-'],per la mamma|||affetto per la mamma___
1647,2F_9,sensazione,,libertà,,1647_2F_9,['sensazione' 'libertà'],['sensazione' 'libertà'],['B-' 'B-'],
2211,2F_25,"lavoro, persona, entità",,badante,persona,2211_2F_25,['lavoro' 'persona' 'entità' 'badante'],['lavoro' 'entità' 'badante'],['B-' 'O' 'B-' 'B-'],
2281,5B_1,"emozione, espressione",,paura,,2281_5B_1,['emozione' 'espressione' 'paura'],['emozione' 'espressione' 'paura'],['B-' 'B-' 'B-'],
1902,2F_4,"persona, mammifero, essere vivente, entità","tassista, tassista regionale",autista,,1902_2F_4,"['persona' 'mammifero' 'essere vivente' 'entità' 'autista' 'tassista'
 'tassista regionale']","['persona' 'mammifero' 'essere vivente' 'entità' 'autista' 'tassista'
 'tassista regionale']",['B-' 'B-' 'B-' 'B-' 'B-' 'B-' 'B-'],
432,5B_10,"quadrupede, mammifero, animale, essere vivente, organismo, entità","puledro, puledro inglese",cavallo,organismo,432_5B_10,"['quadrupede' 'mammifero' 'animale' 'essere vivente' 'organismo' 'entità'
 'cavallo' 'puledro' 'puledro inglese']","['quadrupede' 'mammifero' 'animale' 'essere vivente' 'entità' 'cavallo'
 'puledro' 'puledro inglese']",['B-' 'B-' 'B-' 'B-' 'O' 'B-' 'B-' 'B-' 'B-'],
644,2E_3,,di parola,libertà,,644_2E_3,[' libertà' ' libertà di parola'],[' libertà' ' libertà di parola'],['B-' 'B-'],di parola||| libertà di parola___
1405,1D_12,"cibo, oggetto, essere non vivente, non ha cellule, entità","cioccolato, tenerina",torta,non ha cellule,1405_1D_12,"['cibo' 'oggetto' 'essere non vivente' 'non ha cellule' 'entità' 'torta'
 'cioccolato' 'tenerina']","['cibo' 'oggetto' 'essere non vivente' 'entità' 'torta' 'cioccolato'
 'tenerina']",['B-' 'B-' 'B-' 'O' 'B-' 'B-' 'B-' 'B-'],
1965,1G_13,cosa,"emozioni, sentimenti",mente,"cosa, emozioni, sentimenti",1965_1G_13,['cosa' 'mente' 'emozioni' 'sentimenti'],['mente'],['O' 'B-' 'O' 'O'],
1832,5D_22,"gelosia, scelta, decisione","di essere traditi, di essere odiati, di non aver finito i compiti",rabbia,"gelosia, scelta, decisione, di essere traditi, di essere odiati, di non aver finito i compiti",1832_5D_22,"['gelosia' 'scelta' 'decisione' 'rabbia' 'rabbia di essere traditi'
 'rabbia di essere odiati' 'rabbia di non aver finito i compiti']",['rabbia'],['O' 'O' 'O' 'B-' 'O' 'O' 'O'],di essere traditi|||rabbia di essere traditi___di essere odiati|||rabbia di essere odiati___di non aver finito i compiti|||rabbia di non aver finito i compiti___
1204,3C_13,"illusione, concetto astratto",incubo,sogno,illusione,1204_3C_13,['illusione' 'concetto astratto' 'sogno' 'incubo'],['concetto astratto' 'sogno' 'incubo'],['O' 'B-' 'B-' 'B-'],
947,5D_12,"mammifero, animale, essere vivente","pony, unicorno",cavallo,unicorno,947_5D_12,['mammifero' 'animale' 'essere vivente' 'cavallo' 'pony' 'unicorno'],['mammifero' 'animale' 'essere vivente' 'cavallo' 'pony'],['B-' 'B-' 'B-' 'B-' 'B-' 'O'],
1334,5D_11,sentimento,amore,gioia,amore,1334_5D_11,['sentimento' 'gioia' 'amore'],['sentimento' 'gioia'],['B-' 'B-' 'O'],
337,5B_4,"emozione, cosa, entità",,rabbia,cosa,337_5B_4,['emozione' 'cosa' 'entità' 'rabbia'],['emozione' 'entità' 'rabbia'],['B-' 'O' 'B-' 'B-'],
1168,1D_15,"emozione, sensazione, felicità",,gioia,felicità,1168_1D_15,['emozione' 'sensazione' 'felicità' 'gioia'],['emozione' 'sensazione' 'gioia'],['B-' 'B-' 'O' 'B-'],
844,2E_8,,,cavallo,,844_2E_8,[' cavallo'],[' cavallo'],['B-'],
827,2E_16,"mammifero, onnivoro, animale, essere vivente","nero, mastang",cavallo,,827_2E_16,"['mammifero' 'onnivoro' 'animale' 'essere vivente' 'cavallo' 'nero'
 'mastang']","['mammifero' 'onnivoro' 'animale' 'essere vivente' 'cavallo' 'nero'
 'mastang']",['B-' 'B-' 'B-' 'B-' 'B-' 'B-' 'B-'],
2361,1G_20,sentimento,,rabbia,,2361_1G_20,['sentimento' 'rabbia'],['sentimento' 'rabbia'],['B-' 'B-'],
1990,2E_15,"testa, cervello, neuroni",,mente,"testa, cervello, neuroni",1990_2E_15,['testa' 'cervello' 'neuroni' 'mente'],['mente'],['O' 'O' 'O' 'B-'],
931,2E_21,"mezzo di trasporto, metodo per viaggiare, entità","ferrari, ferrari purosangue",automobile,metodo per viaggiare,931_2E_21,"['mezzo di trasporto' 'metodo per viaggiare' 'entità' 'automobile'
 'ferrari' 'ferrari purosangue']",['mezzo di trasporto' 'entità' 'automobile' 'ferrari' 'ferrari purosangue'],['B-' 'O' 'B-' 'B-' 'B-' 'B-'],
842,2E_6,"mammifero, animale, essere vivente","pony, bianco",cavallo,,842_2E_6,['mammifero' 'animale' 'essere vivente' 'cavallo' 'pony' 'bianco'],['mammifero' 'animale' 'essere vivente' 'cavallo' 'pony' 'bianco'],['B-' 'B-' 'B-' 'B-' 'B-' 'B-'],
1989,2F_10,parte del corpo,,mente,parte del corpo,1989_2F_10,['parte del corpo' 'mente'],['mente'],['O' 'B-'],
67,2E_5,emozione,amore,affetto,,67_2E_5,['emozione' 'affetto' 'amore'],['emozione' 'affetto' 'amore'],['B-' 'B-' 'B-'],
908,2E_19,"lavoro, occupazione, azione",taxista,autista,,908_2E_19,['lavoro' 'occupazione' 'azione' 'autista' 'taxista'],['lavoro' 'occupazione' 'azione' 'autista' 'taxista'],['B-' 'B-' 'B-' 'B-' 'B-'],
1562,1D_20,essere libero,,libertà,essere libero,1562_1D_20,['essere libero' 'libertà'],['libertà'],['O' 'B-'],
1595,1G_9,,sport,libertà,sport,1595_1G_9,[' libertà' 'sport'],[' libertà'],['B-' 'O'],
1674,3C_1,"sensazione, benessere, salute",di parola,libertà,"benessere, salute",1674_3C_1,['sensazione' 'benessere' 'salute' 'libertà' 'libertà di parola'],['sensazione' 'libertà' 'libertà di parola'],['B-' 'O' 'O' 'B-' 'B-'],di parola|||libertà di parola___
2475,5B_1,"emozione, espressione",,rabbia,,2475_5B_1,['emozione' 'espressione' 'rabbia'],['emozione' 'espressione' 'rabbia'],['B-' 'B-' 'B-'],
1346,1D_9,"animale, mammifero",pony,cavallo,,1346_1D_9,['animale' 'mammifero' 'cavallo' 'pony'],['animale' 'mammifero' 'cavallo' 'pony'],['B-' 'B-' 'B-' 'B-'],
2366,1G_4,"emozione, gioia, sensazione, pericolo",isteria,rabbia,"gioia, isteria, pericolo",2366_1G_4,['emozione' 'gioia' 'sensazione' 'pericolo' 'rabbia' 'isteria'],['emozione' 'sensazione' 'rabbia'],['B-' 'O' 'B-' 'O' 'B-' 'O'],
1488,3C_17,"adulto, persona, essere umano",storia,insegnante,,1488_3C_17,['adulto' 'persona' 'essere umano' 'insegnante' 'storia'],['adulto' 'persona' 'essere umano' 'insegnante' 'storia'],['B-' 'B-' 'B-' 'B-' 'B-'],
1015,2E_10,"gioco, passatempo",costruzione,giocattolo,passatempo,1015_2E_10,['gioco' 'passatempo' 'giocattolo' 'costruzione'],['gioco' 'giocattolo' 'costruzione'],['B-' 'O' 'B-' 'B-'],
2155,1G_1,"psicologia, persone",,paura,"psicologia, persone",2155_1G_1,['psicologia' 'persone' 'paura'],['paura'],['O' 'O' 'B-'],
569,5D_21,vettura,lamborghini,automobile,,569_5D_21,['vettura' 'automobile' 'lamborghini'],['vettura' 'automobile' 'lamborghini'],['B-' 'B-' 'B-'],
2348,3C_19,"mestiere, lavoro",,insegnante,,2348_3C_19,['mestiere' 'lavoro' 'insegnante'],['mestiere' 'lavoro' 'insegnante'],['B-' 'B-' 'B-'],
2259,3C_14,"specializzazione, lavoro",ortopedico,medico,specializzazione,2259_3C_14,['specializzazione' 'lavoro' 'medico' 'ortopedico'],['lavoro' 'medico' 'ortopedico'],['O' 'B-' 'B-' 'B-'],
1456,1D_16,"mezzo di trasporto, oggetto, essere non vivente, entità","fiat, fiat panda, fiat panda 4x4",automobile,,1456_1D_16,"['mezzo di trasporto' 'oggetto' 'essere non vivente' 'entità' 'automobile'
 'fiat' 'fiat panda' 'fiat panda 4x4']","['mezzo di trasporto' 'oggetto' 'essere non vivente' 'entità' 'automobile'
 'fiat' 'fiat panda' 'fiat panda 4x4']",['B-' 'B-' 'B-' 'B-' 'B-' 'B-' 'B-' 'B-'],
1030,3C_2,,,libertà,,1030_3C_2,[' libertà'],[' libertà'],['B-'],
1065,3C_4,"emozione, sensazione mentale, sensazione, condizionatore di pensieri",amore,affetto,condizionatore di pensieri,1065_3C_4,"['emozione' 'sensazione mentale' 'sensazione' 'condizionatore di pensieri'
 'affetto' 'amore']",['emozione' 'sensazione mentale' 'sensazione' 'affetto' 'amore'],['B-' 'B-' 'B-' 'O' 'B-' 'B-'],
232,1G_3,"persona, guidatore, patentato, laureato","riservato, simpatico, privato",autista,"guidatore, patentato, laureato, riservato, simpatico",232_1G_3,"['persona' 'guidatore' 'patentato' 'laureato' 'autista' 'riservato'
 'simpatico' 'privato']",['persona' 'autista' 'privato'],['B-' 'O' 'O' 'O' 'B-' 'O' 'O' 'B-'],
848,2F_11,"quadrupede, mammifero, animale, essere vivente",pony,cavallo,,848_2F_11,['quadrupede' 'mammifero' 'animale' 'essere vivente' 'cavallo' 'pony'],['quadrupede' 'mammifero' 'animale' 'essere vivente' 'cavallo' 'pony'],['B-' 'B-' 'B-' 'B-' 'B-' 'B-'],
1408,2E_15,"lavoro, scuola, soldi, compiti, verifiche",,insegnante,"scuola, soldi, compiti, verifiche",1408_2E_15,['lavoro' 'scuola' 'soldi' 'compiti' 'verifiche' 'insegnante'],['lavoro' 'insegnante'],['B-' 'O' 'O' 'O' 'O' 'B-'],
544,5B_18,"marchingegno, cosa","mercedes, fiat 500, bmw",automobile,"fiat 500, bmw",544_5B_18,['marchingegno' 'cosa' 'automobile' 'mercedes' 'fiat 500' 'bmw'],['marchingegno' 'cosa' 'automobile' 'mercedes'],['B-' 'B-' 'B-' 'B-' 'O' 'O'],
2760,2E_1,"secondo, minuto, ora",nuvoloso,tempo,"secondo, minuto, ora",2760_2E_1,['secondo' 'minuto' 'ora' 'tempo' 'nuvoloso'],['tempo' 'nuvoloso'],['O' 'O' 'O' 'B-' 'B-'],
793,2E_12,"passatempo, entità concreta",peluche,giocattolo,passatempo,793_2E_12,['passatempo' 'entità concreta' 'giocattolo' 'peluche'],['entità concreta' 'giocattolo' 'peluche'],['O' 'B-' 'B-' 'B-'],
2391,2E_3,"sentimento, emozione",furia,rabbia,emozione,2391_2E_3,['sentimento' 'emozione' 'rabbia' 'furia'],['sentimento' 'rabbia' 'furia'],['B-' 'O' 'B-' 'B-'],
2423,2F_9,emozione,incavolatura,rabbia,,2423_2F_9,['emozione' 'rabbia' 'incavolatura'],['emozione' 'rabbia' 'incavolatura'],['B-' 'B-' 'B-'],
860,2F_22,"mammifero, animale, essere vivente",pony,cavallo,,860_2F_22,['mammifero' 'animale' 'essere vivente' 'cavallo' 'pony'],['mammifero' 'animale' 'essere vivente' 'cavallo' 'pony'],['B-' 'B-' 'B-' 'B-' 'B-'],
2916,1D_18,"dolce, zucchero",cheesecake,torta,zucchero,2916_1D_18,['dolce' 'zucchero' 'torta' 'cheesecake'],['dolce' 'torta' 'cheesecake'],['B-' 'O' 'B-' 'B-'],
912,3C_22,"mammifero, animale, essere vivente","unicorno, favole",cavallo,"unicorno, favole",912_3C_22,['mammifero' 'animale' 'essere vivente' 'cavallo' 'unicorno' 'favole'],['mammifero' 'animale' 'essere vivente' 'cavallo'],['B-' 'B-' 'B-' 'B-' 'O' 'O'],
2498,5D_11,emozione,"arrogante, furia",rabbia,arrogante,2498_5D_11,['emozione' 'rabbia' 'arrogante' 'furia'],['emozione' 'rabbia' 'furia'],['B-' 'B-' 'O' 'B-'],
1903,2F_4,"parte della testa, parte del corpo, oggetto",mente aperta,mente,"parte della testa, parte del corpo, oggetto",1903_2F_4,['parte della testa' 'parte del corpo' 'oggetto' 'mente' 'mente aperta'],['mente' 'mente aperta'],['O' 'O' 'O' 'B-' 'B-'],
32,1G_4,"dolce, cibo, organismo commestibile, organismo, cellula, elettrone","cheesecake, cheesecake con glassa alla vaniglia",torta,"cellula, elettrone",32_1G_4,"['dolce' 'cibo' 'organismo commestibile' 'organismo' 'cellula' 'elettrone'
 'torta' 'cheesecake' 'cheesecake con glassa alla vaniglia']","['dolce' 'cibo' 'organismo commestibile' 'organismo' 'torta' 'cheesecake'
 'cheesecake con glassa alla vaniglia']",['B-' 'B-' 'B-' 'B-' 'O' 'O' 'B-' 'B-' 'B-'],
220,1G_19,"sentimento, entità astratta",esplodere,gioia,esplodere,220_1G_19,['sentimento' 'entità astratta' 'gioia' 'esplodere'],['sentimento' 'entità astratta' 'gioia'],['B-' 'B-' 'B-' 'O'],
2082,2F_17,cosa all'aperto,"tempo atmosferico, pioggia",tempo,cosa all'aperto,2082_2F_17,"[""cosa all'aperto"" 'tempo' 'tempo atmosferico' 'pioggia']",['tempo' 'tempo atmosferico' 'pioggia'],['O' 'B-' 'B-' 'B-'],
471,5B_12,"gioco, divertimento, cosa astatta","videogioco, sparatutto, fortnite",giocattolo,"divertimento, cosa astatta",471_5B_12,"['gioco' 'divertimento' 'cosa astatta' 'giocattolo' 'videogioco'
 'sparatutto' 'fortnite']",['gioco' 'giocattolo' 'videogioco' 'sparatutto' 'fortnite'],['B-' 'O' 'O' 'B-' 'B-' 'B-' 'B-'],
250,1G_21,,,mente,,250_1G_21,[' mente'],[' mente'],['B-'],
1263,3B_12,,felice,gioia,felice,1263_3B_12,[' gioia' 'felice'],[' gioia'],['B-' 'O'],
1132,3C_8,"mammifero, animale, essere vivente, insieme di molecole",pony,cavallo,insieme di molecole,1132_3C_8,"['mammifero' 'animale' 'essere vivente' 'insieme di molecole' 'cavallo'
 'pony']",['mammifero' 'animale' 'essere vivente' 'cavallo' 'pony'],['B-' 'B-' 'B-' 'O' 'B-' 'B-'],
961,2E_23,"cosa astratta, reale","ore, minuti, secondi ",tempo,"reale, minuti, secondi",961_2E_23,['cosa astratta' 'reale' 'tempo' 'ore' 'minuti' 'secondi'],['cosa astratta' 'tempo' 'ore'],['B-' 'O' 'B-' 'B-' 'O' 'O'],
1386,1G_16,lavoro,di italiano,insegnante,,1386_1G_16,['lavoro' 'insegnante' 'insegnante di italiano'],['lavoro' 'insegnante' 'insegnante di italiano'],['B-' 'B-' 'B-'],di italiano|||insegnante di italiano___
612,1G_18,"persona, essere vivente, pigna, vegetale",babysitter,badante,"pigna, vegetale, babysitter",612_1G_18,['persona' 'essere vivente' 'pigna' 'vegetale' 'badante' 'babysitter'],['persona' 'essere vivente' 'badante'],['B-' 'B-' 'O' 'O' 'B-' 'O'],
1569,1D_23,"divertimento, passare il tempo",di legno,giocattolo,"divertimento, passare il tempo",1569_1D_23,['divertimento' 'passare il tempo' 'giocattolo' 'giocattolo di legno'],['giocattolo' 'giocattolo di legno'],['O' 'O' 'B-' 'B-'],di legno|||giocattolo di legno___
470,2F_2,"veicolo, mezzo di trasporto",lamborghini,automobile,,470_2F_2,['veicolo' 'mezzo di trasporto' 'automobile' 'lamborghini'],['veicolo' 'mezzo di trasporto' 'automobile' 'lamborghini'],['B-' 'B-' 'B-' 'B-'],
1005,1G_22,"divertimento, felicità",mattel,giocattolo,"divertimento, felicità",1005_1G_22,['divertimento' 'felicità' 'giocattolo' 'mattel'],['giocattolo' 'mattel'],['O' 'O' 'B-' 'B-'],
2074,3C_20,psiche,,mente,psiche,2074_3C_20,['psiche' 'mente'],['mente'],['O' 'B-'],
2246,2F_27,"mestiere, persona, mammifero, essere vivente, entità",,badante,"persona, mammifero, essere vivente",2246_2F_27,['mestiere' 'persona' 'mammifero' 'essere vivente' 'entità' 'badante'],['mestiere' 'entità' 'badante'],['B-' 'O' 'O' 'O' 'B-' 'B-'],
1295,1D_6,"emozione, sentimento, cosa astratta",paura di prendere un brutto voto,paura,"sentimento, paura di prendere un brutto voto",1295_1D_6,"['emozione' 'sentimento' 'cosa astratta' 'paura'
 'paura di prendere un brutto voto']",['emozione' 'cosa astratta' 'paura'],['B-' 'O' 'B-' 'B-' 'O'],
743,5B_3,aiutante,alice,badante,,743_5B_3,['aiutante' 'badante' 'alice'],['aiutante' 'badante' 'alice'],['B-' 'B-' 'B-'],
1021,2E_16,"passatempo, accessorio, oggetto",sonaglio,giocattolo,"passatempo, accessorio",1021_2E_16,['passatempo' 'accessorio' 'oggetto' 'giocattolo' 'sonaglio'],['oggetto' 'giocattolo' 'sonaglio'],['O' 'O' 'B-' 'B-' 'B-'],
948,5D_13,"mammifero, animale, essere vivente",pony,cavallo,,948_5D_13,['mammifero' 'animale' 'essere vivente' 'cavallo' 'pony'],['mammifero' 'animale' 'essere vivente' 'cavallo' 'pony'],['B-' 'B-' 'B-' 'B-' 'B-'],
2132,1D_1,"rabbia, felicità, disgusto, emozione, sentimento","spaventato, terrorizzato, pauroso",paura,"sentimento, rabbia, felicità, disgusto, spaventato, terrorizzato, pauroso",2132_1D_1,"['rabbia' 'felicità' 'disgusto' 'emozione' 'sentimento' 'paura'
 'spaventato' 'terrorizzato' 'pauroso']",['emozione' 'paura'],['O' 'O' 'O' 'B-' 'O' 'B-' 'O' 'O' 'O'],
2538,1D_5,pensiero,,sogno,,2538_1D_5,['pensiero' 'sogno'],['pensiero' 'sogno'],['B-' 'B-'],
2903,5D_6,"anno, mese, giorno, ora, minuto, secondo",,tempo,"anno, mese, giorno, ora, minuto, secondo",2903_5D_6,['anno' 'mese' 'giorno' 'ora' 'minuto' 'secondo' 'tempo'],['tempo'],['O' 'O' 'O' 'O' 'O' 'O' 'B-'],
1956,2F_7,"guidatore, persona, essere umano, mammifero, animale, essere vivente","taxi, uber",autista,,1956_2F_7,"['guidatore' 'persona' 'essere umano' 'mammifero' 'animale'
 'essere vivente' 'autista' 'taxi' 'uber']","['guidatore' 'persona' 'essere umano' 'mammifero' 'animale'
 'essere vivente' 'autista' 'taxi' 'uber']",['B-' 'B-' 'B-' 'B-' 'B-' 'B-' 'B-' 'B-' 'B-'],
790,1D_3,"mammifero, animale, essere vivente, vita",bocio,cavallo,"vita, bocio",790_1D_3,['mammifero' 'animale' 'essere vivente' 'vita' 'cavallo' 'bocio'],['mammifero' 'animale' 'essere vivente' 'cavallo'],['B-' 'B-' 'B-' 'O' 'B-' 'O'],
1920,5D_15,"punture, organi, persona",mestiere,medico,"punture, organi, mestiere",1920_5D_15,['punture' 'organi' 'persona' 'medico' 'mestiere'],['persona' 'medico'],['O' 'O' 'B-' 'B-' 'O'],
123,3B_9,"emozione, sentimento",abbraccio,affetto,"sentimento, abbraccio",123_3B_9,['emozione' 'sentimento' 'affetto' 'abbraccio'],['emozione' 'affetto'],['B-' 'O' 'B-' 'O'],
1777,1G_19,"cura, aiuto, atto di gentilezza",infermiere,medico,"cura, aiuto, atto di gentilezza, infermiere",1777_1G_19,['cura' 'aiuto' 'atto di gentilezza' 'medico' 'infermiere'],['medico'],['O' 'O' 'O' 'B-' 'O'],
1019,2E_14,"svago, libertà","videogioco, gioco di ruolo, gioco di ruolo fantasy",giocattolo,libertà,1019_2E_14,"['svago' 'libertà' 'giocattolo' 'videogioco' 'gioco di ruolo'
 'gioco di ruolo fantasy']","['svago' 'giocattolo' 'videogioco' 'gioco di ruolo'
 'gioco di ruolo fantasy']",['B-' 'O' 'B-' 'B-' 'B-' 'B-'],
2128,2F_20,pensiero,incubo,sogno,,2128_2F_20,['pensiero' 'sogno' 'incubo'],['pensiero' 'sogno' 'incubo'],['B-' 'B-' 'B-'],
1827,2F_2,,,medico,,1827_2F_2,[' medico'],[' medico'],['B-'],
3005,3B_1,"dolce, alimento, cibo, risorsa, energia, inquinamento","al cioccolato, alla vaniglia, alle carote",torta,"energia, inquinamento, alla vaniglia, alle carote",3005_3B_1,"['dolce' 'alimento' 'cibo' 'risorsa' 'energia' 'inquinamento' 'torta'
 'al cioccolato' 'al cioccolato alla vaniglia' 'al cioccolato alle carote']",['dolce' 'alimento' 'cibo' 'risorsa' 'torta' 'al cioccolato'],['B-' 'B-' 'B-' 'B-' 'O' 'O' 'B-' 'B-' 'O' 'O'],alla vaniglia|||al cioccolato alla vaniglia___alle carote|||al cioccolato alle carote___
2375,3C_21,"cosa relativa, cosa","minuto, 60 secondi",tempo,"cosa relativa, cosa, 60 secondi",2375_3C_21,['cosa relativa' 'cosa' 'tempo' 'minuto' '60 secondi'],['tempo' 'minuto'],['O' 'O' 'B-' 'B-' 'O'],
27,1G_3,,,badante,,27_1G_3,[' badante'],[' badante'],['B-'],
1318,1D_7,,,rabbia,,1318_1D_7,[' rabbia'],[' rabbia'],['B-'],
2896,5D_21,misura,"settimana, giorno",tempo,giorno,2896_5D_21,['misura' 'tempo' 'settimana' 'giorno'],['misura' 'tempo' 'settimana'],['B-' 'B-' 'B-' 'O'],
1269,1D_4,"lavoro, persona, essere vivente, creatura vivente, cellula, atomi, entità","di matematica, di italiano, di religione",insegnante,"persona, essere vivente, creatura vivente, cellula, atomi, di italiano, di religione",1269_1D_4,"['lavoro' 'persona' 'essere vivente' 'creatura vivente' 'cellula' 'atomi'
 'entità' 'insegnante' 'insegnante di matematica' 'insegnante di italiano'
 'insegnante di religione']",['lavoro' 'entità' 'insegnante' 'insegnante di matematica'],['B-' 'O' 'O' 'O' 'O' 'O' 'B-' 'B-' 'B-' 'O' 'O'],di matematica|||insegnante di matematica___di italiano|||insegnante di italiano___di religione|||insegnante di religione___
943,5B_9,"animale, essere vivente, mammifero",purosangue,cavallo,mammifero,943_5B_9,['animale' 'essere vivente' 'mammifero' 'cavallo' 'purosangue'],['animale' 'essere vivente' 'cavallo' 'purosangue'],['B-' 'B-' 'O' 'B-' 'B-'],
2982,2F_12,"dolce, cibo, alimento","torta al limone, torta al cioccolato, torta gelato",torta,"torta al cioccolato, torta gelato",2982_2F_12,"['dolce' 'cibo' 'alimento' 'torta' 'torta al limone' 'torta al cioccolato'
 'torta gelato']",['dolce' 'cibo' 'alimento' 'torta' 'torta al limone'],['B-' 'B-' 'B-' 'B-' 'B-' 'O' 'O'],
120,3B_6,"sentimento, emozione",abbraccio,affetto,"emozione, abbraccio",120_3B_6,['sentimento' 'emozione' 'affetto' 'abbraccio'],['sentimento' 'affetto'],['B-' 'O' 'B-' 'O'],
918,2E_20,,,libertà,,918_2E_20,[' libertà'],[' libertà'],['B-'],
781,1D_16,"mammifero, animale, essere vivente",sauro,cavallo,,781_1D_16,['mammifero' 'animale' 'essere vivente' 'cavallo' 'sauro'],['mammifero' 'animale' 'essere vivente' 'cavallo' 'sauro'],['B-' 'B-' 'B-' 'B-' 'B-'],
1145,3C_9,"oggetto, è un elemento solido",giocattol,giocattolo,"è un elemento solido, giocattol",1145_3C_9,['oggetto' 'è un elemento solido' 'giocattolo' 'giocattol'],['oggetto' 'giocattolo'],['B-' 'O' 'B-' 'O'],
2359,3C_20,emozione,,affetto,,2359_3C_20,['emozione' 'affetto'],['emozione' 'affetto'],['B-' 'B-'],
2218,2F_22,sentimento,spaventarsi,paura,spaventarsi,2218_2F_22,['sentimento' 'paura' 'spaventarsi'],['sentimento' 'paura'],['B-' 'B-' 'O'],
41,1G_5,"emozione, stato d'animo, sentimento",,affetto,"stato d'animo, sentimento",41_1G_5,"['emozione' ""stato d'animo"" 'sentimento' 'affetto']",['emozione' 'affetto'],['B-' 'O' 'O' 'B-'],
331,3C_22,persona che guida,scontroso,autista,scontroso,331_3C_22,['persona che guida' 'autista' 'scontroso'],['persona che guida' 'autista'],['B-' 'B-' 'O'],
15,1D_23,emozione,affetto reciproco,affetto,,15_1D_23,['emozione' 'affetto' 'affetto reciproco'],['emozione' 'affetto' 'affetto reciproco'],['B-' 'B-' 'B-'],
283,2F_26,"autobus, sedile, macchina, ruote, fermata",,autista,"autobus, sedile, macchina, ruote, fermata",283_2F_26,['autobus' 'sedile' 'macchina' 'ruote' 'fermata' 'autista'],['autista'],['O' 'O' 'O' 'O' 'O' 'B-'],
1667,5D_10,"sentimento, entità",pace,libertà,"sentimento, entità, pace",1667_5D_10,['sentimento' 'entità' 'libertà' 'pace'],['libertà'],['O' 'O' 'B-' 'O'],
1505,5B_1,"professione, lavoro","professoressa, maestra, aiuto",insegnante,"maestra, aiuto",1505_5B_1,['professione' 'lavoro' 'insegnante' 'professoressa' 'maestra' 'aiuto'],['professione' 'lavoro' 'insegnante' 'professoressa'],['B-' 'B-' 'B-' 'B-' 'O' 'O'],
279,1G_23,"unità di misura temporale, unità di misura, unità","spaziotempo, minuto",tempo,minuto,279_1G_23,"['unità di misura temporale' 'unità di misura' 'unità' 'tempo'
 'spaziotempo' 'minuto']","['unità di misura temporale' 'unità di misura' 'unità' 'tempo'
 'spaziotempo']",['B-' 'B-' 'B-' 'B-' 'B-' 'O'],
1477,1D_17,"convenzione, cosa, essere non vivente, entità",tempo meteorologico,tempo,"cosa, essere non vivente",1477_1D_17,"['convenzione' 'cosa' 'essere non vivente' 'entità' 'tempo'
 'tempo meteorologico']",['convenzione' 'entità' 'tempo' 'tempo meteorologico'],['B-' 'O' 'O' 'B-' 'B-' 'B-'],
50,1G_5,"immaginazione, realtà finta, illusione, finzione",incubo,sogno,"realtà finta, illusione, finzione",50_1G_5,['immaginazione' 'realtà finta' 'illusione' 'finzione' 'sogno' 'incubo'],['immaginazione' 'sogno' 'incubo'],['B-' 'O' 'O' 'O' 'B-' 'B-'],
1633,2F_2,storia,"donne, statua",libertà,"storia, statua",1633_2F_2,['storia' 'libertà' 'donne' 'statua'],['libertà' 'donne'],['O' 'B-' 'B-' 'O'],
690,2E_6,"desiderio, cosa, entità",di diventare ,sogno,"desiderio, cosa, di diventare",690_2E_6,['desiderio' 'cosa' 'entità' 'sogno' 'sogno di diventare'],['entità' 'sogno'],['O' 'O' 'B-' 'B-' 'O'],di diventare|||sogno di diventare___
2448,3B_8,"sentimento, emozione","furente, irascibile",rabbia,"emozione, irascibile",2448_3B_8,['sentimento' 'emozione' 'rabbia' 'furente' 'irascibile'],['sentimento' 'rabbia' 'furente'],['B-' 'O' 'B-' 'B-' 'O'],
1183,3C_12,cosa immaginaria,sogno realistico,sogno,,1183_3C_12,['cosa immaginaria' 'sogno' 'sogno realistico'],['cosa immaginaria' 'sogno' 'sogno realistico'],['B-' 'B-' 'B-'],
937,5B_3,"mammifero, animale, essere vivente","stallone, pony",cavallo,pony,937_5B_3,['mammifero' 'animale' 'essere vivente' 'cavallo' 'stallone' 'pony'],['mammifero' 'animale' 'essere vivente' 'cavallo' 'stallone'],['B-' 'B-' 'B-' 'B-' 'B-' 'O'],
158,1G_12,"cosa astratta, pensiero","fantastico, volare",sogno,pensiero,158_1G_12,['cosa astratta' 'pensiero' 'sogno' 'fantastico' 'volare'],['cosa astratta' 'sogno' 'fantastico' 'volare'],['B-' 'O' 'B-' 'B-' 'B-'],
288,2F_7,persona,veicolo,autista,veicolo,288_2F_7,['persona' 'autista' 'veicolo'],['persona' 'autista'],['B-' 'B-' 'O'],
163,5B_3,"amore, amicizia, dolcezza, emozione","carezza, cioccolatini",affetto,"amore, amicizia, dolcezza, carezza, cioccolatini",163_5B_3,"['amore' 'amicizia' 'dolcezza' 'emozione' 'affetto' 'carezza'
 'cioccolatini']",['emozione' 'affetto'],['O' 'O' 'O' 'B-' 'B-' 'O' 'O'],
497,3B_20,mezzo di trasporto,"ferrari, azienda",automobile,azienda,497_3B_20,['mezzo di trasporto' 'automobile' 'ferrari' 'azienda'],['mezzo di trasporto' 'automobile' 'ferrari'],['B-' 'B-' 'B-' 'O'],
804,1G_16,"macchina, mezzo di trasporto, oggetto, cosa",ferrari,cavallo,"macchina, mezzo di trasporto, oggetto, cosa, ferrari",804_1G_16,['macchina' 'mezzo di trasporto' 'oggetto' 'cosa' 'cavallo' 'ferrari'],['cavallo'],['O' 'O' 'O' 'O' 'B-' 'O'],
2264,3C_14,"equino, mammifero, animale, essere vivente, organismo","sangue arabo, sangue arabo bianco",cavallo,organismo,2264_3C_14,"['equino' 'mammifero' 'animale' 'essere vivente' 'organismo' 'cavallo'
 'sangue arabo' 'sangue arabo bianco']","['equino' 'mammifero' 'animale' 'essere vivente' 'cavallo' 'sangue arabo'
 'sangue arabo bianco']",['B-' 'B-' 'B-' 'B-' 'O' 'B-' 'B-' 'B-'],
94,2F_6,"emozione, felice","amore, gentile, generoso",affetto,"felice, gentile, generoso",94_2F_6,['emozione' 'felice' 'affetto' 'amore' 'gentile' 'generoso'],['emozione' 'affetto' 'amore'],['B-' 'O' 'B-' 'B-' 'O' 'O'],
2286,5B_14,,,paura,,2286_5B_14,[' paura'],[' paura'],['B-'],
2560,1G_4,"pensiero, riflessione, ragionamento, osservazione, contemplazione",sogno lucido,sogno,"riflessione, ragionamento, osservazione, contemplazione",2560_1G_4,"['pensiero' 'riflessione' 'ragionamento' 'osservazione' 'contemplazione'
 'sogno' 'sogno lucido']",['pensiero' 'sogno' 'sogno lucido'],['B-' 'O' 'O' 'O' 'O' 'B-' 'B-'],
3035,3C_13,"dolce, cibo","cheesecake, formaggio",torta,formaggio,3035_3C_13,['dolce' 'cibo' 'torta' 'cheesecake' 'formaggio'],['dolce' 'cibo' 'torta' 'cheesecake'],['B-' 'B-' 'B-' 'B-' 'O'],
1063,2F_7,oggetto,orsetto,giocattolo,,1063_2F_7,['oggetto' 'giocattolo' 'orsetto'],['oggetto' 'giocattolo' 'orsetto'],['B-' 'B-' 'B-'],
83,2F_2,sentimento,amore,affetto,,83_2F_2,['sentimento' 'affetto' 'amore'],['sentimento' 'affetto' 'amore'],['B-' 'B-' 'B-'],
1549,5D_9,"persona, mammifero, essere vivente","di arte, di musica, di matematica",insegnante,"di musica, di matematica",1549_5D_9,"['persona' 'mammifero' 'essere vivente' 'insegnante' 'insegnante di arte'
 'insegnante di musica' 'insegnante di matematica']",['persona' 'mammifero' 'essere vivente' 'insegnante' 'insegnante di arte'],['B-' 'B-' 'B-' 'B-' 'B-' 'O' 'O'],di arte|||insegnante di arte___di musica|||insegnante di musica___di matematica|||insegnante di matematica___
1104,3C_7,"alimento, cibo dolce",decorata,torta,,1104_3C_7,['alimento' 'cibo dolce' 'torta' 'decorata'],['alimento' 'cibo dolce' 'torta' 'decorata'],['B-' 'B-' 'B-' 'B-'],
1063,3C_4,"tempo atmosferico, ciclo naturale degli eventi, ciclo","precipitazioni, pioggia, pioggia monsonica",tempo,tempo atmosferico,1063_3C_4,"['tempo atmosferico' 'ciclo naturale degli eventi' 'ciclo' 'tempo'
 'precipitazioni' 'pioggia' 'pioggia monsonica']","['ciclo naturale degli eventi' 'ciclo' 'tempo' 'precipitazioni' 'pioggia'
 'pioggia monsonica']",['O' 'B-' 'B-' 'B-' 'B-' 'B-' 'B-'],
3044,3C_21,"dolce, cibo","cheesecake, cheesecake ai mirtilli",torta,,3044_3C_21,['dolce' 'cibo' 'torta' 'cheesecake' 'cheesecake ai mirtilli'],['dolce' 'cibo' 'torta' 'cheesecake' 'cheesecake ai mirtilli'],['B-' 'B-' 'B-' 'B-' 'B-'],
23,1G_3,"illusione, cosa falsa, cosa astratta, cosa inesistente",,libertà,"illusione, cosa falsa, cosa inesistente",23_1G_3,['illusione' 'cosa falsa' 'cosa astratta' 'cosa inesistente' 'libertà'],['cosa astratta' 'libertà'],['O' 'O' 'B-' 'O' 'B-'],
271,2F_15,"persona, mammifero, essere vivente",taxista,autista,,271_2F_15,['persona' 'mammifero' 'essere vivente' 'autista' 'taxista'],['persona' 'mammifero' 'essere vivente' 'autista' 'taxista'],['B-' 'B-' 'B-' 'B-' 'B-'],
1206,1G_8,"sentimento, emozione",felicità,gioia,"emozione, felicità",1206_1G_8,['sentimento' 'emozione' 'gioia' 'felicità'],['sentimento' 'gioia'],['B-' 'O' 'B-' 'O'],
1028,2E_22,"oggetto, regalo","teen go titans, super mario, lego",giocattolo,"regalo, super mario, lego",1028_2E_22,['oggetto' 'regalo' 'giocattolo' 'teen go titans' 'super mario' 'lego'],['oggetto' 'giocattolo' 'teen go titans'],['B-' 'O' 'B-' 'B-' 'O' 'O'],
1504,1D_19,"lavoro, guadagno",babysitter,badante,"guadagno, babysitter",1504_1D_19,['lavoro' 'guadagno' 'badante' 'babysitter'],['lavoro' 'badante'],['B-' 'O' 'B-' 'O'],
1969,1G_17,"intelligente, secchione, scuola","cervello, neuroni",mente,"intelligente, secchione, scuola, cervello, neuroni",1969_1G_17,['intelligente' 'secchione' 'scuola' 'mente' 'cervello' 'neuroni'],['mente'],['O' 'O' 'O' 'B-' 'O' 'O'],
1843,3B_10,"persona, mammifero, essere vivente, forma di vita","chirurgo, cardiochirurgo",medico,,1843_3B_10,"['persona' 'mammifero' 'essere vivente' 'forma di vita' 'medico'
 'chirurgo' 'cardiochirurgo']","['persona' 'mammifero' 'essere vivente' 'forma di vita' 'medico'
 'chirurgo' 'cardiochirurgo']",['B-' 'B-' 'B-' 'B-' 'B-' 'B-' 'B-'],
1661,5D_8,"oggetto, cosa, entità",kia,automobile,,1661_5D_8,['oggetto' 'cosa' 'entità' 'automobile' 'kia'],['oggetto' 'cosa' 'entità' 'automobile' 'kia'],['B-' 'B-' 'B-' 'B-' 'B-'],
240,1G_21,"immaginazione, pensiero","felice, di paura, incubo",sogno,"di paura, incubo",240_1G_21,['immaginazione' 'pensiero' 'sogno' 'felice' 'felice di paura' 'incubo'],['immaginazione' 'pensiero' 'sogno' 'felice'],['B-' 'B-' 'B-' 'B-' 'O' 'O'],di paura|||felice di paura___
900,2E_19,"vettura, veicolo, mezzo di trasporto","lamborghini, aventador, svj",automobile,,900_2E_19,"['vettura' 'veicolo' 'mezzo di trasporto' 'automobile' 'lamborghini'
 'aventador' 'svj']","['vettura' 'veicolo' 'mezzo di trasporto' 'automobile' 'lamborghini'
 'aventador' 'svj']",['B-' 'B-' 'B-' 'B-' 'B-' 'B-' 'B-'],
2337,3C_19,"immaginazione, pensare",,sogno,pensare,2337_3C_19,['immaginazione' 'pensare' 'sogno'],['immaginazione' 'sogno'],['B-' 'O' 'B-'],
1525,1D_20,"emozione, cosa astratta",di mia sorella,paura,di mia sorella,1525_1D_20,['emozione' 'cosa astratta' 'paura' 'paura di mia sorella'],['emozione' 'cosa astratta' 'paura'],['B-' 'B-' 'B-' 'O'],di mia sorella|||paura di mia sorella___
2997,2F_26,dolce,torta di mele,torta,,2997_2F_26,['dolce' 'torta' 'torta di mele'],['dolce' 'torta' 'torta di mele'],['B-' 'B-' 'B-'],
2944,1G_22,"dessert, dolce, zucchero, glassa","red velvet, cheesecake",torta,"zucchero, glassa, cheesecake",2944_1G_22,['dessert' 'dolce' 'zucchero' 'glassa' 'torta' 'red velvet' 'cheesecake'],['dessert' 'dolce' 'torta' 'red velvet'],['B-' 'B-' 'O' 'O' 'B-' 'B-' 'O'],
2368,1G_6,"emozione, sentimento","paura, tristezza",rabbia,"sentimento, paura, tristezza",2368_1G_6,['emozione' 'sentimento' 'rabbia' 'paura' 'tristezza'],['emozione' 'rabbia'],['B-' 'O' 'B-' 'O' 'O'],
820,2E_14,situazione sociale,libertà di votare,libertà,,820_2E_14,['situazione sociale' 'libertà' 'libertà di votare'],['situazione sociale' 'libertà' 'libertà di votare'],['B-' 'B-' 'B-'],
108,1G_8,"pensiero notturno, pensiero, entità",incubo,sogno,,108_1G_8,['pensiero notturno' 'pensiero' 'entità' 'sogno' 'incubo'],['pensiero notturno' 'pensiero' 'entità' 'sogno' 'incubo'],['B-' 'B-' 'B-' 'B-' 'B-'],
1276,1D_4,"concessione, azione",di voto,libertà,,1276_1D_4,['concessione' 'azione' 'libertà' 'libertà di voto'],['concessione' 'azione' 'libertà' 'libertà di voto'],['B-' 'B-' 'B-' 'B-'],di voto|||libertà di voto___
995,1G_13,"oggetto, cosa",divertimento,giocattolo,divertimento,995_1G_13,['oggetto' 'cosa' 'giocattolo' 'divertimento'],['oggetto' 'cosa' 'giocattolo'],['B-' 'B-' 'B-' 'O'],
1820,2F_13,"lavoro, pazienti, essere vivente, camice, professione",salute,medico,"pazienti, essere vivente, camice, professione, salute",1820_2F_13,"['lavoro' 'pazienti' 'essere vivente' 'camice' 'professione' 'medico'
 'salute']",['lavoro' 'medico'],['B-' 'O' 'O' 'O' 'O' 'B-' 'O'],
797,1G_1,"mammifero, animale, essere vivente",,cavallo,,797_1G_1,['mammifero' 'animale' 'essere vivente' 'cavallo'],['mammifero' 'animale' 'essere vivente' 'cavallo'],['B-' 'B-' 'B-' 'B-'],
77,1G_6,"emozione, sentimento, cosa astratta","disgusto, gioia, libertà",rabbia,"sentimento, disgusto, gioia, libertà",77_1G_6,"['emozione' 'sentimento' 'cosa astratta' 'rabbia' 'disgusto' 'gioia'
 'libertà']",['emozione' 'cosa astratta' 'rabbia'],['B-' 'O' 'B-' 'B-' 'O' 'O' 'O'],
2005,2E_5,"organo, parte del corpo",cervello,mente,"organo, parte del corpo, cervello",2005_2E_5,['organo' 'parte del corpo' 'mente' 'cervello'],['mente'],['O' 'O' 'B-' 'O'],
21,1D_8,"sensazione che provi, emozione","dell'amicizia, dell'amore",affetto,"emozione, dell'amore",21_1D_8,"['sensazione che provi' 'emozione' 'affetto' ""dell'amicizia"" ""dell'amore""]","['sensazione che provi' 'affetto' ""dell'amicizia""]",['B-' 'O' 'B-' 'B-' 'O'],
615,2E_1,"emozione, nome",felicità,gioia,"nome, felicità",615_2E_1,['emozione' 'nome' 'gioia' 'felicità'],['emozione' 'gioia'],['B-' 'O' 'B-' 'O'],
385,5B_7,"emozione, sentimento, cosa astratta",gioia elettrizzante,gioia,sentimento,385_5B_7,['emozione' 'sentimento' 'cosa astratta' 'gioia' 'gioia elettrizzante'],['emozione' 'cosa astratta' 'gioia' 'gioia elettrizzante'],['B-' 'O' 'B-' 'B-' 'B-'],
808,1G_2,"animale, velocità",,cavallo,velocità,808_1G_2,['animale' 'velocità' 'cavallo'],['animale' 'cavallo'],['B-' 'O' 'B-'],
2215,2F_25,"emozione negativa, sentimento",megalophobia,paura,sentimento,2215_2F_25,['emozione negativa' 'sentimento' 'paura' 'megalophobia'],['emozione negativa' 'paura' 'megalophobia'],['B-' 'O' 'B-' 'B-'],
2634,3B_24,,,sogno,,2634_3B_24,[' sogno'],[' sogno'],['B-'],
2330,3C_18,"sensazione, emozione",,gioia,emozione,2330_3C_18,['sensazione' 'emozione' 'gioia'],['sensazione' 'gioia'],['B-' 'O' 'B-'],
2136,1D_13,"terrore, spavento, scherzo, pallido","emozione, triste",paura,"terrore, spavento, scherzo, pallido, emozione, triste",2136_1D_13,['terrore' 'spavento' 'scherzo' 'pallido' 'paura' 'emozione' 'triste'],['paura'],['O' 'O' 'O' 'O' 'B-' 'O' 'O'],
2093,5B_15,,ispirazione,mente,ispirazione,2093_5B_15,[' mente' 'ispirazione'],[' mente'],['B-' 'O'],
406,1D_6,"motore, mezzo di trasporto, oggetto",automobilista,automobile,"motore, automobilista",406_1D_6,['motore' 'mezzo di trasporto' 'oggetto' 'automobile' 'automobilista'],['mezzo di trasporto' 'oggetto' 'automobile'],['O' 'B-' 'B-' 'B-' 'O'],
2291,3C_16,"sentimento, emozione",di vivere,gioia,emozione,2291_3C_16,['sentimento' 'emozione' 'gioia' 'gioia di vivere'],['sentimento' 'gioia' 'gioia di vivere'],['B-' 'O' 'B-' 'B-'],di vivere|||gioia di vivere___
2720,1D_15,"orario, orologio","minuto, ora, secondo",tempo,"orario, orologio, ora, secondo",2720_1D_15,['orario' 'orologio' 'tempo' 'minuto' 'ora' 'secondo'],['tempo' 'minuto'],['O' 'O' 'B-' 'B-' 'O' 'O'],
199,1D_14,"persona, lavoratore, essere vivente","taxista, pilota",autista,"lavoratore, pilota",199_1D_14,['persona' 'lavoratore' 'essere vivente' 'autista' 'taxista' 'pilota'],['persona' 'essere vivente' 'autista' 'taxista'],['B-' 'O' 'B-' 'B-' 'B-' 'O'],
1567,1D_23,"stato d'animo, cosa astratta",rabbia repressa,rabbia,,1567_1D_23,"[""stato d'animo"" 'cosa astratta' 'rabbia' 'rabbia repressa']","[""stato d'animo"" 'cosa astratta' 'rabbia' 'rabbia repressa']",['B-' 'B-' 'B-' 'B-'],
1793,2E_12,"mestiere, persona","ostetrica, ginecologa, pediatra",medico,"persona, ginecologa, pediatra",1793_2E_12,['mestiere' 'persona' 'medico' 'ostetrica' 'ginecologa' 'pediatra'],['mestiere' 'medico' 'ostetrica'],['B-' 'O' 'B-' 'B-' 'O' 'O'],
233,1G_20,"emozione, sentimento, tipo di cosa che mattias non ha, entità",,affetto,"sentimento, tipo di cosa che mattias non ha",233_1G_20,"['emozione' 'sentimento' 'tipo di cosa che mattias non ha' 'entità'
 'affetto']",['emozione' 'entità' 'affetto'],['B-' 'O' 'O' 'B-' 'B-'],
274,2F_18,"lavoro, macchina","pilota, taxi, auto",autista,"macchina, taxi, auto",274_2F_18,['lavoro' 'macchina' 'autista' 'pilota' 'taxi' 'auto'],['lavoro' 'autista' 'pilota'],['B-' 'O' 'B-' 'B-' 'O' 'O'],
2326,1D_1,"felicità, disgusto, giogia, pigrizia, emozione","incavolato, spacca tutto, uccide, mangia come vr, maiale",rabbia,"felicità, disgusto, giogia, pigrizia, incavolato, spacca tutto, uccide, mangia come vr, maiale",2326_1D_1,"['felicità' 'disgusto' 'giogia' 'pigrizia' 'emozione' 'rabbia'
 'incavolato' 'spacca tutto' 'uccide' 'mangia come vr' 'maiale']",['emozione' 'rabbia'],['O' 'O' 'O' 'O' 'B-' 'B-' 'O' 'O' 'O' 'O' 'O'],
2206,2F_11,sentimento,"paura dei serpenti, paura dei serpenti con la testa rossa",paura,,2206_2F_11,"['sentimento' 'paura' 'paura dei serpenti'
 'paura dei serpenti con la testa rossa']","['sentimento' 'paura' 'paura dei serpenti'
 'paura dei serpenti con la testa rossa']",['B-' 'B-' 'B-' 'B-'],
1723,5D_12,"autonomia, felicità","indipendenza, maggior età",libertà,"autonomia, felicità, indipendenza, maggior età",1723_5D_12,['autonomia' 'felicità' 'libertà' 'indipendenza' 'maggior età'],['libertà'],['O' 'O' 'B-' 'O' 'O'],
488,3B_12,"trattore, gallo","coala, panda, animale",automobile,"trattore, gallo, coala, panda, animale",488_3B_12,['trattore' 'gallo' 'automobile' 'coala' 'panda' 'animale'],['automobile'],['O' 'O' 'B-' 'O' 'O' 'O'],
566,5B_18,"animale, essere vivente",pony,cavallo,,566_5B_18,['animale' 'essere vivente' 'cavallo' 'pony'],['animale' 'essere vivente' 'cavallo' 'pony'],['B-' 'B-' 'B-' 'B-'],
2702,5D_20,"desiderio, immaginazione",incubo,sogno,desiderio,2702_5D_20,['desiderio' 'immaginazione' 'sogno' 'incubo'],['immaginazione' 'sogno' 'incubo'],['O' 'B-' 'B-' 'B-'],
346,5B_4,"mammifero, erbivoro, animale, cosa, entità","nero, nero e bianco",cavallo,,346_5B_4,"['mammifero' 'erbivoro' 'animale' 'cosa' 'entità' 'cavallo' 'nero'
 'nero e bianco']","['mammifero' 'erbivoro' 'animale' 'cosa' 'entità' 'cavallo' 'nero'
 'nero e bianco']",['B-' 'B-' 'B-' 'B-' 'B-' 'B-' 'B-' 'B-'],
2112,5D_13,pensiero,creatività,mente,"pensiero, creatività",2112_5D_13,['pensiero' 'mente' 'creatività'],['mente'],['O' 'B-' 'O'],
921,3C_8,"mammifero, animale, essere vivente","indiano, pony",cavallo,,921_3C_8,['mammifero' 'animale' 'essere vivente' 'cavallo' 'indiano' 'pony'],['mammifero' 'animale' 'essere vivente' 'cavallo' 'indiano' 'pony'],['B-' 'B-' 'B-' 'B-' 'B-' 'B-'],
1162,3C_10,"persona, essere umano, essere vivente",autista che guida il camion,autista,,1162_3C_10,"['persona' 'essere umano' 'essere vivente' 'autista'
 'autista che guida il camion']","['persona' 'essere umano' 'essere vivente' 'autista'
 'autista che guida il camion']",['B-' 'B-' 'B-' 'B-' 'B-'],
379,5D_24,"persona, essere umano",pilota d'aereo,autista,,379_5D_24,"['persona' 'essere umano' 'autista' ""pilota d'aereo""]","['persona' 'essere umano' 'autista' ""pilota d'aereo""]",['B-' 'B-' 'B-' 'B-'],
2148,1D_3,emozione,cobra,paura,,2148_1D_3,['emozione' 'paura' 'cobra'],['emozione' 'paura' 'cobra'],['B-' 'B-' 'B-'],
871,2E_17,lavoro,di mia nonna,badante,,871_2E_17,['lavoro' 'badante' 'badante di mia nonna'],['lavoro' 'badante' 'badante di mia nonna'],['B-' 'B-' 'B-'],di mia nonna|||badante di mia nonna___
826,2E_15,"animale, mammifero, essere vivente",pony,cavallo,mammifero,826_2E_15,['animale' 'mammifero' 'essere vivente' 'cavallo' 'pony'],['animale' 'essere vivente' 'cavallo' 'pony'],['B-' 'O' 'B-' 'B-' 'B-'],
262,1G_22,"mestiere, lavoro, attività socialmente utile con ricompensa in denaro",autista del bus,autista,attività socialmente utile con ricompensa in denaro,262_1G_22,"['mestiere' 'lavoro' 'attività socialmente utile con ricompensa in denaro'
 'autista' 'autista del bus']",['mestiere' 'lavoro' 'autista' 'autista del bus'],['B-' 'B-' 'O' 'B-' 'B-'],
317,5B_2,"emozione, cosa astratta, cosa ",ira,rabbia,cosa,317_5B_2,['emozione' 'cosa astratta' 'cosa ' 'rabbia' 'ira'],['emozione' 'cosa astratta' 'cosa ' 'rabbia' 'ira'],['B-' 'B-' 'B-' 'B-' 'B-'],
2192,2F_24,"emozione, sentimento",felicità,gioia,"sentimento, felicità",2192_2F_24,['emozione' 'sentimento' 'gioia' 'felicità'],['emozione' 'gioia'],['B-' 'O' 'B-' 'O'],
213,1D_6,"mezzo di trasporto, umano, essere vivente","taxista, pilota, automobilista",autista,"mezzo di trasporto, pilota, automobilista",213_1D_6,"['mezzo di trasporto' 'umano' 'essere vivente' 'autista' 'taxista'
 'pilota' 'automobilista']",['umano' 'essere vivente' 'autista' 'taxista'],['O' 'B-' 'B-' 'B-' 'B-' 'O' 'O'],
930,2E_21,"immaginazione, entità astratta, entità","di un supereroe, di badman",sogno,,930_2E_21,"['immaginazione' 'entità astratta' 'entità' 'sogno'
 'sogno di un supereroe' 'sogno di badman']","['immaginazione' 'entità astratta' 'entità' 'sogno'
 'sogno di un supereroe' 'sogno di badman']",['B-' 'B-' 'B-' 'B-' 'B-' 'B-'],di un supereroe|||sogno di un supereroe___di badman|||sogno di badman___
1188,1G_12,"emozione, felicità, curiosità, dubbio, domanda, pensiero",,gioia,"felicità, curiosità, dubbio, domanda, pensiero",1188_1G_12,['emozione' 'felicità' 'curiosità' 'dubbio' 'domanda' 'pensiero' 'gioia'],['emozione' 'gioia'],['B-' 'O' 'O' 'O' 'O' 'O' 'B-'],
1648,3B_1,,"di voto, di parola, di sognare",libertà,"di parola, di sognare",1648_3B_1,[' libertà' ' libertà di voto' ' libertà di parola' ' libertà di sognare'],[' libertà' ' libertà di voto'],['B-' 'B-' 'O' 'O'],di voto||| libertà di voto___di parola||| libertà di parola___di sognare||| libertà di sognare___
703,3B_9,"persona, essere vivente",,badante,,703_3B_9,['persona' 'essere vivente' 'badante'],['persona' 'essere vivente' 'badante'],['B-' 'B-' 'B-'],
2275,3C_4,"sentimento, emozione ","jumpscares, horror, regista",paura,"emozione, jumpscares, horror, regista",2275_3C_4,['sentimento' 'emozione ' 'paura' 'jumpscares' 'horror' 'regista'],['sentimento' 'emozione ' 'paura'],['B-' 'B-' 'B-' 'O' 'O' 'O'],
1021,3C_1,"mezzo di locomozione, mezzo di trasporto","taxi, uber",automobile,,1021_3C_1,['mezzo di locomozione' 'mezzo di trasporto' 'automobile' 'taxi' 'uber'],['mezzo di locomozione' 'mezzo di trasporto' 'automobile' 'taxi' 'uber'],['B-' 'B-' 'B-' 'B-' 'B-'],
568,5B_18,"cibo, alimento, cosa energetica",tenerina,torta,,568_5B_18,['cibo' 'alimento' 'cosa energetica' 'torta' 'tenerina'],['cibo' 'alimento' 'cosa energetica' 'torta' 'tenerina'],['B-' 'B-' 'B-' 'B-' 'B-'],
794,1D_7,"mammifero, quadrupede, animale, equitazione",,cavallo,equitazione,794_1D_7,['mammifero' 'quadrupede' 'animale' 'equitazione' 'cavallo'],['mammifero' 'quadrupede' 'animale' 'cavallo'],['B-' 'B-' 'B-' 'O' 'B-'],
1612,2E_24,sensazione,,libertà,,1612_2E_24,['sensazione' 'libertà'],['sensazione' 'libertà'],['B-' 'B-'],
1652,5D_8,"cibo, alimento, entità",torta di compleanno,torta,,1652_5D_8,['cibo' 'alimento' 'entità' 'torta' 'torta di compleanno'],['cibo' 'alimento' 'entità' 'torta' 'torta di compleanno'],['B-' 'B-' 'B-' 'B-' 'B-'],
2826,3B_22,universo,,tempo,universo,2826_3B_22,['universo' 'tempo'],['tempo'],['O' 'B-'],
653,2F_10,lavoro,anziani,badante,,653_2F_10,['lavoro' 'badante' 'anziani'],['lavoro' 'badante' 'anziani'],['B-' 'B-' 'B-'],
1916,2F_4,cosa nel pensiero,incubo,sogno,cosa nel pensiero,1916_2F_4,['cosa nel pensiero' 'sogno' 'incubo'],['sogno' 'incubo'],['O' 'B-' 'B-'],
1121,5B_13,,"la macchinina, marcia, numeri",giocattolo,"marcia, numeri",1121_5B_13,[' giocattolo' 'la macchinina' 'marcia' 'numeri'],[' giocattolo' 'la macchinina'],['B-' 'B-' 'O' 'O'],
2844,3C_15,"orologio, lancette, numeri, metodo di contare","ora, minuto, secondo",tempo,"orologio, lancette, numeri, minuto, secondo",2844_3C_15,"['orologio' 'lancette' 'numeri' 'metodo di contare' 'tempo' 'ora' 'minuto'
 'secondo']",['metodo di contare' 'tempo' 'ora'],['O' 'O' 'O' 'B-' 'B-' 'B-' 'O' 'O'],
2865,5B_12,misura,ora,tempo,,2865_5B_12,['misura' 'tempo' 'ora'],['misura' 'tempo' 'ora'],['B-' 'B-' 'B-'],
299,5B_1,"veicolo, movimento, entità",jeep,automobile,movimento ,299_5B_1,['veicolo' 'movimento' 'entità' 'automobile' 'jeep'],['veicolo' 'movimento' 'entità' 'automobile' 'jeep'],['B-' 'B-' 'B-' 'B-' 'B-'],
1340,5D_17,sentimento,felicità,gioia,felicità,1340_5D_17,['sentimento' 'gioia' 'felicità'],['sentimento' 'gioia'],['B-' 'B-' 'O'],
2095,5B_17,memoria,cervello,mente,"memoria, cervello",2095_5B_17,['memoria' 'mente' 'cervello'],['mente'],['O' 'B-' 'O'],
2597,2F_14,pensiero,incubo,sogno,,2597_2F_14,['pensiero' 'sogno' 'incubo'],['pensiero' 'sogno' 'incubo'],['B-' 'B-' 'B-'],
1629,2F_16,,aria,libertà,aria,1629_2F_16,[' libertà' 'aria'],[' libertà'],['B-' 'O'],
1259,1D_3,"pensiero, formato dal subconscio, parte del corpo, organismo",incubo,sogno,"formato dal subconscio, parte del corpo, organismo",1259_1D_3,"['pensiero' 'formato dal subconscio' 'parte del corpo' 'organismo' 'sogno'
 'incubo']",['pensiero' 'sogno' 'incubo'],['B-' 'O' 'O' 'O' 'B-' 'B-'],
2217,2F_21,sentimento,,paura,,2217_2F_21,['sentimento' 'paura'],['sentimento' 'paura'],['B-' 'B-'],
557,5D_10,mezzo di trasporto,"camion, camper, bus",automobile,"camion, camper, bus",557_5D_10,['mezzo di trasporto' 'automobile' 'camion' 'camper' 'bus'],['mezzo di trasporto' 'automobile'],['B-' 'B-' 'O' 'O' 'O'],
1073,3C_5,"sentimento, emozione",gioia di vivere,gioia,emozione,1073_3C_5,['sentimento' 'emozione' 'gioia' 'gioia di vivere'],['sentimento' 'gioia' 'gioia di vivere'],['B-' 'O' 'B-' 'B-'],
1528,1D_20,"pensiero, cosa astratta",cervello,mente,"pensiero, cervello",1528_1D_20,['pensiero' 'cosa astratta' 'mente' 'cervello'],['cosa astratta' 'mente'],['O' 'B-' 'B-' 'O'],
2810,2F_8,"sec., minuto, ora, giorno, mese, anno","vecchiaia, bambini, neonati",tempo,"sec., minuto, ora, giorno, mese, anno, bambini, neonati",2810_2F_8,"['sec.' 'minuto' 'ora' 'giorno' 'mese' 'anno' 'tempo' 'vecchiaia'
 'bambini' 'neonati']",['tempo' 'vecchiaia'],['O' 'O' 'O' 'O' 'O' 'O' 'B-' 'B-' 'O' 'O'],
1632,5D_6,"sentimento, entità",arrabbiato,rabbia,arrabbiato,1632_5D_6,['sentimento' 'entità' 'rabbia' 'arrabbiato'],['sentimento' 'entità' 'rabbia'],['B-' 'B-' 'B-' 'O'],
1004,1G_21,oggetto,"bambola, film horr, gener film",giocattolo,"film horr, gener film",1004_1G_21,['oggetto' 'giocattolo' 'bambola' 'film horr' 'gener film'],['oggetto' 'giocattolo' 'bambola'],['B-' 'B-' 'B-' 'O' 'O'],
2055,3B_3,parte del corpo,,mente,parte del corpo,2055_3B_3,['parte del corpo' 'mente'],['mente'],['O' 'B-'],
2836,3B_8,unità di misura,"ora, minuto, secondo",tempo,"minuto, secondo",2836_3B_8,['unità di misura' 'tempo' 'ora' 'minuto' 'secondo'],['unità di misura' 'tempo' 'ora'],['B-' 'B-' 'B-' 'O' 'O'],
1432,1D_14,"cosa prodotta dal cervello, fantasia",diventare milionario,sogno,cosa prodotta dal cervello,1432_1D_14,['cosa prodotta dal cervello' 'fantasia' 'sogno' 'diventare milionario'],['fantasia' 'sogno' 'diventare milionario'],['O' 'B-' 'B-' 'B-'],
474,2F_23,"veicolo, oggetto","panda, lamborghini",automobile,lamborghini,474_2F_23,['veicolo' 'oggetto' 'automobile' 'panda' 'lamborghini'],['veicolo' 'oggetto' 'automobile' 'panda'],['B-' 'B-' 'B-' 'B-' 'O'],
1253,1D_3,"emozione, sentimento",la rabbia,rabbia,"sentimento, la rabbia",1253_1D_3,['emozione' 'sentimento' 'rabbia' 'la rabbia'],['emozione' 'rabbia'],['B-' 'O' 'B-' 'O'],
339,5B_4,"emozione, cosa, entità",,paura,cosa,339_5B_4,['emozione' 'cosa' 'entità' 'paura'],['emozione' 'entità' 'paura'],['B-' 'O' 'B-' 'B-'],
2204,2F_1,"buio, nero, colore",,paura,"buio, nero, colore",2204_2F_1,['buio' 'nero' 'colore' 'paura'],['paura'],['O' 'O' 'O' 'B-'],
369,5D_15,"macchina, inquinamento, trasportare, veloce, persona, lavoro",mestiere,autista,"macchina, inquinamento, trasportare, veloce, lavoro, mestiere",369_5D_15,"['macchina' 'inquinamento' 'trasportare' 'veloce' 'persona' 'lavoro'
 'autista' 'mestiere']",['persona' 'autista'],['O' 'O' 'O' 'O' 'B-' 'O' 'B-' 'O'],
2226,2F_26,"sensazione, sentimento","di un mostro, ragni, serpenti",paura,"sentimento, ragni, serpenti",2226_2F_26,['sensazione' 'sentimento' 'paura' 'paura di un mostro' 'ragni' 'serpenti'],['sensazione' 'paura' 'paura di un mostro'],['B-' 'O' 'B-' 'B-' 'O' 'O'],di un mostro|||paura di un mostro___
1834,2F_26,"ospedale, pazienti, camice, persona, lavoro, professione",salute,medico,"ospedale, pazienti, camice, lavoro, professione, salute",1834_2F_26,"['ospedale' 'pazienti' 'camice' 'persona' 'lavoro' 'professione' 'medico'
 'salute']",['persona' 'medico'],['O' 'O' 'O' 'B-' 'O' 'O' 'B-' 'O'],
2405,2F_16,ira,"nervoso, leila",rabbia,"ira, nervoso, leila",2405_2F_16,['ira' 'rabbia' 'nervoso' 'leila'],['rabbia'],['O' 'B-' 'O' 'O'],
168,5B_8,"amore, emozione, cosa bella","amicizia, abbraccio",affetto,"amore, cosa bella, abbraccio",168_5B_8,['amore' 'emozione' 'cosa bella' 'affetto' 'amicizia' 'abbraccio'],['emozione' 'affetto' 'amicizia'],['O' 'B-' 'O' 'B-' 'B-' 'O'],
2682,5B_21,pensiero,incubo,sogno,,2682_5B_21,['pensiero' 'sogno' 'incubo'],['pensiero' 'sogno' 'incubo'],['B-' 'B-' 'B-'],
2957,2E_13,,cioccolato,torta,,2957_2E_13,[' torta' 'cioccolato'],[' torta' 'cioccolato'],['B-' 'B-'],
204,1G_18,"mestiere, lavoro, pratica, entità","infermiere, infermiere esperto",medico,"pratica,  infermiere, infermiere esperto",204_1G_18,"['mestiere' 'lavoro' 'pratica' 'entità' 'medico' 'infermiere'
 'infermiere esperto']",['mestiere' 'lavoro' 'entità' 'medico' 'infermiere'],['B-' 'B-' 'O' 'B-' 'B-' 'B-' 'O'],
2368,3C_21,risultato dei nostri pensieri,incubo,sogno,risultato dei nostri pensieri,2368_3C_21,['risultato dei nostri pensieri' 'sogno' 'incubo'],['sogno' 'incubo'],['O' 'B-' 'B-'],
2087,2F_17,cosa astratta,forzata,rabbia,forzata,2087_2F_17,['cosa astratta' 'rabbia' 'forzata'],['cosa astratta' 'rabbia'],['B-' 'B-' 'O'],
3061,5B_14,,,torta,,3061_5B_14,[' torta'],[' torta'],['B-'],
702,3B_8,,,badante,,702_3B_8,[' badante'],[' badante'],['B-'],
2853,3C_24,"clima, insieme di agenti atmosferici",,tempo,insieme di agenti atmosferici,2853_3C_24,['clima' 'insieme di agenti atmosferici' 'tempo'],['clima' 'tempo'],['B-' 'O' 'B-'],
1842,5D_23,entità,,affetto,,1842_5D_23,['entità' 'affetto'],['entità' 'affetto'],['B-' 'B-'],
2673,5B_13,pensiero,"incubo, personaggi, paura",sogno,"personaggi, paura",2673_5B_13,['pensiero' 'sogno' 'incubo' 'personaggi' 'paura'],['pensiero' 'sogno' 'incubo'],['B-' 'B-' 'B-' 'O' 'O'],
186,1G_16,"lavoro, compito, svolgere qualcosa",taxista,autista,svolgere qualcosa,186_1G_16,['lavoro' 'compito' 'svolgere qualcosa' 'autista' 'taxista'],['lavoro' 'compito' 'autista' 'taxista'],['B-' 'B-' 'O' 'B-' 'B-'],
1977,2F_9,"lavoratore, persona, mammifero, essere vivente, entità","chirurgo, chirurgo plastico",medico,,1977_2F_9,"['lavoratore' 'persona' 'mammifero' 'essere vivente' 'entità' 'medico'
 'chirurgo' 'chirurgo plastico']","['lavoratore' 'persona' 'mammifero' 'essere vivente' 'entità' 'medico'
 'chirurgo' 'chirurgo plastico']",['B-' 'B-' 'B-' 'B-' 'B-' 'B-' 'B-' 'B-'],
3003,2F_8,"dolce, farina, lievito","cheesecake, torta cioccolato, kinder bueno",torta,"farina, lievito, torta cioccolato, kinder bueno",3003_2F_8,"['dolce' 'farina' 'lievito' 'torta' 'cheesecake' 'torta cioccolato'
 'kinder bueno']",['dolce' 'torta' 'cheesecake'],['B-' 'O' 'O' 'B-' 'B-' 'O' 'O'],
2301,3C_16,di persona,babysitter,badante,"di persona, babysitter",2301_3C_16,['di persona' 'badante' 'babysitter'],['badante'],['O' 'B-' 'O'],
2346,1D_7,"agitazione, sensazione",,rabbia,agitazione,2346_1D_7,['agitazione' 'sensazione' 'rabbia'],['sensazione' 'rabbia'],['O' 'B-' 'B-'],
1332,5D_1,"felicità, emozione",,gioia,felicità,1332_5D_1,['felicità' 'emozione' 'gioia'],['emozione' 'gioia'],['O' 'B-' 'B-'],
952,2E_22,,,medico,,952_2E_22,[' medico'],[' medico'],['B-'],
2590,2E_8,"rilassamento, guardare",dormire,sogno,"rilassamento, guardare, dormire",2590_2E_8,['rilassamento' 'guardare' 'sogno' 'dormire'],['sogno'],['O' 'O' 'B-' 'O'],
1697,3C_8,"diritto, bisogno","religione, pensiero",libertà,"bisogno, pensiero",1697_3C_8,['diritto' 'bisogno' 'libertà' 'religione' 'pensiero'],['diritto' 'libertà' 'religione'],['B-' 'O' 'B-' 'B-' 'O'],
846,2F_1,"mammifero, animale, essere vivente",pony,cavallo,,846_2F_1,['mammifero' 'animale' 'essere vivente' 'cavallo' 'pony'],['mammifero' 'animale' 'essere vivente' 'cavallo' 'pony'],['B-' 'B-' 'B-' 'B-' 'B-'],
2195,2E_25,"afflosciamento, sentimento",nascosta,paura,"afflosciamento, nascosta",2195_2E_25,['afflosciamento' 'sentimento' 'paura' 'nascosta'],['sentimento' 'paura'],['O' 'B-' 'B-' 'O'],
1724,5D_13,diritto,esprimersi,libertà,,1724_5D_13,['diritto' 'libertà' 'esprimersi'],['diritto' 'libertà' 'esprimersi'],['B-' 'B-' 'B-'],
2072,2F_15,"animale, essere vivente",pony,cavallo,,2072_2F_15,['animale' 'essere vivente' 'cavallo' 'pony'],['animale' 'essere vivente' 'cavallo' 'pony'],['B-' 'B-' 'B-' 'B-'],
1711,5D_13,"lavoro, obbligo, ordine, comandamento, legge","di f1, leclerc",autista,"obbligo, ordine, comandamento, legge",1711_5D_13,"['lavoro' 'obbligo' 'ordine' 'comandamento' 'legge' 'autista'
 'autista di f1' 'leclerc']",['lavoro' 'autista' 'autista di f1' 'leclerc'],['B-' 'O' 'O' 'O' 'O' 'B-' 'B-' 'B-'],di f1|||autista di f1___
857,2E_16,"lavoro, occupazione, professione, passatempo, entità concreta","persona, mammifero, onnivoro",badante,"professione, passatempo, entità concreta, persona, mammifero, onnivoro",857_2E_16,"['lavoro' 'occupazione' 'professione' 'passatempo' 'entità concreta'
 'badante' 'persona' 'mammifero' 'onnivoro']",['lavoro' 'occupazione' 'badante'],['B-' 'B-' 'O' 'O' 'O' 'B-' 'O' 'O' 'O'],
2598,2F_15,pensiero,incubo,sogno,,2598_2F_15,['pensiero' 'sogno' 'incubo'],['pensiero' 'sogno' 'incubo'],['B-' 'B-' 'B-'],
357,5B_5,"persona, essere vivente, cosa",di autobus,autista,,357_5B_5,['persona' 'essere vivente' 'cosa' 'autista' 'autista di autobus'],['persona' 'essere vivente' 'cosa' 'autista' 'autista di autobus'],['B-' 'B-' 'B-' 'B-' 'B-'],di autobus|||autista di autobus___
1937,5D_9,"persona, mammifero",,medico,,1937_5D_9,['persona' 'mammifero' 'medico'],['persona' 'mammifero' 'medico'],['B-' 'B-' 'B-'],
3041,3C_19,"dolce, cibo, alimento","tenerina, cioccolato",torta,cioccolato,3041_3C_19,['dolce' 'cibo' 'alimento' 'torta' 'tenerina' 'cioccolato'],['dolce' 'cibo' 'alimento' 'torta' 'tenerina'],['B-' 'B-' 'B-' 'B-' 'B-' 'O'],
2442,3B_26,"emozione, senso",,rabbia,senso,2442_3B_26,['emozione' 'senso' 'rabbia'],['emozione' 'rabbia'],['B-' 'O' 'B-'],
1751,1D_16,professione,"ortopedico, chirurgo",medico,chirurgo,1751_1D_16,['professione' 'medico' 'ortopedico' 'chirurgo'],['professione' 'medico' 'ortopedico'],['B-' 'B-' 'B-' 'O'],
965,2E_23,"pensiero, cervello, cellule, tessuti, organo, scienza","ragionamento, logica, intelligenza",mente,"pensiero, cervello, cellule, tessuti, organo, scienza, ragionamento, logica, intelligenza",965_2E_23,"['pensiero' 'cervello' 'cellule' 'tessuti' 'organo' 'scienza' 'mente'
 'ragionamento' 'logica' 'intelligenza']",['mente'],['O' 'O' 'O' 'O' 'O' 'O' 'B-' 'O' 'O' 'O'],
431,5B_10,persona,"di uno scuolabus, francesco",autista,,431_5B_10,['persona' 'autista' 'autista di uno scuolabus' 'francesco'],['persona' 'autista' 'autista di uno scuolabus' 'francesco'],['B-' 'B-' 'B-' 'B-'],di uno scuolabus|||autista di uno scuolabus___
1069,3C_4,"emozione, sensazione mentale, sensazione, condizionatore di scelte",rabbia spontanea,rabbia,condizionatore di scelte,1069_3C_4,"['emozione' 'sensazione mentale' 'sensazione' 'condizionatore di scelte'
 'rabbia' 'rabbia spontanea']",['emozione' 'sensazione mentale' 'sensazione' 'rabbia' 'rabbia spontanea'],['B-' 'B-' 'B-' 'O' 'B-' 'B-'],
567,5B_18,"mestiere, azione",veterinario,medico,,567_5B_18,['mestiere' 'azione' 'medico' 'veterinario'],['mestiere' 'azione' 'medico' 'veterinario'],['B-' 'B-' 'B-' 'B-'],
510,3B_9,"veicolo, mezzo di trasporto",lamborghini,automobile,,510_3B_9,['veicolo' 'mezzo di trasporto' 'automobile' 'lamborghini'],['veicolo' 'mezzo di trasporto' 'automobile' 'lamborghini'],['B-' 'B-' 'B-' 'B-'],
2405,3C_23,momento,"atmosferico, pioggia",tempo,momento,2405_3C_23,['momento' 'tempo' 'atmosferico' 'pioggia'],['tempo' 'atmosferico' 'pioggia'],['O' 'B-' 'B-' 'B-'],
2046,3B_19,"cervello, intelligenza",subconscio,mente,"cervello, intelligenza",2046_3B_19,['cervello' 'intelligenza' 'mente' 'subconscio'],['mente' 'subconscio'],['O' 'O' 'B-' 'B-'],
1997,2F_10,"mezzo di trasporto, oggetto",fiat 500,automobile,,1997_2F_10,['mezzo di trasporto' 'oggetto' 'automobile' 'fiat 500'],['mezzo di trasporto' 'oggetto' 'automobile' 'fiat 500'],['B-' 'B-' 'B-' 'B-'],
1546,1D_21,"emozione, pensiero",di sposarsi,gioia,"pensiero, di sposarsi",1546_1D_21,['emozione' 'pensiero' 'gioia' 'gioia di sposarsi'],['emozione' 'gioia'],['B-' 'O' 'B-' 'O'],di sposarsi|||gioia di sposarsi___
1138,3C_9,,"il tempo fugge, tempo veloce",tempo,il tempo fugge,1138_3C_9,[' tempo' 'il tempo fugge' 'tempo veloce'],[' tempo' 'tempo veloce'],['B-' 'O' 'B-'],
958,2E_22,,,badante,,958_2E_22,[' badante'],[' badante'],['B-'],
2807,2F_5,,"ora, minuto, secondo",tempo,"minuto, secondo",2807_2F_5,[' tempo' 'ora' 'minuto' 'secondo'],[' tempo' 'ora'],['B-' 'B-' 'O' 'O'],
2128,5D_6,,,mente,,2128_5D_6,[' mente'],[' mente'],['B-'],
527,3C_24,mezzo di trasporto,"seat leon, mercedes, lamborghini",automobile,"mercedes, lamborghini",527_3C_24,['mezzo di trasporto' 'automobile' 'seat leon' 'mercedes' 'lamborghini'],['mezzo di trasporto' 'automobile' 'seat leon'],['B-' 'B-' 'B-' 'O' 'O'],
169,1G_13,"cibo, alimento, cosa che si mangia","al cioccolato, fondente",torta,cosa che si mangia,169_1G_13,['cibo' 'alimento' 'cosa che si mangia' 'torta' 'al cioccolato' 'fondente'],['cibo' 'alimento' 'torta' 'al cioccolato' 'fondente'],['B-' 'B-' 'O' 'B-' 'B-' 'B-'],
772,5D_8,"persona, mammifero, essere vivente",babysitter,badante,babysitter,772_5D_8,['persona' 'mammifero' 'essere vivente' 'badante' 'babysitter'],['persona' 'mammifero' 'essere vivente' 'badante'],['B-' 'B-' 'B-' 'B-' 'O'],
1686,5D_11,oggetto,"bambola, macchinina, palla",giocattolo,"macchinina, palla",1686_5D_11,['oggetto' 'giocattolo' 'bambola' 'macchinina' 'palla'],['oggetto' 'giocattolo' 'bambola'],['B-' 'B-' 'B-' 'O' 'O'],
1407,1D_13,"dolce, cibo",cheesecake ,torta,,1407_1D_13,['dolce' 'cibo' 'torta' 'cheesecake'],['dolce' 'cibo' 'torta' 'cheesecake'],['B-' 'B-' 'B-' 'B-'],
1984,2F_10,lavoro,taxista,autista,,1984_2F_10,['lavoro' 'autista' 'taxista'],['lavoro' 'autista' 'taxista'],['B-' 'B-' 'B-'],
3032,3C_10,"dolce, cibo",tiramisù,torta,,3032_3C_10,['dolce' 'cibo' 'torta' 'tiramisù'],['dolce' 'cibo' 'torta' 'tiramisù'],['B-' 'B-' 'B-' 'B-'],
1040,3C_3,"equino, animale, essere vivente, organismo pluricellulare, entità",giumenta,cavallo,,1040_3C_3,"['equino' 'animale' 'essere vivente' 'organismo pluricellulare' 'entità'
 'cavallo' 'giumenta']","['equino' 'animale' 'essere vivente' 'organismo pluricellulare' 'entità'
 'cavallo' 'giumenta']",['B-' 'B-' 'B-' 'B-' 'B-' 'B-' 'B-'],
305,5B_2,"animale, essere vivente, entità, materia, qualcosa di esistente, cosa concreta, cosa","bianco, nero, marrone",cavallo,"materia, qualcosa di esistente, cosa concreta, cosa, nero, marrone",305_5B_2,"['animale' 'essere vivente' 'entità' 'materia' 'qualcosa di esistente'
 'cosa concreta' 'cosa' 'cavallo' 'bianco' 'nero' 'marrone']",['animale' 'essere vivente' 'entità' 'cavallo' 'bianco'],['B-' 'B-' 'B-' 'O' 'O' 'O' 'O' 'B-' 'B-' 'O' 'O'],
986,1D_5,"oggetto, cosa",macchinina,giocattolo,,986_1D_5,['oggetto' 'cosa' 'giocattolo' 'macchinina'],['oggetto' 'cosa' 'giocattolo' 'macchinina'],['B-' 'B-' 'B-' 'B-'],
2937,1G_16,"dolce, cibo, commestibile",cioccolato,torta,,2937_1G_16,['dolce' 'cibo' 'commestibile' 'torta' 'cioccolato'],['dolce' 'cibo' 'commestibile' 'torta' 'cioccolato'],['B-' 'B-' 'B-' 'B-' 'B-'],
1048,2F_17,"gioco, divertimento","pupazzo, animale, gatto",giocattolo,divertimento,1048_2F_17,['gioco' 'divertimento' 'giocattolo' 'pupazzo' 'animale' 'gatto'],['gioco' 'giocattolo' 'pupazzo' 'animale' 'gatto'],['B-' 'O' 'B-' 'B-' 'B-' 'B-'],
460,5B_11,"persona, essere vivente, entità",di mia nonna,badante,,460_5B_11,['persona' 'essere vivente' 'entità' 'badante' 'badante di mia nonna'],['persona' 'essere vivente' 'entità' 'badante' 'badante di mia nonna'],['B-' 'B-' 'B-' 'B-' 'B-'],di mia nonna|||badante di mia nonna___
721,2E_8,"emozione maligna, emozione, sensazione",furia,rabbia,,721_2E_8,['emozione maligna' 'emozione' 'sensazione' 'rabbia' 'furia'],['emozione maligna' 'emozione' 'sensazione' 'rabbia' 'furia'],['B-' 'B-' 'B-' 'B-' 'B-'],
26,1G_12,"emozione, sentimento",,affetto,sentimento,26_1G_12,['emozione' 'sentimento' 'affetto'],['emozione' 'affetto'],['B-' 'O' 'B-'],
2877,5B_4,,,tempo,,2877_5B_4,[' tempo'],[' tempo'],['B-'],
655,2E_4,"mezzo di trasporto, animale, mammifero, essere vivente, entità","purosangue, della spagna, del nord",cavallo,"mezzo di trasporto, mammifero",655_2E_4,"['mezzo di trasporto' 'animale' 'mammifero' 'essere vivente' 'entità'
 'cavallo' 'purosangue' 'purosangue della spagna' 'purosangue del nord']","['animale' 'essere vivente' 'entità' 'cavallo' 'purosangue'
 'purosangue della spagna' 'purosangue del nord']",['O' 'B-' 'O' 'B-' 'B-' 'B-' 'B-' 'B-' 'B-'],della spagna|||purosangue della spagna___del nord|||purosangue del nord___
785,1D_2,"mammifero, animale, essere vivente",pony,cavallo,,785_1D_2,['mammifero' 'animale' 'essere vivente' 'cavallo' 'pony'],['mammifero' 'animale' 'essere vivente' 'cavallo' 'pony'],['B-' 'B-' 'B-' 'B-' 'B-'],
1918,2F_5,mestiere,maestra di italiano,insegnante,,1918_2F_5,['mestiere' 'insegnante' 'maestra di italiano'],['mestiere' 'insegnante' 'maestra di italiano'],['B-' 'B-' 'B-'],
269,2F_13,"lavoro, professione","macchina, taxi, autobus",autista,"professione, taxi, autobus",269_2F_13,['lavoro' 'professione' 'autista' 'macchina' 'taxi' 'autobus'],['lavoro' 'autista' 'macchina'],['B-' 'O' 'B-' 'B-' 'O' 'O'],
1265,3B_14,"sensazione, felicità",,gioia,felicità,1265_3B_14,['sensazione' 'felicità' 'gioia'],['sensazione' 'gioia'],['B-' 'O' 'B-'],
2053,2F_14,"oggetto, entità","barbie, babrie veterinaria",giocattolo,,2053_2F_14,['oggetto' 'entità' 'giocattolo' 'barbie' 'babrie veterinaria'],['oggetto' 'entità' 'giocattolo' 'barbie' 'babrie veterinaria'],['B-' 'B-' 'B-' 'B-' 'B-'],
1266,3B_15,sensazione,,gioia,,1266_3B_15,['sensazione' 'gioia'],['sensazione' 'gioia'],['B-' 'B-'],
1039,2E_9,"gioco, plastica, oggetto","macchinine, macchinine F1, macchinine di marco",giocattolo,plastica,1039_2E_9,"['gioco' 'plastica' 'oggetto' 'giocattolo' 'macchinine' 'macchinine F1'
 'macchinine di marco']","['gioco' 'oggetto' 'giocattolo' 'macchinine' 'macchinine F1'
 'macchinine di marco']",['B-' 'O' 'B-' 'B-' 'B-' 'B-' 'B-'],
30,1G_3,"emozione, cosa astratta, inesistenza",affetto tossico,affetto,inesistenza,30_1G_3,['emozione' 'cosa astratta' 'inesistenza' 'affetto' 'affetto tossico'],['emozione' 'cosa astratta' 'affetto' 'affetto tossico'],['B-' 'B-' 'O' 'B-' 'B-'],
2373,3C_21,"dessert, alimento, cosa","torta al cioccolato, sacher",torta,,2373_3C_21,['dessert' 'alimento' 'cosa' 'torta' 'torta al cioccolato' 'sacher'],['dessert' 'alimento' 'cosa' 'torta' 'torta al cioccolato' 'sacher'],['B-' 'B-' 'B-' 'B-' 'B-' 'B-'],
2512,5D_24,sentimento,infuriato,rabbia,infuriato,2512_5D_24,['sentimento' 'rabbia' 'infuriato'],['sentimento' 'rabbia'],['B-' 'B-' 'O'],
165,5B_5,sentimento,amore,affetto,,165_5B_5,['sentimento' 'affetto' 'amore'],['sentimento' 'affetto' 'amore'],['B-' 'B-' 'B-'],
1642,2F_4,,,libertà,,1642_2F_4,[' libertà'],[' libertà'],['B-'],
296,3B_14,"persona, mammifero, uomo, essere vivente",capotreno,autista,uomo,296_3B_14,['persona' 'mammifero' 'uomo' 'essere vivente' 'autista' 'capotreno'],['persona' 'mammifero' 'essere vivente' 'autista' 'capotreno'],['B-' 'B-' 'O' 'B-' 'B-' 'B-'],
2580,2E_22,,,sogno,,2580_2E_22,[' sogno'],[' sogno'],['B-'],
2728,1D_22,,,tempo,,2728_1D_22,[' tempo'],[' tempo'],['B-'],
1518,5B_21,"persona, essere vivente, mammifero",ufficio,insegnante,"mammifero, ufficio",1518_5B_21,['persona' 'essere vivente' 'mammifero' 'insegnante' 'ufficio'],['persona' 'essere vivente' 'insegnante'],['B-' 'B-' 'O' 'B-' 'O'],
1210,3C_13,diritto,di espressione,libertà,,1210_3C_13,['diritto' 'libertà' 'libertà di espressione'],['diritto' 'libertà' 'libertà di espressione'],['B-' 'B-' 'B-'],di espressione|||libertà di espressione___
1325,1D_7,,,mente,,1325_1D_7,[' mente'],[' mente'],['B-'],
261,1G_22,"servizio sociale, aiutante e medico","badante di mia nonna, Lucia",badante,aiutante e medico,261_1G_22,"['servizio sociale' 'aiutante e medico' 'badante' 'badante di mia nonna'
 'Lucia']",['servizio sociale' 'badante' 'badante di mia nonna' 'Lucia'],['B-' 'O' 'B-' 'B-' 'B-'],
1700,5D_12,"persona, vertebrato, essere vivente, entità",dell'autobus,autista,,1700_5D_12,"['persona' 'vertebrato' 'essere vivente' 'entità' 'autista' ""dell'autobus""]","['persona' 'vertebrato' 'essere vivente' 'entità' 'autista' ""dell'autobus""]",['B-' 'B-' 'B-' 'B-' 'B-' 'B-'],
3089,5D_20,dolce,lavacake,torta,,3089_5D_20,['dolce' 'torta' 'lavacake'],['dolce' 'torta' 'lavacake'],['B-' 'B-' 'B-'],
1777,5D_17,sentimento,pace,libertà,"sentimento, pace",1777_5D_17,['sentimento' 'libertà' 'pace'],['libertà'],['O' 'B-' 'O'],
1227,1D_1,unità di misura,"ore, minuti, secondi",tempo,"minuti, secondi",1227_1D_1,['unità di misura' 'tempo' 'ore' 'minuti' 'secondi'],['unità di misura' 'tempo' 'ore'],['B-' 'B-' 'B-' 'O' 'O'],
1147,3C_9,"animale, essere vivente, è un soggetto",pony,cavallo,è un soggetto,1147_3C_9,['animale' 'essere vivente' 'è un soggetto' 'cavallo' 'pony'],['animale' 'essere vivente' 'cavallo' 'pony'],['B-' 'B-' 'O' 'B-' 'B-'],
539,5B_12,"mezzo, strumento, oggetto, cosa, materia",lamborghini,automobile,,539_5B_12,['mezzo' 'strumento' 'oggetto' 'cosa' 'materia' 'automobile' 'lamborghini'],['mezzo' 'strumento' 'oggetto' 'cosa' 'materia' 'automobile' 'lamborghini'],['B-' 'B-' 'B-' 'B-' 'B-' 'B-' 'B-'],
1515,1D_19,"lavoro, guadagno",di base,medico,guadagno,1515_1D_19,['lavoro' 'guadagno' 'medico' 'medico di base'],['lavoro' 'medico' 'medico di base'],['B-' 'O' 'B-' 'B-'],di base|||medico di base___
109,3B_2,"emozione, sentimento",,affetto,sentimento,109_3B_2,['emozione' 'sentimento' 'affetto'],['emozione' 'affetto'],['B-' 'O' 'B-'],
1896,2F_3,"mammifero, vertebrato, essere vivente, entità",pony,cavallo,,1896_2F_3,['mammifero' 'vertebrato' 'essere vivente' 'entità' 'cavallo' 'pony'],['mammifero' 'vertebrato' 'essere vivente' 'entità' 'cavallo' 'pony'],['B-' 'B-' 'B-' 'B-' 'B-' 'B-'],
283,1G_23,"mezzo di trasporto, mezzo di comunicazione, mezzo","da corsa, da F1",automobile,"mezzo di comunicazione, mezzo",283_1G_23,"['mezzo di trasporto' 'mezzo di comunicazione' 'mezzo' 'automobile'
 'automobile da corsa' 'automobile da F1']","['mezzo di trasporto' 'automobile' 'automobile da corsa'
 'automobile da F1']",['B-' 'O' 'O' 'B-' 'B-' 'B-'],da corsa|||automobile da corsa___da F1|||automobile da F1___
2327,1D_10,"emozione, stato d'animo, sentimento",provocazione,rabbia,"stato d'animo, sentimento, provocazione",2327_1D_10,"['emozione' ""stato d'animo"" 'sentimento' 'rabbia' 'provocazione']",['emozione' 'rabbia'],['B-' 'O' 'O' 'B-' 'O'],
873,3B_10,"mammifero, animale, essere vivente",pony,cavallo,,873_3B_10,['mammifero' 'animale' 'essere vivente' 'cavallo' 'pony'],['mammifero' 'animale' 'essere vivente' 'cavallo' 'pony'],['B-' 'B-' 'B-' 'B-' 'B-'],
89,1G_7,cosa astratta,di dormire,tempo,di dormire,89_1G_7,['cosa astratta' 'tempo' 'tempo di dormire'],['cosa astratta' 'tempo'],['B-' 'B-' 'O'],di dormire|||tempo di dormire___
1067,3B_10,oggetto,"costruzioni, lego",giocattolo,,1067_3B_10,['oggetto' 'giocattolo' 'costruzioni' 'lego'],['oggetto' 'giocattolo' 'costruzioni' 'lego'],['B-' 'B-' 'B-' 'B-'],
892,2E_18,"emozione, stimolo, entità",claustrofobia,paura,stimolo,892_2E_18,['emozione' 'stimolo' 'entità' 'paura' 'claustrofobia'],['emozione' 'entità' 'paura' 'claustrofobia'],['B-' 'O' 'B-' 'B-' 'B-'],
2106,2F_18,"lavoro, persona, dottore","chirurgo, infermiere",medico,"persona, dottore, infermiere",2106_2F_18,['lavoro' 'persona' 'dottore' 'medico' 'chirurgo' 'infermiere'],['lavoro' 'medico' 'chirurgo'],['B-' 'O' 'O' 'B-' 'B-' 'O'],
2582,2E_24,,,sogno,,2582_2E_24,[' sogno'],[' sogno'],['B-'],
1023,3C_2,"equino, mammifero, animale, essere vivente, insieme di tessuti e organi, composizione di atomi","purosangue, purosangue arabo, purosangue arabo nero",cavallo,"insieme di tessuti e organi, composizione di atomi",1023_3C_2,"['equino' 'mammifero' 'animale' 'essere vivente'
 'insieme di tessuti e organi' 'composizione di atomi' 'cavallo'
 'purosangue' 'purosangue arabo' 'purosangue arabo nero']","['equino' 'mammifero' 'animale' 'essere vivente' 'cavallo' 'purosangue'
 'purosangue arabo' 'purosangue arabo nero']",['B-' 'B-' 'B-' 'B-' 'O' 'O' 'B-' 'B-' 'B-' 'B-'],
344,5B_11,persona,"taxista, automobili",autista,automobili,344_5B_11,['persona' 'autista' 'taxista' 'automobili'],['persona' 'autista' 'taxista'],['B-' 'B-' 'B-' 'O'],
1115,3C_7,"pensiero, sentimenti, informazioni",,mente,"pensiero, sentimenti, informazioni",1115_3C_7,['pensiero' 'sentimenti' 'informazioni' 'mente'],['mente'],['O' 'O' 'O' 'B-'],
1650,5D_8,"emozione, entità",paura del buio,paura,,1650_5D_8,['emozione' 'entità' 'paura' 'paura del buio'],['emozione' 'entità' 'paura' 'paura del buio'],['B-' 'B-' 'B-' 'B-'],
1876,3C_17,"aiutante, aiuto","infermiere, chirurgo",medico,"aiutante, aiuto, infermiere",1876_3C_17,['aiutante' 'aiuto' 'medico' 'infermiere' 'chirurgo'],['medico' 'chirurgo'],['O' 'O' 'B-' 'O' 'B-'],
348,5B_4,"lavoro, occupazione, forza, capacità di compiere qualcosa, cosa, entità","autista di formula 1, lecler",autista,"forza, capacità di compiere qualcosa, cosa",348_5B_4,"['lavoro' 'occupazione' 'forza' 'capacità di compiere qualcosa' 'cosa'
 'entità' 'autista' 'autista di formula 1' 'lecler']",['lavoro' 'occupazione' 'entità' 'autista' 'autista di formula 1' 'lecler'],['B-' 'B-' 'O' 'O' 'O' 'B-' 'B-' 'B-' 'B-'],
2476,5B_10,"emozione, sentimento",,rabbia,sentimento,2476_5B_10,['emozione' 'sentimento' 'rabbia'],['emozione' 'rabbia'],['B-' 'O' 'B-'],
1538,5D_20,"persona, lavoro",,insegnante,lavoro,1538_5D_20,['persona' 'lavoro' 'insegnante'],['persona' 'insegnante'],['B-' 'O' 'B-'],
2977,2E_8,tiramisù,cheesecake,torta,tiramisù,2977_2E_8,['tiramisù' 'torta' 'cheesecake'],['torta' 'cheesecake'],['O' 'B-' 'B-'],
1275,1D_4,"persona, essere vivente, creatura vivente, cellula, atomi, entità",taxi,autista,"creatura vivente, cellula, atomi",1275_1D_4,"['persona' 'essere vivente' 'creatura vivente' 'cellula' 'atomi' 'entità'
 'autista' 'taxi']",['persona' 'essere vivente' 'entità' 'autista' 'taxi'],['B-' 'B-' 'O' 'O' 'O' 'B-' 'B-' 'B-'],
1087,3B_5,"utensile, oggetto",peluche,giocattolo,utensile,1087_3B_5,['utensile' 'oggetto' 'giocattolo' 'peluche'],['oggetto' 'giocattolo' 'peluche'],['O' 'B-' 'B-' 'B-'],
1811,5D_21,entità,di religione,libertà,,1811_5D_21,['entità' 'libertà' 'libertà di religione'],['entità' 'libertà' 'libertà di religione'],['B-' 'B-' 'B-'],di religione|||libertà di religione___
1732,5D_20,,,libertà,,1732_5D_20,[' libertà'],[' libertà'],['B-'],
266,2F_10,"lavoro, ruolo, dovere","camionista, capotreno, taxista",autista,"ruolo, capotreno, taxista",266_2F_10,['lavoro' 'ruolo' 'dovere' 'autista' 'camionista' 'capotreno' 'taxista'],['lavoro' 'dovere' 'autista' 'camionista'],['B-' 'O' 'B-' 'B-' 'B-' 'O' 'O'],
1386,1D_11,"mestiere, lavoro, guadagno",di taxi,autista,guadagno,1386_1D_11,['mestiere' 'lavoro' 'guadagno' 'autista' 'autista di taxi'],['mestiere' 'lavoro' 'autista' 'autista di taxi'],['B-' 'B-' 'O' 'B-' 'B-'],di taxi|||autista di taxi___
2474,3C_9,"emozione, sentimento",rabbia con una persona,rabbia,sentimento,2474_3C_9,['emozione' 'sentimento' 'rabbia' 'rabbia con una persona'],['emozione' 'rabbia' 'rabbia con una persona'],['B-' 'O' 'B-' 'B-'],
725,2E_8,"pensiero nella mente, entità",maligno,sogno,,725_2E_8,['pensiero nella mente' 'entità' 'sogno' 'maligno'],['pensiero nella mente' 'entità' 'sogno' 'maligno'],['B-' 'B-' 'B-' 'B-'],
391,5B_7,"professione, lavoro, occupazione","insegnante di matematica, insegnante di aritmentica",insegnante,,391_5B_7,"['professione' 'lavoro' 'occupazione' 'insegnante'
 'insegnante di matematica' 'insegnante di aritmentica']","['professione' 'lavoro' 'occupazione' 'insegnante'
 'insegnante di matematica' 'insegnante di aritmentica']",['B-' 'B-' 'B-' 'B-' 'B-' 'B-'],
1977,1G_3,"pensiero, presentimento","psicologia, materia, studio",mente,"pensiero, presentimento, psicologia, materia, studio",1977_1G_3,['pensiero' 'presentimento' 'mente' 'psicologia' 'materia' 'studio'],['mente'],['O' 'O' 'B-' 'O' 'O' 'O'],
1932,2F_5,emozione,brutto voto a scuola,rabbia,brutto voto a scuola,1932_2F_5,['emozione' 'rabbia' 'brutto voto a scuola'],['emozione' 'rabbia'],['B-' 'B-' 'O'],
928,2E_21,"persona, lavoratore, assistente per persone bisognose, assistente, entità",per anziani,badante,"lavoratore, assistente per persone bisognose, assistente",928_2E_21,"['persona' 'lavoratore' 'assistente per persone bisognose' 'assistente'
 'entità' 'badante' 'badante per anziani']",['persona' 'entità' 'badante' 'badante per anziani'],['B-' 'O' 'O' 'O' 'B-' 'B-' 'B-'],per anziani|||badante per anziani___
5,1G_2,"sentimento, emozione, cosa astratta",,rabbia,emozione,5_1G_2,['sentimento' 'emozione' 'cosa astratta' 'rabbia'],['sentimento' 'cosa astratta' 'rabbia'],['B-' 'O' 'B-' 'B-'],
1338,5D_15,"emozione, contento, sentimento",,gioia,"contento, sentimento",1338_5D_15,['emozione' 'contento' 'sentimento' 'gioia'],['emozione' 'gioia'],['B-' 'O' 'O' 'B-'],
166,5B_6,"nonno, nonna, fratello, sorella, madre, padre",,affetto,"nonno, nonna, fratello, sorella, madre, padre",166_5B_6,['nonno' 'nonna' 'fratello' 'sorella' 'madre' 'padre' 'affetto'],['affetto'],['O' 'O' 'O' 'O' 'O' 'O' 'B-'],
547,5B_17,"amore, emozione",,affetto,amore,547_5B_17,['amore' 'emozione' 'affetto'],['emozione' 'affetto'],['O' 'B-' 'B-'],
2461,3C_2,"sentimento, stato d'animo, emozione",,rabbia,"stato d'animo, emozione",2461_3C_2,"['sentimento' ""stato d'animo"" 'emozione' 'rabbia']",['sentimento' 'rabbia'],['B-' 'O' 'O' 'B-'],
1668,5D_10,"organo del corpo, entità, cosa",mente intelligente,mente,"organo del corpo, cosa",1668_5D_10,['organo del corpo' 'entità' 'cosa' 'mente' 'mente intelligente'],['entità' 'mente' 'mente intelligente'],['O' 'B-' 'O' 'B-' 'B-'],
464,5B_12,"emozione, pensiero, idea, cosa astratta",crisi di nervi,rabbia,"pensiero, idea, crisi di nervi",464_5B_12,['emozione' 'pensiero' 'idea' 'cosa astratta' 'rabbia' 'crisi di nervi'],['emozione' 'cosa astratta' 'rabbia'],['B-' 'O' 'O' 'B-' 'B-' 'O'],
1324,1D_7,persona,,insegnante,,1324_1D_7,['persona' 'insegnante'],['persona' 'insegnante'],['B-' 'B-'],
392,1D_14,cosa,"ferrari, bentley, lamborghini",automobile,"bentley, lamborghini",392_1D_14,['cosa' 'automobile' 'ferrari' 'bentley' 'lamborghini'],['cosa' 'automobile' 'ferrari'],['B-' 'B-' 'B-' 'O' 'O'],
767,5D_3,persona,di animali,badante,di animali,767_5D_3,['persona' 'badante' 'badante di animali'],['persona' 'badante'],['B-' 'B-' 'O'],di animali|||badante di animali___
2016,2F_12,emozione,"rabbia contro una persona, rabbia contro mia mamma",rabbia,,2016_2F_12,['emozione' 'rabbia' 'rabbia contro una persona' 'rabbia contro mia mamma'],['emozione' 'rabbia' 'rabbia contro una persona' 'rabbia contro mia mamma'],['B-' 'B-' 'B-' 'B-'],
253,2E_22,"persona, lavoro, essere vivente","autobus, taxi",autista,"lavoro, taxi",253_2E_22,['persona' 'lavoro' 'essere vivente' 'autista' 'autobus' 'taxi'],['persona' 'essere vivente' 'autista' 'autobus'],['B-' 'O' 'B-' 'B-' 'B-' 'O'],
1603,5D_3,"persona, uomo",essere vivente,medico,uomo,1603_5D_3,['persona' 'uomo' 'medico' 'essere vivente'],['persona' 'medico' 'essere vivente'],['B-' 'O' 'B-' 'B-'],
1576,1D_23,dimensione astratta,"secondi, minuti, ore",tempo,"minuti, ore",1576_1D_23,['dimensione astratta' 'tempo' 'secondi' 'minuti' 'ore'],['dimensione astratta' 'tempo' 'secondi'],['B-' 'B-' 'B-' 'O' 'O'],
2314,3C_17,"emozione, sentimento, sensazione",,gioia,sentimento,2314_3C_17,['emozione' 'sentimento' 'sensazione' 'gioia'],['emozione' 'sensazione' 'gioia'],['B-' 'O' 'B-' 'B-'],
282,1G_23,"emozione positiva, emozione, concetto astratto","familiare, della mamma",affetto,,282_1G_23,"['emozione positiva' 'emozione' 'concetto astratto' 'affetto' 'familiare'
 'familiare della mamma']","['emozione positiva' 'emozione' 'concetto astratto' 'affetto' 'familiare'
 'familiare della mamma']",['B-' 'B-' 'B-' 'B-' 'B-' 'B-'],della mamma|||familiare della mamma___
2642,3B_8,,incubo,sogno,,2642_3B_8,[' sogno' 'incubo'],[' sogno' 'incubo'],['B-' 'B-'],
2000,2F_11,"emozione, cosa astratta",,gioia,,2000_2F_11,['emozione' 'cosa astratta' 'gioia'],['emozione' 'cosa astratta' 'gioia'],['B-' 'B-' 'B-'],
410,5B_8,"emozione, cosa astratta, cosa ",amore,affetto,cosa,410_5B_8,['emozione' 'cosa astratta' 'cosa ' 'affetto' 'amore'],['emozione' 'cosa astratta' 'cosa ' 'affetto' 'amore'],['B-' 'B-' 'B-' 'B-' 'B-'],
2285,5B_13,"emozione, sentimento","ragni, ragnatele",paura,"sentimento, ragnatele",2285_5B_13,['emozione' 'sentimento' 'paura' 'ragni' 'ragnatele'],['emozione' 'paura' 'ragni'],['B-' 'O' 'B-' 'B-' 'O'],
786,1D_20,"mammifero, animale, essere vivente",,cavallo,,786_1D_20,['mammifero' 'animale' 'essere vivente' 'cavallo'],['mammifero' 'animale' 'essere vivente' 'cavallo'],['B-' 'B-' 'B-' 'B-'],
200,1G_18,"mestiere, lavoro, pratica, entità","professore, professore di matematica, di aritmetica",insegnante,pratica,200_1G_18,"['mestiere' 'lavoro' 'pratica' 'entità' 'insegnante' 'professore'
 'professore di matematica' 'professore di matematica di aritmetica']","['mestiere' 'lavoro' 'entità' 'insegnante' 'professore'
 'professore di matematica' 'professore di matematica di aritmetica']",['B-' 'B-' 'O' 'B-' 'B-' 'B-' 'B-' 'B-'],di aritmetica|||professore di matematica di aritmetica___
2396,2E_8,"fortnite, glovo, viaggiare in auto",,rabbia,"fortnite, glovo, viaggiare in auto",2396_2E_8,['fortnite' 'glovo' 'viaggiare in auto' 'rabbia'],['rabbia'],['O' 'O' 'O' 'B-'],
550,5B_17,"divertimento, passatempo","bambola, barbie, barbie dottoressa",giocattolo,"divertimento, passatempo",550_5B_17,"['divertimento' 'passatempo' 'giocattolo' 'bambola' 'barbie'
 'barbie dottoressa']",['giocattolo' 'bambola' 'barbie' 'barbie dottoressa'],['O' 'O' 'B-' 'B-' 'B-' 'B-'],
2665,3C_6,"fantasia, cosa astratta, pensiero","incubo, mostri",sogno,pensiero,2665_3C_6,['fantasia' 'cosa astratta' 'pensiero' 'sogno' 'incubo' 'mostri'],['fantasia' 'cosa astratta' 'sogno' 'incubo' 'mostri'],['B-' 'B-' 'O' 'B-' 'B-' 'B-'],
630,2E_13,"mammifero, persona, essere vivente",nero,badante,persona,630_2E_13,['mammifero' 'persona' 'essere vivente' 'badante' 'nero'],['mammifero' 'essere vivente' 'badante' 'nero'],['B-' 'O' 'B-' 'B-' 'B-'],
1730,5D_14,"persona, essere vivente, mammifero",insegnante di storia,insegnante,mammifero,1730_5D_14,"['persona' 'essere vivente' 'mammifero' 'insegnante'
 'insegnante di storia']",['persona' 'essere vivente' 'insegnante' 'insegnante di storia'],['B-' 'B-' 'O' 'B-' 'B-'],
1572,1D_23,stato d'animo,spropositata,gioia,,1572_1D_23,"[""stato d'animo"" 'gioia' 'spropositata']","[""stato d'animo"" 'gioia' 'spropositata']",['B-' 'B-' 'B-'],
533,3C_7,"ferrari, veloce, ruote",,automobile,"ferrari, veloce, ruote",533_3C_7,['ferrari' 'veloce' 'ruote' 'automobile'],['automobile'],['O' 'O' 'O' 'B-'],
1235,1D_2,sentimento,"claustrofobia, aerofobia, aracnofobia",paura,"aerofobia, aracnofobia",1235_1D_2,['sentimento' 'paura' 'claustrofobia' 'aerofobia' 'aracnofobia'],['sentimento' 'paura' 'claustrofobia'],['B-' 'B-' 'B-' 'O' 'O'],
2027,2F_25,,"pensiero, ragionare",mente,"pensiero, ragionare",2027_2F_25,[' mente' 'pensiero' 'ragionare'],[' mente'],['B-' 'O' 'O'],
1945,1D_16,"testa, corpo",cervello,mente,"testa, corpo, cervello",1945_1D_16,['testa' 'corpo' 'mente' 'cervello'],['mente'],['O' 'O' 'B-' 'O'],
2983,2F_13,buona,panna,torta,buona,2983_2F_13,['buona' 'torta' 'panna'],['torta' 'panna'],['O' 'B-' 'B-'],
1101,3C_6,"sentimento, emozione, sensazione, cosa astratta","amore, gentilezza",affetto,"emozione, gentilezza",1101_3C_6,"['sentimento' 'emozione' 'sensazione' 'cosa astratta' 'affetto' 'amore'
 'gentilezza']",['sentimento' 'sensazione' 'cosa astratta' 'affetto' 'amore'],['B-' 'O' 'B-' 'B-' 'B-' 'B-' 'O'],
3026,3B_5,"dolce, cibo, alimento, energia, risorsa",crostata,torta,risorsa,3026_3B_5,['dolce' 'cibo' 'alimento' 'energia' 'risorsa' 'torta' 'crostata'],['dolce' 'cibo' 'alimento' 'energia' 'torta' 'crostata'],['B-' 'B-' 'B-' 'B-' 'O' 'B-' 'B-'],
1802,5D_18,"prodotto della mente, cosa astratta",incubo,sogno,prodotto della mente,1802_5D_18,['prodotto della mente' 'cosa astratta' 'sogno' 'incubo'],['cosa astratta' 'sogno' 'incubo'],['O' 'B-' 'B-' 'B-'],
2357,3C_20,"mammifero, animale, essere vivente",purosangue,cavallo,,2357_3C_20,['mammifero' 'animale' 'essere vivente' 'cavallo' 'purosangue'],['mammifero' 'animale' 'essere vivente' 'cavallo' 'purosangue'],['B-' 'B-' 'B-' 'B-' 'B-'],
566,5D_19,"mezzo di trasporto, ha quattro ruote","panda, lamborghini, ferrari",automobile,"ha quattro ruote, lamborghini, ferrari",566_5D_19,"['mezzo di trasporto' 'ha quattro ruote' 'automobile' 'panda'
 'lamborghini' 'ferrari']",['mezzo di trasporto' 'automobile' 'panda'],['B-' 'O' 'B-' 'B-' 'O' 'O'],
2988,2F_18,"cibo, bontà, gusto, dolce, delizia","cioccolato e limone, vaniglia e arancia, fragola e mela, pistacchio e puffo, banana",torta,"bontà, gusto, dolce, delizia, vaniglia e arancia, fragola e mela, pistacchio e puffo, banana",2988_2F_18,"['cibo' 'bontà' 'gusto' 'dolce' 'delizia' 'torta' 'cioccolato e limone'
 'vaniglia e arancia' 'fragola e mela' 'pistacchio e puffo' 'banana']",['cibo' 'torta' 'cioccolato e limone'],['B-' 'O' 'O' 'O' 'O' 'B-' 'B-' 'O' 'O' 'O' 'O'],
898,3C_1,"mammifero, animale, essere vivente","pony, puledro",cavallo,puledro,898_3C_1,['mammifero' 'animale' 'essere vivente' 'cavallo' 'pony' 'puledro'],['mammifero' 'animale' 'essere vivente' 'cavallo' 'pony'],['B-' 'B-' 'B-' 'B-' 'B-' 'O'],
2638,3B_4,immaginazione,,sogno,,2638_3B_4,['immaginazione' 'sogno'],['immaginazione' 'sogno'],['B-' 'B-'],
1238,2F_13,"felicità, sentimento",lacrima,gioia,"felicità, lacrima",1238_2F_13,['felicità' 'sentimento' 'gioia' 'lacrima'],['sentimento' 'gioia'],['O' 'B-' 'B-' 'O'],
919,2E_20,"autista, incidenti","macchina, camion",automobile,"autista, incidenti, macchina, camion",919_2E_20,['autista' 'incidenti' 'automobile' 'macchina' 'camion'],['automobile'],['O' 'O' 'B-' 'O' 'O'],
153,1G_12,"dolce, dessert",torta gelato,torta,dessert,153_1G_12,['dolce' 'dessert' 'torta' 'torta gelato'],['dolce' 'torta' 'torta gelato'],['B-' 'O' 'B-' 'B-'],
849,2F_12,"erbivoro, animale, essere vivente, quadrupede",,cavallo,quadrupede,849_2F_12,['erbivoro' 'animale' 'essere vivente' 'quadrupede' 'cavallo'],['erbivoro' 'animale' 'essere vivente' 'cavallo'],['B-' 'B-' 'B-' 'O' 'B-'],
2976,2E_7,"dolce, salata, ingredienti",torta alle mele,torta,"salata, ingredienti",2976_2E_7,['dolce' 'salata' 'ingredienti' 'torta' 'torta alle mele'],['dolce' 'torta' 'torta alle mele'],['B-' 'O' 'O' 'B-' 'B-'],
2485,5B_19,"ira, cosa astratta",sentimento,rabbia,"ira, sentimento",2485_5B_19,['ira' 'cosa astratta' 'rabbia' 'sentimento'],['cosa astratta' 'rabbia'],['O' 'B-' 'B-' 'O'],
2440,3B_24,,,rabbia,,2440_3B_24,[' rabbia'],[' rabbia'],['B-'],
777,1D_12,"mammifero, animale, essere vivente, equitazione","pony, bianchi",cavallo,equitazione,777_1D_12,"['mammifero' 'animale' 'essere vivente' 'equitazione' 'cavallo' 'pony'
 'bianchi']",['mammifero' 'animale' 'essere vivente' 'cavallo' 'pony' 'bianchi'],['B-' 'B-' 'B-' 'O' 'B-' 'B-' 'B-'],
1208,2E_1,felicità,"persona, momento",gioia,"felicità, persona, momento",1208_2E_1,['felicità' 'gioia' 'persona' 'momento'],['gioia'],['O' 'B-' 'O' 'O'],
207,1G_18,"emozione, sensazione, sentimento, cosa astratta, esperienza, entità","fobia, aracnofobia, paura delle tarantole",paura,"sentimento, esperienza ",207_1G_18,"['emozione' 'sensazione' 'sentimento' 'cosa astratta' 'esperienza'
 'entità' 'paura' 'fobia' 'aracnofobia' 'paura delle tarantole']","['emozione' 'sensazione' 'cosa astratta' 'esperienza' 'entità' 'paura'
 'fobia' 'aracnofobia' 'paura delle tarantole']",['B-' 'B-' 'O' 'B-' 'B-' 'B-' 'B-' 'B-' 'B-' 'B-'],
2849,3C_2,"insieme di momenti e attimi, arco di tempo più o meno lungo","momenti, attimo, millesimo di momento",tempo,"insieme di momenti e attimi, arco di tempo più o meno lungo, attimo, millesimo di momento",2849_3C_2,"['insieme di momenti e attimi' 'arco di tempo più o meno lungo' 'tempo'
 'momenti' 'attimo' 'millesimo di momento']",['tempo' 'momenti'],['O' 'O' 'B-' 'B-' 'O' 'O'],
1290,3C_13,"emozione, sentimento, provare qualcosa",felicità,gioia,"sentimento, felicità",1290_3C_13,['emozione' 'sentimento' 'provare qualcosa' 'gioia' 'felicità'],['emozione' 'provare qualcosa' 'gioia'],['B-' 'O' 'B-' 'B-' 'O'],
1407,2E_14,"docente, lavoro, dovere",di lettere,insegnante,docente,1407_2E_14,['docente' 'lavoro' 'dovere' 'insegnante' 'insegnante di lettere'],['lavoro' 'dovere' 'insegnante' 'insegnante di lettere'],['O' 'B-' 'B-' 'B-' 'B-'],di lettere|||insegnante di lettere___
1824,2F_17,"medicina, pastiglie, oggetti",infermiere,medico,"medicina, pastiglie, oggetti, infermiere",1824_2F_17,['medicina' 'pastiglie' 'oggetti' 'medico' 'infermiere'],['medico'],['O' 'O' 'O' 'B-' 'O'],
2189,2E_2,"tremare, pianto, emozione",brividi,paura,"tremare, pianto, brividi",2189_2E_2,['tremare' 'pianto' 'emozione' 'paura' 'brividi'],['emozione' 'paura'],['O' 'O' 'B-' 'B-' 'O'],
448,2E_23,"mezzo di trasporto, auto, oggetto","ford, ferrari, lamborghini",automobile,"auto, ferrari, lamborghini",448_2E_23,"['mezzo di trasporto' 'auto' 'oggetto' 'automobile' 'ford' 'ferrari'
 'lamborghini']",['mezzo di trasporto' 'oggetto' 'automobile' 'ford'],['B-' 'O' 'B-' 'B-' 'B-' 'O' 'O'],
695,2E_6,"mammifero, animale, essere vivente, entità","pony, nero",cavallo,,695_2E_6,['mammifero' 'animale' 'essere vivente' 'entità' 'cavallo' 'pony' 'nero'],['mammifero' 'animale' 'essere vivente' 'entità' 'cavallo' 'pony' 'nero'],['B-' 'B-' 'B-' 'B-' 'B-' 'B-' 'B-'],
439,5B_10,"mezzo di trasporto, macchinario, oggetto, entità",ferrari,automobile,,439_5B_10,"['mezzo di trasporto' 'macchinario' 'oggetto' 'entità' 'automobile'
 'ferrari']","['mezzo di trasporto' 'macchinario' 'oggetto' 'entità' 'automobile'
 'ferrari']",['B-' 'B-' 'B-' 'B-' 'B-' 'B-'],
107,1G_8,"emozione, sentimento, sensazione, entità",gioia furibonda,gioia,sentimento,107_1G_8,['emozione' 'sentimento' 'sensazione' 'entità' 'gioia' 'gioia furibonda'],['emozione' 'sensazione' 'entità' 'gioia' 'gioia furibonda'],['B-' 'O' 'B-' 'B-' 'B-' 'B-'],
223,1G_19,servizio,di religione,insegnante,,223_1G_19,['servizio' 'insegnante' 'insegnante di religione'],['servizio' 'insegnante' 'insegnante di religione'],['B-' 'B-' 'B-'],di religione|||insegnante di religione___
2374,3C_21,"mezzo di intrattenimento, cosa","bambola, barbie",giocattolo,mezzo di intrattenimento,2374_3C_21,['mezzo di intrattenimento' 'cosa' 'giocattolo' 'bambola' 'barbie'],['cosa' 'giocattolo' 'bambola' 'barbie'],['O' 'B-' 'B-' 'B-' 'B-'],
1352,1D_9,"cibo, alimento","al cioccolato, al mashmallow",torta,al mashmallow,1352_1D_9,['cibo' 'alimento' 'torta' 'al cioccolato' 'al mashmallow'],['cibo' 'alimento' 'torta' 'al cioccolato'],['B-' 'B-' 'B-' 'B-' 'O'],
1397,1G_5,"maestro, persona, essere vivente",,insegnante,maestro,1397_1G_5,['maestro' 'persona' 'essere vivente' 'insegnante'],['persona' 'essere vivente' 'insegnante'],['O' 'B-' 'B-' 'B-'],
1224,2E_24,nome,,gioia,,1224_2E_24,['nome' 'gioia'],['nome' 'gioia'],['B-' 'B-'],
571,5B_18,parte del corpo,cervello,mente,"parte del corpo, cervello",571_5B_18,['parte del corpo' 'mente' 'cervello'],['mente'],['O' 'B-' 'O'],
373,5B_6,"essere vivente, guidatore",guida una macchina,autista,guidatore,373_5B_6,['essere vivente' 'guidatore' 'autista' 'guida una macchina'],['essere vivente' 'autista' 'guida una macchina'],['B-' 'O' 'B-' 'B-'],
1462,3B_17,"persona, bipede, mammifero, essere vivente","compiti, libri, carta",insegnante,"compiti, libri, carta",1462_3B_17,"['persona' 'bipede' 'mammifero' 'essere vivente' 'insegnante' 'compiti'
 'libri' 'carta']",['persona' 'bipede' 'mammifero' 'essere vivente' 'insegnante'],['B-' 'B-' 'B-' 'B-' 'B-' 'O' 'O' 'O'],
2437,3B_21,"emozione, sentimento",,rabbia,sentimento,2437_3B_21,['emozione' 'sentimento' 'rabbia'],['emozione' 'rabbia'],['B-' 'O' 'B-'],
1179,1D_4,,"felicità, emozione",gioia,"felicità, emozione",1179_1D_4,[' gioia' 'felicità' 'emozione'],[' gioia'],['B-' 'O' 'O'],
819,1G_9,"essere vivente, mammifero",pony,cavallo,mammifero,819_1G_9,['essere vivente' 'mammifero' 'cavallo' 'pony'],['essere vivente' 'cavallo' 'pony'],['B-' 'O' 'B-' 'B-'],
799,1G_11,"mammifero, animale, essere vivente",pony,cavallo,,799_1G_11,['mammifero' 'animale' 'essere vivente' 'cavallo' 'pony'],['mammifero' 'animale' 'essere vivente' 'cavallo' 'pony'],['B-' 'B-' 'B-' 'B-' 'B-'],
2457,3C_16,sentimento,"famiglia, vita sociale",rabbia,"famiglia, vita sociale",2457_3C_16,['sentimento' 'rabbia' 'famiglia' 'vita sociale'],['sentimento' 'rabbia'],['B-' 'B-' 'O' 'O'],
2436,3B_20,"emozione, sentimento",nervoso,rabbia,"sentimento, nervoso",2436_3B_20,['emozione' 'sentimento' 'rabbia' 'nervoso'],['emozione' 'rabbia'],['B-' 'O' 'B-' 'O'],
2470,3C_5,"nervoso, sensazione, sentimento, emozione",,rabbia,"nervoso, sentimento, emozione",2470_3C_5,['nervoso' 'sensazione' 'sentimento' 'emozione' 'rabbia'],['sensazione' 'rabbia'],['O' 'B-' 'O' 'O' 'B-'],
2105,2F_18,"sentimento, emozione",,paura,emozione,2105_2F_18,['sentimento' 'emozione' 'paura'],['sentimento' 'paura'],['B-' 'O' 'B-'],
1319,5B_17,"emozione, sentimento ",felicità,gioia,"sentimento, felicità",1319_5B_17,['emozione' 'sentimento ' 'gioia' 'felicità'],['emozione' 'sentimento ' 'gioia'],['B-' 'B-' 'B-' 'O'],
26,1G_3,"immaginazione, realtà mischiate",brutto,sogno,realtà mischiate,26_1G_3,['immaginazione' 'realtà mischiate' 'sogno' 'brutto'],['immaginazione' 'sogno' 'brutto'],['B-' 'O' 'B-' 'B-'],
55,2E_18,emozione,"gesto, abbraccio, contatto",affetto,"gesto, abbraccio, contatto",55_2E_18,['emozione' 'affetto' 'gesto' 'abbraccio' 'contatto'],['emozione' 'affetto'],['B-' 'B-' 'O' 'O' 'O'],
640,2E_3,stato mentale,spaventoso,sogno, ,640_2E_3,['stato mentale' 'sogno' 'spaventoso'],['stato mentale' 'sogno' 'spaventoso'],['B-' 'B-' 'B-'],
1254,1D_3,"divertimento, emozione, sentimento",dinosauro,giocattolo,"divertimento, emozione, sentimento",1254_1D_3,['divertimento' 'emozione' 'sentimento' 'giocattolo' 'dinosauro'],['giocattolo' 'dinosauro'],['O' 'O' 'O' 'B-' 'B-'],
140,3C_24,"sentimento, emozione, quello che provi, sensazione",personale,affetto,"emozione, quello che provi",140_3C_24,"['sentimento' 'emozione' 'quello che provi' 'sensazione' 'affetto'
 'personale']",['sentimento' 'sensazione' 'affetto' 'personale'],['B-' 'O' 'O' 'B-' 'B-' 'B-'],
1962,2F_7,"immaginazione, pensiero",,sogno,,1962_2F_7,['immaginazione' 'pensiero' 'sogno'],['immaginazione' 'pensiero' 'sogno'],['B-' 'B-' 'B-'],
2350,3C_20,oggetto,"di legno, jenga",giocattolo,,2350_3C_20,['oggetto' 'giocattolo' 'giocattolo di legno' 'jenga'],['oggetto' 'giocattolo' 'giocattolo di legno' 'jenga'],['B-' 'B-' 'B-' 'B-'],di legno|||giocattolo di legno___
148,3C_9,"emozione, sentimento",abbraccio,affetto,"sentimento, abbraccio",148_3C_9,['emozione' 'sentimento' 'affetto' 'abbraccio'],['emozione' 'affetto'],['B-' 'O' 'B-' 'O'],
768,5D_4,"persona, essere vivente, cammina, corre, parla, vede, sente","giada, si prende cura, attenzione",badante,"cammina, corre, parla, vede, sente, si prende cura, attenzione",768_5D_4,"['persona' 'essere vivente' 'cammina' 'corre' 'parla' 'vede' 'sente'
 'badante' 'giada' 'si prende cura' 'attenzione']",['persona' 'essere vivente' 'badante' 'giada'],['B-' 'B-' 'O' 'O' 'O' 'O' 'O' 'B-' 'B-' 'O' 'O'],
1225,2E_25,"attiva, emozione","emotiva, sorriso",gioia,"attiva, emotiva, sorriso",1225_2E_25,['attiva' 'emozione' 'gioia' 'emotiva' 'sorriso'],['emozione' 'gioia'],['O' 'B-' 'B-' 'O' 'O'],
2947,1G_4,"dolce, cibo",,torta,,2947_1G_4,['dolce' 'cibo' 'torta'],['dolce' 'cibo' 'torta'],['B-' 'B-' 'B-'],
837,2E_15,"occupazione, lavoro","autista uber, autista camion uber per consegne",autista,lavoro ,837_2E_15,"['occupazione' 'lavoro' 'autista' 'autista uber'
 'autista camion uber per consegne']","['occupazione' 'lavoro' 'autista' 'autista uber'
 'autista camion uber per consegne']",['B-' 'B-' 'B-' 'B-' 'B-'],
2782,2E_6,"misuratore, meteo, tempo fuori, conteggio","secondo, minuto, ora",tempo,"meteo, tempo fuori, conteggio, minuto, ora",2782_2E_6,"['misuratore' 'meteo' 'tempo fuori' 'conteggio' 'tempo' 'secondo' 'minuto'
 'ora']",['misuratore' 'tempo' 'secondo'],['B-' 'O' 'O' 'O' 'B-' 'B-' 'O' 'O'],
2244,3B_22,emozione,,paura,,2244_3B_22,['emozione' 'paura'],['emozione' 'paura'],['B-' 'B-'],
1769,5D_16,entità,cervello,mente,cervello,1769_5D_16,['entità' 'mente' 'cervello'],['entità' 'mente'],['B-' 'B-' 'O'],
42,1G_6,"sentimento, emozione",amore,affetto,emozione,42_1G_6,['sentimento' 'emozione' 'affetto' 'amore'],['sentimento' 'affetto' 'amore'],['B-' 'O' 'B-' 'B-'],
1368,1D_20,"lavoro, mestiere","Gardenghi, Zagni",insegnante,"mestiere, Zagni",1368_1D_20,['lavoro' 'mestiere' 'insegnante' 'Gardenghi' 'Zagni'],['lavoro' 'insegnante' 'Gardenghi'],['B-' 'O' 'B-' 'B-' 'O'],
1685,3C_2,"diritto, stato nel quale ci dobbiamo trovare per costituzione","libertà di espressione, libertà di espressione di stampa",libertà,stato nel quale ci dobbiamo trovare per costituzione,1685_3C_2,"['diritto' 'stato nel quale ci dobbiamo trovare per costituzione'
 'libertà' 'libertà di espressione' 'libertà di espressione di stampa']","['diritto' 'libertà' 'libertà di espressione'
 'libertà di espressione di stampa']",['B-' 'O' 'B-' 'B-' 'B-'],
2704,5D_22,"pensiero, scene, finzione, realtà, fatti realmente accaduti",incubo,sogno,"scene, finzione, realtà, fatti realmente accaduti",2704_5D_22,"['pensiero' 'scene' 'finzione' 'realtà' 'fatti realmente accaduti' 'sogno'
 'incubo']",['pensiero' 'sogno' 'incubo'],['B-' 'O' 'O' 'O' 'O' 'B-' 'B-'],
1304,3C_3,"emozione, sensazione, sentimento","divertimento, compagnia",gioia,"sentimento, divertimento, compagnia",1304_3C_3,['emozione' 'sensazione' 'sentimento' 'gioia' 'divertimento' 'compagnia'],['emozione' 'sensazione' 'gioia'],['B-' 'B-' 'O' 'B-' 'O' 'O'],
545,5B_19,"veicolo, mezzo di trasporto, privato",yaris,automobile,privato,545_5B_19,['veicolo' 'mezzo di trasporto' 'privato' 'automobile' 'yaris'],['veicolo' 'mezzo di trasporto' 'automobile' 'yaris'],['B-' 'B-' 'O' 'B-' 'B-'],
2183,2E_14,"terrore, emozione","timore, rimorso",paura,"terrore, timore, rimorso",2183_2E_14,['terrore' 'emozione' 'paura' 'timore' 'rimorso'],['emozione' 'paura'],['O' 'B-' 'B-' 'O' 'O'],
1095,3C_6,"mezzo per viaggiare, oggetto con ruote","ferrari, macchina costosa",automobile,"mezzo per viaggiare, macchina costosa",1095_3C_6,"['mezzo per viaggiare' 'oggetto con ruote' 'automobile' 'ferrari'
 'macchina costosa']",['oggetto con ruote' 'automobile' 'ferrari'],['O' 'B-' 'B-' 'B-' 'O'],
154,5B_13,"emozione, sentimento",voler bene,affetto,sentimento,154_5B_13,['emozione' 'sentimento' 'affetto' 'voler bene'],['emozione' 'affetto' 'voler bene'],['B-' 'O' 'B-' 'B-'],
964,5D_6,"animale, essere vivente",pony,cavallo,,964_5D_6,['animale' 'essere vivente' 'cavallo' 'pony'],['animale' 'essere vivente' 'cavallo' 'pony'],['B-' 'B-' 'B-' 'B-'],
741,5B_20,"mestiere, diritto",babysitter,badante,babysitter,741_5B_20,['mestiere' 'diritto' 'badante' 'babysitter'],['mestiere' 'diritto' 'badante'],['B-' 'B-' 'B-' 'O'],
2078,2F_17,mestiere,"di inglese, prof steele",insegnante,,2078_2F_17,['mestiere' 'insegnante' 'insegnante di inglese' 'prof steele'],['mestiere' 'insegnante' 'insegnante di inglese' 'prof steele'],['B-' 'B-' 'B-' 'B-'],di inglese|||insegnante di inglese___
1981,1G_7,pensiero,"lavoramento, i sentimenti, stanchezza",mente,"pensiero, lavoramento, i sentimenti, stanchezza",1981_1G_7,['pensiero' 'mente' 'lavoramento' 'i sentimenti' 'stanchezza'],['mente'],['O' 'B-' 'O' 'O' 'O'],
943,2E_22,emozione,"ragno, fantasma",paura,fantasma,943_2E_22,['emozione' 'paura' 'ragno' 'fantasma'],['emozione' 'paura' 'ragno'],['B-' 'B-' 'B-' 'O'],
1306,1D_6,mezzo di trasporto,opel corsa,automobile,,1306_1D_6,['mezzo di trasporto' 'automobile' 'opel corsa'],['mezzo di trasporto' 'automobile' 'opel corsa'],['B-' 'B-' 'B-'],
1435,2F_16,,"spiega, insegna, verifica",insegnante,"spiega, insegna, verifica",1435_2F_16,[' insegnante' 'spiega' 'insegna' 'verifica'],[' insegnante'],['B-' 'O' 'O' 'O'],
1791,5D_18,"persona, mammifero, animale, essere vivente, entità",pauroso,insegnante,pauroso,1791_5D_18,"['persona' 'mammifero' 'animale' 'essere vivente' 'entità' 'insegnante'
 'pauroso']",['persona' 'mammifero' 'animale' 'essere vivente' 'entità' 'insegnante'],['B-' 'B-' 'B-' 'B-' 'B-' 'B-' 'O'],
2759,1G_9,,"orologio, ora, minuto",tempo,"orologio, minuto",2759_1G_9,[' tempo' 'orologio' 'ora' 'minuto'],[' tempo' 'ora'],['B-' 'O' 'B-' 'O'],
1607,5D_3,lavoro,di bambini,badante,di bambini,1607_5D_3,['lavoro' 'badante' 'badante di bambini'],['lavoro' 'badante'],['B-' 'B-' 'O'],di bambini|||badante di bambini___
376,5D_21,persona,pilota,autista,,376_5D_21,['persona' 'autista' 'pilota'],['persona' 'autista' 'pilota'],['B-' 'B-' 'B-'],
1666,3B_26,"emozione, senso","parola, lettere",libertà,"emozione, senso, lettere",1666_3B_26,['emozione' 'senso' 'libertà' 'parola' 'lettere'],['libertà' 'parola'],['O' 'O' 'B-' 'B-' 'O'],
713,2E_7,emozione,"voler bene, amare, la mamma",affetto,amare,713_2E_7,['emozione' 'affetto' 'voler bene' 'amare' 'la mamma'],['emozione' 'affetto' 'voler bene' 'la mamma'],['B-' 'B-' 'B-' 'O' 'B-'],
1875,3C_16,"ospedale, curare, curare i tumori",ortopedico,medico,"ospedale, curare, curare i tumori",1875_3C_16,['ospedale' 'curare' 'curare i tumori' 'medico' 'ortopedico'],['medico' 'ortopedico'],['O' 'O' 'O' 'B-' 'B-'],
720,2E_8,"gioia, felicità",,libertà,"gioia, felicità",720_2E_8,['gioia' 'felicità' 'libertà'],['libertà'],['O' 'O' 'B-'],
1837,5D_22,"animale, essere vivente, mammifero, cellula","bianco, nero, marrone",cavallo,"mammifero, cellula, nero, marrone",1837_5D_22,"['animale' 'essere vivente' 'mammifero' 'cellula' 'cavallo' 'bianco'
 'nero' 'marrone']",['animale' 'essere vivente' 'cavallo' 'bianco'],['B-' 'B-' 'O' 'O' 'B-' 'B-' 'O' 'O'],
1376,1D_7,,,insegnante,,1376_1D_7,[' insegnante'],[' insegnante'],['B-'],
1668,3B_4,dovere,,libertà,dovere,1668_3B_4,['dovere' 'libertà'],['libertà'],['O' 'B-'],
1927,2F_5,immaginazione,incubo,sogno,,1927_2F_5,['immaginazione' 'sogno' 'incubo'],['immaginazione' 'sogno' 'incubo'],['B-' 'B-' 'B-'],
1338,1D_8,"persona, essere umano, essere vivente, entità",di una macchina,autista,,1338_1D_8,"['persona' 'essere umano' 'essere vivente' 'entità' 'autista'
 'autista di una macchina']","['persona' 'essere umano' 'essere vivente' 'entità' 'autista'
 'autista di una macchina']",['B-' 'B-' 'B-' 'B-' 'B-' 'B-'],di una macchina|||autista di una macchina___
1997,2E_21,"neuroni, cervello, parte del corpo",umani,mente,"neuroni, cervello, parte del corpo, umani",1997_2E_21,['neuroni' 'cervello' 'parte del corpo' 'mente' 'umani'],['mente'],['O' 'O' 'O' 'B-' 'O'],
565,5D_18,mezzo di trasporto,ferrari,automobile,,565_5D_18,['mezzo di trasporto' 'automobile' 'ferrari'],['mezzo di trasporto' 'automobile' 'ferrari'],['B-' 'B-' 'B-'],
170,1G_13,"cosa concreta, cosa che si tocca, oggetto, entità",per bambini,giocattolo,cosa che si tocca,170_1G_13,"['cosa concreta' 'cosa che si tocca' 'oggetto' 'entità' 'giocattolo'
 'giocattolo per bambini']",['cosa concreta' 'oggetto' 'entità' 'giocattolo' 'giocattolo per bambini'],['B-' 'O' 'B-' 'B-' 'B-' 'B-'],per bambini|||giocattolo per bambini___
2034,2F_13,"tempo meteorologico, clima, ambiente, tempo di spazio",pioggia,tempo,"tempo meteorologico, clima, ambiente, tempo di spazio",2034_2F_13,"['tempo meteorologico' 'clima' 'ambiente' 'tempo di spazio' 'tempo'
 'pioggia']",['tempo' 'pioggia'],['O' 'O' 'O' 'O' 'B-' 'B-'],
1891,2F_3,"dottore, lavoro, persona",dentista,medico,"dottore, persona",1891_2F_3,['dottore' 'lavoro' 'persona' 'medico' 'dentista'],['lavoro' 'medico' 'dentista'],['O' 'B-' 'O' 'B-' 'B-'],
1184,3C_12,oggetto,cassiera,giocattolo,cassiera,1184_3C_12,['oggetto' 'giocattolo' 'cassiera'],['oggetto' 'giocattolo'],['B-' 'B-' 'O'],
1396,1G_4,"mestiere, professione, lavoro",,insegnante,professione,1396_1G_4,['mestiere' 'professione' 'lavoro' 'insegnante'],['mestiere' 'lavoro' 'insegnante'],['B-' 'O' 'B-' 'B-'],
2444,3C_25,,"curare, trova un lavoro",medico,"curare, trova un lavoro",2444_3C_25,[' medico' 'curare' 'trova un lavoro'],[' medico'],['B-' 'O' 'O'],
1549,1D_21,convenzione ,orologio,tempo,orologio,1549_1D_21,['convenzione ' 'tempo' 'orologio'],['convenzione ' 'tempo'],['B-' 'B-' 'O'],
775,2E_11,"per bambini, divertimento","macchina, lego",giocattolo,"per bambini, divertimento",775_2E_11,['per bambini' 'divertimento' 'giocattolo' 'macchina' 'lego'],['giocattolo' 'macchina' 'lego'],['O' 'O' 'B-' 'B-' 'B-'],
2056,2F_14,"organo vitale, organo, parte del corpo, entità",mente aperta,mente,"organo vitale, organo, parte del corpo",2056_2F_14,"['organo vitale' 'organo' 'parte del corpo' 'entità' 'mente'
 'mente aperta']",['entità' 'mente' 'mente aperta'],['O' 'O' 'O' 'B-' 'B-' 'B-'],
1979,1G_5,,,mente,,1979_1G_5,[' mente'],[' mente'],['B-'],
2227,2F_26,sensazione,,libertà,,2227_2F_26,['sensazione' 'libertà'],['sensazione' 'libertà'],['B-' 'B-'],
1450,1D_15,,aiuta,autista,aiuta,1450_1D_15,[' autista' 'aiuta'],[' autista'],['B-' 'O'],
2237,2F_26,dolce,"alla vaniglia, al cioccolato",torta,al cioccolato,2237_2F_26,['dolce' 'torta' 'torta alla vaniglia' 'al cioccolato'],['dolce' 'torta' 'torta alla vaniglia'],['B-' 'B-' 'B-' 'O'],alla vaniglia|||torta alla vaniglia___
2427,3C_24,"lavoro, azione, momento, istante",anziani,badante,"momento, istante",2427_3C_24,['lavoro' 'azione' 'momento' 'istante' 'badante' 'anziani'],['lavoro' 'azione' 'badante' 'anziani'],['B-' 'B-' 'O' 'O' 'B-' 'B-'],
2137,1D_14,emozione,,paura,,2137_1D_14,['emozione' 'paura'],['emozione' 'paura'],['B-' 'B-'],
2172,2F_22,"sentimento, emozione",coccole,affetto,"emozione, coccole",2172_2F_22,['sentimento' 'emozione' 'affetto' 'coccole'],['sentimento' 'affetto'],['B-' 'O' 'B-' 'O'],
276,1G_23,"emozione positiva, emozione, sentimento, concetto astratto",irrefrenabile ,gioia,sentimento,276_1G_23,"['emozione positiva' 'emozione' 'sentimento' 'concetto astratto' 'gioia'
 'irrefrenabile']","['emozione positiva' 'emozione' 'concetto astratto' 'gioia'
 'irrefrenabile']",['B-' 'B-' 'O' 'B-' 'B-' 'B-'],
2139,2F_20,lavoro,taxista,autista,,2139_2F_20,['lavoro' 'autista' 'taxista'],['lavoro' 'autista' 'taxista'],['B-' 'B-' 'B-'],
2043,2F_13,"lavoro, mestiere, dovere",degli anziani,badante,mestiere,2043_2F_13,['lavoro' 'mestiere' 'dovere' 'badante' 'badante degli anziani'],['lavoro' 'dovere' 'badante' 'badante degli anziani'],['B-' 'O' 'B-' 'B-' 'B-'],degli anziani|||badante degli anziani___
469,5B_12,"mammifero, animale, essere vivente, entità",stallone,cavallo,,469_5B_12,['mammifero' 'animale' 'essere vivente' 'entità' 'cavallo' 'stallone'],['mammifero' 'animale' 'essere vivente' 'entità' 'cavallo' 'stallone'],['B-' 'B-' 'B-' 'B-' 'B-' 'B-'],
1349,1D_9,"mestiere, professionalità","di italiano, di scienze motorie, di storia",insegnante,"professionalità, di scienze motorie, di storia",1349_1D_9,"['mestiere' 'professionalità' 'insegnante' 'insegnante di italiano'
 'insegnante di scienze motorie' 'insegnante di storia']",['mestiere' 'insegnante' 'insegnante di italiano'],['B-' 'O' 'B-' 'B-' 'O' 'O'],di italiano|||insegnante di italiano___di scienze motorie|||insegnante di scienze motorie___di storia|||insegnante di storia___
745,5B_5,persona,persona che bada,badante,persona che bada,745_5B_5,['persona' 'badante' 'persona che bada'],['persona' 'badante'],['B-' 'B-' 'O'],
2748,1G_2,"unità di misura, geometria",,tempo,geometria,2748_1G_2,['unità di misura' 'geometria' 'tempo'],['unità di misura' 'tempo'],['B-' 'O' 'B-'],
2483,5B_17,"emozione, sentimento",,rabbia,sentimento,2483_5B_17,['emozione' 'sentimento' 'rabbia'],['emozione' 'rabbia'],['B-' 'O' 'B-'],
1690,5D_11,"lavoro, entità",pediatra,medico,,1690_5D_11,['lavoro' 'entità' 'medico' 'pediatra'],['lavoro' 'entità' 'medico' 'pediatra'],['B-' 'B-' 'B-' 'B-'],
2041,2F_13,"sentimento, emozione",del buio,paura,emozione,2041_2F_13,['sentimento' 'emozione' 'paura' 'paura del buio'],['sentimento' 'paura' 'paura del buio'],['B-' 'O' 'B-' 'B-'],del buio|||paura del buio___
1494,1D_18,tipo di dimostrazione d'amore,,affetto,tipo di dimostrazione d'amore,1494_1D_18,"[""tipo di dimostrazione d'amore"" 'affetto']",['affetto'],['O' 'B-'],
1586,1G_21,"momento, ricordo",felicità,libertà,"momento, ricordo, felicità",1586_1G_21,['momento' 'ricordo' 'libertà' 'felicità'],['libertà'],['O' 'O' 'B-' 'O'],
704,2E_7,"essere vivente, lavoro, mestiere","babysitter, di bambini, di una casa",badante,"lavoro, mestiere, babysitter, di bambini",704_2E_7,"['essere vivente' 'lavoro' 'mestiere' 'badante' 'babysitter'
 'babysitter di bambini' 'babysitter di una casa']",['essere vivente' 'badante' 'babysitter di una casa'],['B-' 'O' 'O' 'B-' 'O' 'O' 'B-'],di bambini|||babysitter di bambini___di una casa|||babysitter di una casa___
939,5B_5,"animale, mammifero, essere vivente",puledro,cavallo,mammifero,939_5B_5,['animale' 'mammifero' 'essere vivente' 'cavallo' 'puledro'],['animale' 'essere vivente' 'cavallo' 'puledro'],['B-' 'O' 'B-' 'B-' 'B-'],
1643,5D_6,entità,ferrari,automobile,,1643_5D_6,['entità' 'automobile' 'ferrari'],['entità' 'automobile' 'ferrari'],['B-' 'B-' 'B-'],
1795,2E_14,"lavoratore, cittadino, umano",ginecologo,medico,,1795_2E_14,['lavoratore' 'cittadino' 'umano' 'medico' 'ginecologo'],['lavoratore' 'cittadino' 'umano' 'medico' 'ginecologo'],['B-' 'B-' 'B-' 'B-' 'B-'],
1096,3C_6,"emozione, sentimento, sensazione, cosa percepibile","del buio, di ciò che si trova al buio",paura,sentimento,1096_3C_6,"['emozione' 'sentimento' 'sensazione' 'cosa percepibile' 'paura'
 'paura del buio' 'paura di ciò che si trova al buio']","['emozione' 'sensazione' 'cosa percepibile' 'paura' 'paura del buio'
 'paura di ciò che si trova al buio']",['B-' 'O' 'B-' 'B-' 'B-' 'B-' 'B-'],del buio|||paura del buio___di ciò che si trova al buio|||paura di ciò che si trova al buio___
2593,2F_10,"bello, incubo","lungo, spaventoso",sogno,"bello, incubo",2593_2F_10,['bello' 'incubo' 'sogno' 'lungo' 'spaventoso'],['sogno' 'lungo' 'spaventoso'],['O' 'O' 'B-' 'B-' 'B-'],
1379,1D_11,dimensione astratta ,minuti,tempo,,1379_1D_11,['dimensione astratta ' 'tempo' 'minuti'],['dimensione astratta ' 'tempo' 'minuti'],['B-' 'B-' 'B-'],
1614,5D_5,"mezzo di trasporto, movimento",ferrari,automobile,movimento,1614_5D_5,['mezzo di trasporto' 'movimento' 'automobile' 'ferrari'],['mezzo di trasporto' 'automobile' 'ferrari'],['B-' 'O' 'B-' 'B-'],
768,2E_11,"persona, trasportare, auto",patente,autista,"trasportare, auto, patente",768_2E_11,['persona' 'trasportare' 'auto' 'autista' 'patente'],['persona' 'autista'],['B-' 'O' 'O' 'B-' 'O'],
1240,2F_15,emozione,divertimento,gioia,divertimento,1240_2F_15,['emozione' 'gioia' 'divertimento'],['emozione' 'gioia'],['B-' 'B-' 'O'],
304,3B_21,lavoro,,autista, ,304_3B_21,['lavoro' 'autista'],['lavoro' 'autista'],['B-' 'B-'],
1893,5B_1,lavoro,,medico,,1893_5B_1,['lavoro' 'medico'],['lavoro' 'medico'],['B-' 'B-'],
198,1D_13,"lavoro, taxista, camionista",guida,autista,"taxista, camionista, guida",198_1D_13,['lavoro' 'taxista' 'camionista' 'autista' 'guida'],['lavoro' 'autista'],['B-' 'O' 'O' 'B-' 'O'],
1787,5D_17,"persona, animale, essere vivente",tassista,autista,,1787_5D_17,['persona' 'animale' 'essere vivente' 'autista' 'tassista'],['persona' 'animale' 'essere vivente' 'autista' 'tassista'],['B-' 'B-' 'B-' 'B-' 'B-'],
227,1G_20,"sentimento, emozione, cosa astratta, entità",paura del mostro sotto il letto,paura,emozione,227_1G_20,"['sentimento' 'emozione' 'cosa astratta' 'entità' 'paura'
 'paura del mostro sotto il letto']","['sentimento' 'cosa astratta' 'entità' 'paura'
 'paura del mostro sotto il letto']",['B-' 'O' 'B-' 'B-' 'B-' 'B-'],
561,5D_14,mezzo di trasporto,camion,automobile,camion,561_5D_14,['mezzo di trasporto' 'automobile' 'camion'],['mezzo di trasporto' 'automobile'],['B-' 'B-' 'O'],
2737,1G_1, ,,tempo,,2737_1G_1,[' tempo'],[' tempo'],['B-'],
1489,1D_18,"orologio, cosa astratta","ore, minuti, secondi",tempo,"orologio, minuti, secondi",1489_1D_18,['orologio' 'cosa astratta' 'tempo' 'ore' 'minuti' 'secondi'],['cosa astratta' 'tempo' 'ore'],['O' 'B-' 'B-' 'B-' 'O' 'O'],
2622,3B_13,"desiderio, speranza",notte,sogno,"desiderio, speranza, notte",2622_3B_13,['desiderio' 'speranza' 'sogno' 'notte'],['sogno'],['O' 'O' 'B-' 'O'],
1141,5D_12,"oggetto, accessorio","cicciobello, barbie, gravitrax",giocattolo,"accessorio, barbie, gravitrax",1141_5D_12,['oggetto' 'accessorio' 'giocattolo' 'cicciobello' 'barbie' 'gravitrax'],['oggetto' 'giocattolo' 'cicciobello'],['B-' 'O' 'B-' 'B-' 'O' 'O'],
2555,1G_20,pensiero notturno,,sogno,,2555_1G_20,['pensiero notturno' 'sogno'],['pensiero notturno' 'sogno'],['B-' 'B-'],
588,1D_17,lavoratrice,babysitter,badante,babysitter,588_1D_17,['lavoratrice' 'badante' 'babysitter'],['lavoratrice' 'badante'],['B-' 'B-' 'O'],
977,2E_24,diritto ,"di voto, per le donne",libertà,,977_2E_24,['diritto ' 'libertà' 'libertà di voto' 'libertà per le donne'],['diritto ' 'libertà' 'libertà di voto' 'libertà per le donne'],['B-' 'B-' 'B-' 'B-'],di voto|||libertà di voto___per le donne|||libertà per le donne___
54,2E_17,emozione,sentimento,affetto,sentimento,54_2E_17,['emozione' 'affetto' 'sentimento'],['emozione' 'affetto'],['B-' 'B-' 'O'],
1322,5B_2,,,gioia,,1322_5B_2,[' gioia'],[' gioia'],['B-'],
2333,1D_16,"sensazione, emozione","agitazione, irritazione",rabbia,"emozione, agitazione, irritazione",2333_1D_16,['sensazione' 'emozione' 'rabbia' 'agitazione' 'irritazione'],['sensazione' 'rabbia'],['B-' 'O' 'B-' 'O' 'O'],
3087,5D_19,ingredienti,tiramisù,torta,ingredienti,3087_5D_19,['ingredienti' 'torta' 'tiramisù'],['torta' 'tiramisù'],['O' 'B-' 'B-'],
1593,5D_2,"cibo, cosa, entità",tenerina,torta,,1593_5D_2,['cibo' 'cosa' 'entità' 'torta' 'tenerina'],['cibo' 'cosa' 'entità' 'torta' 'tenerina'],['B-' 'B-' 'B-' 'B-' 'B-'],
673,2E_5,"persona, mammifero, essere vivente, entità",di spagnolo,insegnante,,673_2E_5,"['persona' 'mammifero' 'essere vivente' 'entità' 'insegnante'
 'insegnante di spagnolo']","['persona' 'mammifero' 'essere vivente' 'entità' 'insegnante'
 'insegnante di spagnolo']",['B-' 'B-' 'B-' 'B-' 'B-' 'B-'],di spagnolo|||insegnante di spagnolo___
1334,1D_8,"oggetto, entità",macchinina,giocattolo,,1334_1D_8,['oggetto' 'entità' 'giocattolo' 'macchinina'],['oggetto' 'entità' 'giocattolo' 'macchinina'],['B-' 'B-' 'B-' 'B-'],
1709,5B_19,"sfogo, libero","hobby, divertimento",libertà,"sfogo, libero, hobby, divertimento",1709_5B_19,['sfogo' 'libero' 'libertà' 'hobby' 'divertimento'],['libertà'],['O' 'O' 'B-' 'O' 'O'],
1247,2F_21,"felicità, sentimento",,gioia,felicità,1247_2F_21,['felicità' 'sentimento' 'gioia'],['sentimento' 'gioia'],['O' 'B-' 'B-'],
133,1G_10,"felicità, sentimento",di culto,libertà,"felicità, sentimento",133_1G_10,['felicità' 'sentimento' 'libertà' 'libertà di culto'],['libertà' 'libertà di culto'],['O' 'O' 'B-' 'B-'],di culto|||libertà di culto___
1041,2F_10,"divertimento, oggetto","palla, corda",giocattolo,"divertimento, corda",1041_2F_10,['divertimento' 'oggetto' 'giocattolo' 'palla' 'corda'],['oggetto' 'giocattolo' 'palla'],['O' 'B-' 'B-' 'B-' 'O'],
1130,3C_8,"mestiere, azione, movimento","chirurgo, veterinario, di base",medico,"movimento, veterinario, di base",1130_3C_8,"['mestiere' 'azione' 'movimento' 'medico' 'chirurgo' 'veterinario'
 'veterinario di base']",['mestiere' 'azione' 'medico' 'chirurgo'],['B-' 'B-' 'O' 'B-' 'B-' 'O' 'O'],di base|||veterinario di base___
2780,2E_4,"unità di misura, strumento","ora, minuto, secondo",tempo,"strumento, minuto, secondo",2780_2E_4,['unità di misura' 'strumento' 'tempo' 'ora' 'minuto' 'secondo'],['unità di misura' 'tempo' 'ora'],['B-' 'O' 'B-' 'B-' 'O' 'O'],
252,2E_21,"lavoratore, uomo, persona, essere vivente","macchine, autobus",autista,autobus,252_2E_21,"['lavoratore' 'uomo' 'persona' 'essere vivente' 'autista' 'macchine'
 'autobus']",['lavoratore' 'uomo' 'persona' 'essere vivente' 'autista' 'macchine'],['B-' 'B-' 'B-' 'B-' 'B-' 'B-' 'O'],
998,2E_25,"sensazione, cosa astratta, entità",nuotare,libertà,nuotare,998_2E_25,['sensazione' 'cosa astratta' 'entità' 'libertà' 'nuotare'],['sensazione' 'cosa astratta' 'entità' 'libertà'],['B-' 'B-' 'B-' 'B-' 'O'],
1173,1D_2,sentimento,il mio cane quando torno a casa,gioia,il mio cane quando torno a casa,1173_1D_2,['sentimento' 'gioia' 'il mio cane quando torno a casa'],['sentimento' 'gioia'],['B-' 'B-' 'O'],
2581,2E_23,"ricordo, testa, notte, dormire","da grandi, da bimbi",sogno,"ricordo, testa, notte, dormire, da grandi, da bimbi",2581_2E_23,"['ricordo' 'testa' 'notte' 'dormire' 'sogno' 'sogno da grandi'
 'sogno da bimbi']",['sogno'],['O' 'O' 'O' 'O' 'B-' 'O' 'O'],da grandi|||sogno da grandi___da bimbi|||sogno da bimbi___
2927,1D_7,,"torta alla banana, torta alla fragola, torta alla frutta",torta,"torta alla fragola, torta alla frutta",2927_1D_7,[' torta' 'torta alla banana' 'torta alla fragola' 'torta alla frutta'],[' torta' 'torta alla banana'],['B-' 'B-' 'O' 'O'],
2151,2F_21,"cibo, dolce","alla fragola, al cioccolato",torta,"dolce, al cioccolato",2151_2F_21,['cibo' 'dolce' 'torta' 'torta alla fragola' 'al cioccolato'],['cibo' 'torta' 'torta alla fragola'],['B-' 'O' 'B-' 'B-' 'O'],alla fragola|||torta alla fragola___
1545,1D_21,"persona, essere umano, onnivoro, entità","chirurgo, dentista ",medico,dentista,1545_1D_21,"['persona' 'essere umano' 'onnivoro' 'entità' 'medico' 'chirurgo'
 'dentista']",['persona' 'essere umano' 'onnivoro' 'entità' 'medico' 'chirurgo'],['B-' 'B-' 'B-' 'B-' 'B-' 'B-' 'O'],
2088,5B_10,immaginazione,ispirazione,mente,"immaginazione, ispirazione",2088_5B_10,['immaginazione' 'mente' 'ispirazione'],['mente'],['O' 'B-' 'O'],
1215,1D_1,"lavoro, mestiere","autista di taxi, autista di autobus",autista,"mestiere, autista di autobus",1215_1D_1,['lavoro' 'mestiere' 'autista' 'autista di taxi' 'autista di autobus'],['lavoro' 'autista' 'autista di taxi'],['B-' 'O' 'B-' 'B-' 'O'],
1141,3C_9,sensazione,libertà di voto,libertà,,1141_3C_9,['sensazione' 'libertà' 'libertà di voto'],['sensazione' 'libertà' 'libertà di voto'],['B-' 'B-' 'B-'],
2348,1D_9,"agitazione, tristezza, cattiveria",urlare,rabbia,"agitazione, tristezza, cattiveria, urlare",2348_1D_9,['agitazione' 'tristezza' 'cattiveria' 'rabbia' 'urlare'],['rabbia'],['O' 'O' 'O' 'B-' 'O'],
2688,5B_8,"immaginazione, visione","ron, grifondoro, hogwarts",sogno,"visione, ron, grifondoro, hogwarts",2688_5B_8,['immaginazione' 'visione' 'sogno' 'ron' 'grifondoro' 'hogwarts'],['immaginazione' 'sogno'],['B-' 'O' 'B-' 'O' 'O' 'O'],
528,3C_25,"pilota, lavoro",mezzo di trasporto,automobile,"pilota, lavoro, mezzo di trasporto",528_3C_25,['pilota' 'lavoro' 'automobile' 'mezzo di trasporto'],['automobile'],['O' 'O' 'B-' 'O'],
2395,2E_7,emozione,tristezza,rabbia,tristezza,2395_2E_7,['emozione' 'rabbia' 'tristezza'],['emozione' 'rabbia'],['B-' 'B-' 'O'],
142,1G_10,"alimento dolce, cibo, nutrimento","di frutta, alle mele, alle mele golden",torta,,142_1G_10,"['alimento dolce' 'cibo' 'nutrimento' 'torta' 'torta di frutta'
 'torta alle mele' 'torta alle mele golden']","['alimento dolce' 'cibo' 'nutrimento' 'torta' 'torta di frutta'
 'torta alle mele' 'torta alle mele golden']",['B-' 'B-' 'B-' 'B-' 'B-' 'B-' 'B-'],di frutta|||torta di frutta___alle mele|||torta alle mele___alle mele golden|||torta alle mele golden___
2082,3C_5,"pensiero, dubbio",matematica,mente,"pensiero, dubbio",2082_3C_5,['pensiero' 'dubbio' 'mente' 'matematica'],['mente' 'matematica'],['O' 'O' 'B-' 'B-'],
2428,3C_24,"desiderio, pensiero",andare a brodway (danza),sogno,"desiderio, andare a brodway (danza)",2428_3C_24,['desiderio' 'pensiero' 'sogno' 'andare a brodway (danza)'],['pensiero' 'sogno'],['O' 'B-' 'B-' 'O'],
2764,2E_13,,,tempo,,2764_2E_13,[' tempo'],[' tempo'],['B-'],
1469,3B_23,,,insegnante,,1469_3B_23,[' insegnante'],[' insegnante'],['B-'],
2632,3B_22,"desiderio, sentimento",felice,sogno,"desiderio, sentimento",2632_3B_22,['desiderio' 'sentimento' 'sogno' 'felice'],['sogno' 'felice'],['O' 'O' 'B-' 'B-'],
950,5D_15,"correre, zoccoli, zampe, animale, essere vivente",pony,cavallo,"correre, zoccoli, zampe",950_5D_15,['correre' 'zoccoli' 'zampe' 'animale' 'essere vivente' 'cavallo' 'pony'],['animale' 'essere vivente' 'cavallo' 'pony'],['O' 'O' 'O' 'B-' 'B-' 'B-' 'B-'],
2322,5D_6,fobia,del buio,paura,fobia,2322_5D_6,['fobia' 'paura' 'paura del buio'],['paura' 'paura del buio'],['O' 'B-' 'B-'],del buio|||paura del buio___
143,3C_4,"amore, sentimento, emozione",,affetto,"amore, emozione",143_3C_4,['amore' 'sentimento' 'emozione' 'affetto'],['sentimento' 'affetto'],['O' 'B-' 'O' 'B-'],
1706,5B_16,diritto,,libertà,,1706_5B_16,['diritto' 'libertà'],['diritto' 'libertà'],['B-' 'B-'],
2173,2F_22,"bipede, umano, essere vivente",prof bando,insegnante,umano,2173_2F_22,['bipede' 'umano' 'essere vivente' 'insegnante' 'prof bando'],['bipede' 'essere vivente' 'insegnante' 'prof bando'],['B-' 'O' 'B-' 'B-' 'B-'],
97,1G_8,"parte del corpo, entità",,mente,parte del corpo ,97_1G_8,['parte del corpo' 'entità' 'mente'],['parte del corpo' 'entità' 'mente'],['B-' 'B-' 'B-'],
2070,3C_17,"cervello, pensiero",artificiale,mente,"cervello, pensiero",2070_3C_17,['cervello' 'pensiero' 'mente' 'artificiale'],['mente' 'artificiale'],['O' 'O' 'B-' 'B-'],
60,2E_22,,,affetto,,60_2E_22,[' affetto'],[' affetto'],['B-'],
2231,3B_10,"emozione, sentimento",terrore,paura,sentimento,2231_3B_10,['emozione' 'sentimento' 'paura' 'terrore'],['emozione' 'paura' 'terrore'],['B-' 'O' 'B-' 'B-'],
840,2E_15,"cosa con motore, cosa, entità","tesla, cybertruck, cybertruck my designer edition",automobile,,840_2E_15,"['cosa con motore' 'cosa' 'entità' 'automobile' 'tesla' 'cybertruck'
 'cybertruck my designer edition']","['cosa con motore' 'cosa' 'entità' 'automobile' 'tesla' 'cybertruck'
 'cybertruck my designer edition']",['B-' 'B-' 'B-' 'B-' 'B-' 'B-' 'B-'],
1205,3C_13,"sentimento, concetto astratto","verso qualcuno, reciproco",affetto,reciproco,1205_3C_13,['sentimento' 'concetto astratto' 'affetto' 'verso qualcuno' 'reciproco'],['sentimento' 'concetto astratto' 'affetto' 'verso qualcuno'],['B-' 'B-' 'B-' 'B-' 'O'],
640,2E_22,,,badante,,640_2E_22,[' badante'],[' badante'],['B-'],
1805,5D_18,"persone, mammifero, essere vivente, entità",della nonna,badante,,1805_5D_18,"['persone' 'mammifero' 'essere vivente' 'entità' 'badante'
 'badante della nonna']","['persone' 'mammifero' 'essere vivente' 'entità' 'badante'
 'badante della nonna']",['B-' 'B-' 'B-' 'B-' 'B-' 'B-'],della nonna|||badante della nonna___
2061,3B_9,,,mente,,2061_3B_9,[' mente'],[' mente'],['B-'],
3021,3B_24,"dolce, salato",,torta,salato,3021_3B_24,['dolce' 'salato' 'torta'],['dolce' 'torta'],['B-' 'O' 'B-'],
1178,1D_3,emozione,felicità,gioia,felicità,1178_1D_3,['emozione' 'gioia' 'felicità'],['emozione' 'gioia'],['B-' 'B-' 'O'],
2004,2F_11,"emozione, sentimento, cosa astratta",nervosismo,rabbia,"sentimento, nervosismo",2004_2F_11,['emozione' 'sentimento' 'cosa astratta' 'rabbia' 'nervosismo'],['emozione' 'cosa astratta' 'rabbia'],['B-' 'O' 'B-' 'B-' 'O'],
246,2E_16,"guidatore, persona, essere vivente",taxista,autista,,246_2E_16,['guidatore' 'persona' 'essere vivente' 'autista' 'taxista'],['guidatore' 'persona' 'essere vivente' 'autista' 'taxista'],['B-' 'B-' 'B-' 'B-' 'B-'],
1442,1D_15,emozione,aggressiva,rabbia,,1442_1D_15,['emozione' 'rabbia' 'aggressiva'],['emozione' 'rabbia' 'aggressiva'],['B-' 'B-' 'B-'],
1030,2E_24,barbie,,giocattolo,barbie,1030_2E_24,['barbie' 'giocattolo'],['giocattolo'],['O' 'B-'],
693,2E_6,"oggetto, cosa, entità","plastica, verde, peluche ",giocattolo,,693_2E_6,['oggetto' 'cosa' 'entità' 'giocattolo' 'plastica' 'verde' 'peluche'],['oggetto' 'cosa' 'entità' 'giocattolo' 'plastica' 'verde' 'peluche'],['B-' 'B-' 'B-' 'B-' 'B-' 'B-' 'B-'],
1999,2F_11,"mammifero, animale, entità",pony,cavallo,,1999_2F_11,['mammifero' 'animale' 'entità' 'cavallo' 'pony'],['mammifero' 'animale' 'entità' 'cavallo' 'pony'],['B-' 'B-' 'B-' 'B-' 'B-'],
2644,3C_1,pensiero notturno,desiderio,sogno,desiderio,2644_3C_1,['pensiero notturno' 'sogno' 'desiderio'],['pensiero notturno' 'sogno'],['B-' 'B-' 'O'],
2124,2F_19,"mestiere, persona, mammifero, essere vivente, entità",infermiere,medico,"persona, mammifero, essere vivente, infermiere",2124_2F_19,"['mestiere' 'persona' 'mammifero' 'essere vivente' 'entità' 'medico'
 'infermiere']",['mestiere' 'entità' 'medico'],['B-' 'O' 'O' 'O' 'B-' 'B-' 'O'],
2197,2E_3,,,paura,,2197_2E_3,[' paura'],[' paura'],['B-'],
2010,2F_1,,testa,mente,testa,2010_2F_1,[' mente' 'testa'],[' mente'],['B-' 'O'],
987,2E_24,ragionamento ,"cellule, tessuti, organo",mente,"ragionamento, cellule, tessuti, organo",987_2E_24,['ragionamento ' 'mente' 'cellule' 'tessuti' 'organo'],['ragionamento ' 'mente'],['B-' 'B-' 'O' 'O' 'O'],
1605,5D_3,"cosa, oggetto","focus, meclaren, ferrari",automobile,"oggetto, meclaren, ferrari",1605_5D_3,['cosa' 'oggetto' 'automobile' 'focus' 'meclaren' 'ferrari'],['cosa' 'automobile' 'focus'],['B-' 'O' 'B-' 'B-' 'O' 'O'],
228,1G_20,"persona, essere vivente, pianta, fiore, viola, colore, rosso",taxista,autista,"pianta, fiore, viola, colore, rosso",228_1G_20,"['persona' 'essere vivente' 'pianta' 'fiore' 'viola' 'colore' 'rosso'
 'autista' 'taxista']",['persona' 'essere vivente' 'autista' 'taxista'],['B-' 'B-' 'O' 'O' 'O' 'O' 'O' 'B-' 'B-'],
1032,3C_2,insieme di avvenimenti atmosferici,"precipitazioni, pioggia, pioggia monsonica",tempo,,1032_3C_2,"['insieme di avvenimenti atmosferici' 'tempo' 'precipitazioni' 'pioggia'
 'pioggia monsonica']","['insieme di avvenimenti atmosferici' 'tempo' 'precipitazioni' 'pioggia'
 'pioggia monsonica']",['B-' 'B-' 'B-' 'B-' 'B-'],
852,2F_15,"animale, veloce",,cavallo,veloce,852_2F_15,['animale' 'veloce' 'cavallo'],['animale' 'cavallo'],['B-' 'O' 'B-'],
2253,2F_27,"mezzo di trasporto, oggetto",mercedes,automobile,,2253_2F_27,['mezzo di trasporto' 'oggetto' 'automobile' 'mercedes'],['mezzo di trasporto' 'oggetto' 'automobile' 'mercedes'],['B-' 'B-' 'B-' 'B-'],
2381,3C_21,"diritto, cosa",libertà di parola,libertà,cosa,2381_3C_21,['diritto' 'cosa' 'libertà' 'libertà di parola'],['diritto' 'libertà' 'libertà di parola'],['B-' 'O' 'B-' 'B-'],
141,3C_25,emozione,,affetto,,141_3C_25,['emozione' 'affetto'],['emozione' 'affetto'],['B-' 'B-'],
2885,5D_11,,"misura, settimana",tempo,misura,2885_5D_11,[' tempo' 'misura' 'settimana'],[' tempo' 'settimana'],['B-' 'O' 'B-'],
3056,5B_1,"cibo, alimento, energia fisica, aiuto","torta della nonna, torta al cioccolato, cioccolato",torta,"aiuto, torta al cioccolato, cioccolato",3056_5B_1,"['cibo' 'alimento' 'energia fisica' 'aiuto' 'torta' 'torta della nonna'
 'torta al cioccolato' 'cioccolato']",['cibo' 'alimento' 'energia fisica' 'torta' 'torta della nonna'],['B-' 'B-' 'B-' 'O' 'B-' 'B-' 'O' 'O'],
2410,2F_20,emozione,arrabbiato,rabbia,arrabbiato,2410_2F_20,['emozione' 'rabbia' 'arrabbiato'],['emozione' 'rabbia'],['B-' 'B-' 'O'],
2269,3C_14,"mestiere, professione, lavoro","prof, prof di scienze, prof di chimica",insegnante,professione,2269_3C_14,"['mestiere' 'professione' 'lavoro' 'insegnante' 'prof' 'prof di scienze'
 'prof di chimica']","['mestiere' 'lavoro' 'insegnante' 'prof' 'prof di scienze'
 'prof di chimica']",['B-' 'O' 'B-' 'B-' 'B-' 'B-' 'B-'],
2258,3C_14,,meteorologico,tempo,,2258_3C_14,[' tempo' 'meteorologico'],[' tempo' 'meteorologico'],['B-' 'B-'],
1314,5B_12,"sentimento, emozione",euforia,gioia,emozione,1314_5B_12,['sentimento' 'emozione' 'gioia' 'euforia'],['sentimento' 'gioia' 'euforia'],['B-' 'O' 'B-' 'B-'],
184,5D_22,"sentimento, emozione, amore, per qualcuno","in amicizia, in amore, in famiglia",affetto,"emozione, amore, per qualcuno, in amore, in famiglia",184_5D_22,"['sentimento' 'emozione' 'amore' 'amore per qualcuno' 'affetto'
 'affetto in amicizia' 'affetto in amore' 'affetto in famiglia']",['sentimento' 'affetto' 'affetto in amicizia'],['B-' 'O' 'O' 'O' 'B-' 'B-' 'O' 'O'],per qualcuno|||amore per qualcuno___in amicizia|||affetto in amicizia___in amore|||affetto in amore___in famiglia|||affetto in famiglia___
139,3C_23,"sentimento, amore",,affetto,amore,139_3C_23,['sentimento' 'amore' 'affetto'],['sentimento' 'affetto'],['B-' 'O' 'B-'],
101,3B_12,"bene, male",amore,affetto,"bene, male",101_3B_12,['bene' 'male' 'affetto' 'amore'],['affetto' 'amore'],['O' 'O' 'B-' 'B-'],
2740,1G_12,"passato, cosa già usata, riciclabile, riutilizzabile, nuova vita",,tempo,"passato, cosa già usata, riciclabile, riutilizzabile, nuova vita",2740_1G_12,"['passato' 'cosa già usata' 'riciclabile' 'riutilizzabile' 'nuova vita'
 'tempo']",['tempo'],['O' 'O' 'O' 'O' 'O' 'B-'],
254,2E_23,,"di un taxi, di una macchina, di un autobus",autista,"di una macchina, di un autobus",254_2E_23,"[' autista' ' autista di un taxi' ' autista di una macchina'
 ' autista di un autobus']",[' autista' ' autista di un taxi'],['B-' 'B-' 'O' 'O'],di un taxi||| autista di un taxi___di una macchina||| autista di una macchina___di un autobus||| autista di un autobus___
616,2E_1,"persona, persona che cura","personale, familiare, veterinario",medico,"persona che cura, familiare, veterinario",616_2E_1,"['persona' 'persona che cura' 'medico' 'personale' 'familiare'
 'veterinario']",['persona' 'medico' 'personale'],['B-' 'O' 'B-' 'B-' 'O' 'O'],
1625,5D_5,"dottore, aiutante, badante, persona, mammifero, essere vivente",chirurgo,medico,"dottore, aiutante, badante",1625_5D_5,"['dottore' 'aiutante' 'badante' 'persona' 'mammifero' 'essere vivente'
 'medico' 'chirurgo']",['persona' 'mammifero' 'essere vivente' 'medico' 'chirurgo'],['O' 'O' 'O' 'B-' 'B-' 'B-' 'B-' 'B-'],
879,3B_16,"erbivoro, mammifero, quadrupede, animale, pluricellulare, essere vivente","pony, miny pony",cavallo,,879_3B_16,"['erbivoro' 'mammifero' 'quadrupede' 'animale' 'pluricellulare'
 'essere vivente' 'cavallo' 'pony' 'miny pony']","['erbivoro' 'mammifero' 'quadrupede' 'animale' 'pluricellulare'
 'essere vivente' 'cavallo' 'pony' 'miny pony']",['B-' 'B-' 'B-' 'B-' 'B-' 'B-' 'B-' 'B-' 'B-'],
603,1G_1,bambino,,badante,bambino,603_1G_1,['bambino' 'badante'],['badante'],['O' 'B-'],
1372,1D_10,diritto,,libertà,,1372_1D_10,['diritto' 'libertà'],['diritto' 'libertà'],['B-' 'B-'],
1404,2E_11,"persona, imparare, insegna, essere vivente, mammifero","professore, tecnologia",insegnante,"imparare, insegna, mammifero",1404_2E_11,"['persona' 'imparare' 'insegna' 'essere vivente' 'mammifero' 'insegnante'
 'professore' 'tecnologia']",['persona' 'essere vivente' 'insegnante' 'professore' 'tecnologia'],['B-' 'O' 'O' 'B-' 'O' 'B-' 'B-' 'B-'],
312,5B_2,"pensiero notturno, pensiero, una cosa in mente, cosa astratta, cosa",,sogno,cosa,312_5B_2,"['pensiero notturno' 'pensiero' 'una cosa in mente' 'cosa astratta' 'cosa'
 'sogno']","['pensiero notturno' 'pensiero' 'una cosa in mente' 'cosa astratta'
 'sogno']",['B-' 'B-' 'B-' 'B-' 'O' 'B-'],
858,2F_20,mammifero,"arabo, frisone, stallone",cavallo,"frisone, stallone",858_2F_20,['mammifero' 'cavallo' 'arabo' 'frisone' 'stallone'],['mammifero' 'cavallo' 'arabo'],['B-' 'B-' 'B-' 'O' 'O'],
515,5B_15,"emozione, sentimento, modo di essere, entità","panico, panico di sbagliare, panico di sbagliare in matematica",paura,"sentimento, modo di essere",515_5B_15,"['emozione' 'sentimento' 'modo di essere' 'entità' 'paura' 'panico'
 'panico di sbagliare' 'panico di sbagliare in matematica']","['emozione' 'entità' 'paura' 'panico' 'panico di sbagliare'
 'panico di sbagliare in matematica']",['B-' 'O' 'O' 'B-' 'B-' 'B-' 'B-' 'B-'],
1679,3C_14,diritto,"non la scuola, sessuale di genere, di opinione, sport",libertà,"non la scuola, di opinione, sport",1679_3C_14,"['diritto' 'libertà' 'non la scuola' 'sessuale di genere'
 'sessuale di genere di opinione' 'sport']",['diritto' 'libertà' 'sessuale di genere'],['B-' 'B-' 'O' 'B-' 'O' 'O'],di opinione|||sessuale di genere di opinione___
1926,5D_20,"lavoro, fatica","otorino, oculista",medico,"fatica, oculista",1926_5D_20,['lavoro' 'fatica' 'medico' 'otorino' 'oculista'],['lavoro' 'medico' 'otorino'],['B-' 'O' 'B-' 'B-' 'O'],
2064,3C_11,"meccanismo, ingranaggio",,mente,"meccanismo, ingranaggio",2064_3C_11,['meccanismo' 'ingranaggio' 'mente'],['mente'],['O' 'O' 'B-'],
3059,5B_12,"cibo, alimento, fonte di energia",tenerina,torta,,3059_5B_12,['cibo' 'alimento' 'fonte di energia' 'torta' 'tenerina'],['cibo' 'alimento' 'fonte di energia' 'torta' 'tenerina'],['B-' 'B-' 'B-' 'B-' 'B-'],
886,2E_18,"veicolo, oggetto, entità","f1, fs2a",automobile,,886_2E_18,['veicolo' 'oggetto' 'entità' 'automobile' 'f1' 'fs2a'],['veicolo' 'oggetto' 'entità' 'automobile' 'f1' 'fs2a'],['B-' 'B-' 'B-' 'B-' 'B-' 'B-'],
604,1G_10,"anziano, saggio, danza, ballerino","vigilato, polizia, criminali",badante,"anziano, saggio, danza, ballerino, vigilato, polizia, criminali",604_1G_10,"['anziano' 'saggio' 'danza' 'ballerino' 'badante' 'vigilato' 'polizia'
 'criminali']",['badante'],['O' 'O' 'O' 'O' 'B-' 'O' 'O' 'O'],
2689,5B_9,pensiero,incubo,sogno,,2689_5B_9,['pensiero' 'sogno' 'incubo'],['pensiero' 'sogno' 'incubo'],['B-' 'B-' 'B-'],
3099,5D_8,alimento,"torta gelato, cheesecake",torta,cheesecake,3099_5D_8,['alimento' 'torta' 'torta gelato' 'cheesecake'],['alimento' 'torta' 'torta gelato'],['B-' 'B-' 'B-' 'O'],
3079,5D_11,"dolce, cibo",cheesecake,torta,,3079_5D_11,['dolce' 'cibo' 'torta' 'cheesecake'],['dolce' 'cibo' 'torta' 'cheesecake'],['B-' 'B-' 'B-' 'B-'],
380,5B_6,"di pregare, cosa astratta",,libertà,di pregare,380_5B_6,['di pregare' 'cosa astratta' 'libertà'],['cosa astratta' 'libertà'],['O' 'B-' 'B-'],
1934,5D_6,lavoro,farmaco,medico,farmaco,1934_5D_6,['lavoro' 'medico' 'farmaco'],['lavoro' 'medico'],['B-' 'B-' 'O'],
2066,2F_15,emozione,gioia per qualcuno,gioia,,2066_2F_15,['emozione' 'gioia' 'gioia per qualcuno'],['emozione' 'gioia' 'gioia per qualcuno'],['B-' 'B-' 'B-'],
2951,1G_8,"dolce, cibo, alimento, cosa da mangiare",sacker,torta,cosa da mangiare,2951_1G_8,['dolce' 'cibo' 'alimento' 'cosa da mangiare' 'torta' 'sacker'],['dolce' 'cibo' 'alimento' 'torta' 'sacker'],['B-' 'B-' 'B-' 'O' 'B-' 'B-'],
978,1D_19,"passatempo, divertimento",peluche,giocattolo,"passatempo, divertimento",978_1D_19,['passatempo' 'divertimento' 'giocattolo' 'peluche'],['giocattolo' 'peluche'],['O' 'O' 'B-' 'B-'],
2164,2F_22,"guidatore, lavoro, persona, umano, bipede, essere vivente, insieme di molecole",taxista,autista,"persona, umano, bipede, essere vivente, insieme di molecole",2164_2F_22,"['guidatore' 'lavoro' 'persona' 'umano' 'bipede' 'essere vivente'
 'insieme di molecole' 'autista' 'taxista']",['guidatore' 'lavoro' 'autista' 'taxista'],['B-' 'B-' 'O' 'O' 'O' 'O' 'O' 'B-' 'B-'],
1298,3C_20,"emozione, stato d'animo",,gioia,stato d'animo,1298_3C_20,"['emozione' ""stato d'animo"" 'gioia']",['emozione' 'gioia'],['B-' 'O' 'B-'],
910,3C_20,"mammifero, animale, quadrupede, essere vivente",nero,cavallo,quadrupede,910_3C_20,['mammifero' 'animale' 'quadrupede' 'essere vivente' 'cavallo' 'nero'],['mammifero' 'animale' 'essere vivente' 'cavallo' 'nero'],['B-' 'B-' 'O' 'B-' 'B-' 'B-'],
954,5D_19,"mammifero, essere vivente",,cavallo,,954_5D_19,['mammifero' 'essere vivente' 'cavallo'],['mammifero' 'essere vivente' 'cavallo'],['B-' 'B-' 'B-'],
1387,1G_17,"persona, essere umano, essere vivente, cellula, atomo","di italiano, insegnante cattiva",insegnante,"cellula, atomo, insegnante cattiva",1387_1G_17,"['persona' 'essere umano' 'essere vivente' 'cellula' 'atomo' 'insegnante'
 'insegnante di italiano' 'insegnante cattiva']","['persona' 'essere umano' 'essere vivente' 'insegnante'
 'insegnante di italiano']",['B-' 'B-' 'B-' 'O' 'O' 'B-' 'B-' 'O'],di italiano|||insegnante di italiano___
2313,3C_17,"cibo, alimento, sostanza",sacher,torta,,2313_3C_17,['cibo' 'alimento' 'sostanza' 'torta' 'sacher'],['cibo' 'alimento' 'sostanza' 'torta' 'sacher'],['B-' 'B-' 'B-' 'B-' 'B-'],
605,5B_21,"lavoro, occupazione, cosa, entità",maxilofacciale ,medico,cosa,605_5B_21,['lavoro' 'occupazione' 'cosa' 'entità' 'medico' 'maxilofacciale'],['lavoro' 'occupazione' 'entità' 'medico' 'maxilofacciale'],['B-' 'B-' 'O' 'B-' 'B-' 'B-'],
580,5B_19,"alimento caldo, cibo",ternerina,torta,,580_5B_19,['alimento caldo' 'cibo' 'torta' 'ternerina'],['alimento caldo' 'cibo' 'torta' 'ternerina'],['B-' 'B-' 'B-' 'B-'],
513,5B_15,"lavoro, impegno","insegnante femmina, insegnante femmina giovane",insegnante,,513_5B_15,"['lavoro' 'impegno' 'insegnante' 'insegnante femmina'
 'insegnante femmina giovane']","['lavoro' 'impegno' 'insegnante' 'insegnante femmina'
 'insegnante femmina giovane']",['B-' 'B-' 'B-' 'B-' 'B-'],
2400,3C_23,"oggetto, materia, sostanza","bambole, barbie, ken",giocattolo,sostanza,2400_3C_23,['oggetto' 'materia' 'sostanza' 'giocattolo' 'bambole' 'barbie' 'ken'],['oggetto' 'materia' 'giocattolo' 'bambole' 'barbie' 'ken'],['B-' 'B-' 'O' 'B-' 'B-' 'B-' 'B-'],
252,1G_21,"veicolo, mezzo di trasporto, veicol","lamborghini, porsche, fiat 500",automobile,"veicol, porsche, fiat 500",252_1G_21,"['veicolo' 'mezzo di trasporto' 'veicol' 'automobile' 'lamborghini'
 'porsche' 'fiat 500']",['veicolo' 'mezzo di trasporto' 'automobile' 'lamborghini'],['B-' 'B-' 'O' 'B-' 'B-' 'O' 'O'],
1268,3B_17,"felicità, emozione","persona, pelle, derma",gioia,"felicità, persona, pelle, derma",1268_3B_17,['felicità' 'emozione' 'gioia' 'persona' 'pelle' 'derma'],['emozione' 'gioia'],['O' 'B-' 'B-' 'O' 'O' 'O'],
1013,3C_1,"emozione, sentimento, sensazione",rabbia di sconfitta,rabbia,"sentimento, rabbia di sconfitta",1013_3C_1,['emozione' 'sentimento' 'sensazione' 'rabbia' 'rabbia di sconfitta'],['emozione' 'sensazione' 'rabbia'],['B-' 'O' 'B-' 'B-' 'O'],
920,2E_20,emozione,demoni,paura,,920_2E_20,['emozione' 'paura' 'demoni'],['emozione' 'paura' 'demoni'],['B-' 'B-' 'B-'],
1154,3C_10,"sentimento, emozione",paura del buio,paura,emozione,1154_3C_10,['sentimento' 'emozione' 'paura' 'paura del buio'],['sentimento' 'paura' 'paura del buio'],['B-' 'O' 'B-' 'B-'],
2046,2F_14,pensiero,incubo,sogno,,2046_2F_14,['pensiero' 'sogno' 'incubo'],['pensiero' 'sogno' 'incubo'],['B-' 'B-' 'B-'],
1242,1D_2,"animale, carne, entità","maiale, capra, serpente",cavallo,"carne, maiale, capra, serpente",1242_1D_2,['animale' 'carne' 'entità' 'cavallo' 'maiale' 'capra' 'serpente'],['animale' 'entità' 'cavallo'],['B-' 'O' 'B-' 'B-' 'O' 'O' 'O'],
1300,1D_6,"alimento dolce, cibo, nutrimento",al mascarpone,torta,,1300_1D_6,['alimento dolce' 'cibo' 'nutrimento' 'torta' 'al mascarpone'],['alimento dolce' 'cibo' 'nutrimento' 'torta' 'al mascarpone'],['B-' 'B-' 'B-' 'B-' 'B-'],
164,5B_4,emozione,pace,affetto,pace,164_5B_4,['emozione' 'affetto' 'pace'],['emozione' 'affetto'],['B-' 'B-' 'O'],
2031,2F_5,,,mente,,2031_2F_5,[' mente'],[' mente'],['B-'],
2628,3B_19,"volare con la mente, dormire","paura, divertimento",sogno,"volare con la mente, dormire, paura, divertimento",2628_3B_19,['volare con la mente' 'dormire' 'sogno' 'paura' 'divertimento'],['sogno'],['O' 'O' 'B-' 'O' 'O'],
1894,2F_3,"emozione, condizione",ira,rabbia,,1894_2F_3,['emozione' 'condizione' 'rabbia' 'ira'],['emozione' 'condizione' 'rabbia' 'ira'],['B-' 'B-' 'B-' 'B-'],
2524,1D_13,"notte, mente, dormire, stanco, obiettivo","felice, pensieroso",sogno,"notte, dormire, stanco, obiettivo, pensieroso",2524_1D_13,"['notte' 'mente' 'dormire' 'stanco' 'obiettivo' 'sogno' 'felice'
 'pensieroso']",['mente' 'sogno' 'felice'],['O' 'B-' 'O' 'O' 'O' 'B-' 'B-' 'O'],
1589,1G_3,"pensiero, sensazione, divertimento","divertirsi, liberarsi, volare",libertà,"pensiero, divertimento, divertirsi, liberarsi, volare",1589_1G_3,"['pensiero' 'sensazione' 'divertimento' 'libertà' 'divertirsi' 'liberarsi'
 'volare']",['sensazione' 'libertà'],['O' 'B-' 'O' 'B-' 'O' 'O' 'O'],
1707,5D_12,"persona, essere vivente",chirurgo,medico,,1707_5D_12,['persona' 'essere vivente' 'medico' 'chirurgo'],['persona' 'essere vivente' 'medico' 'chirurgo'],['B-' 'B-' 'B-' 'B-'],
7,1G_2,"cibo, energia, entità",torta al cioccolato,torta,,7_1G_2,['cibo' 'energia' 'entità' 'torta' 'torta al cioccolato'],['cibo' 'energia' 'entità' 'torta' 'torta al cioccolato'],['B-' 'B-' 'B-' 'B-' 'B-'],
1075,3B_18,oggetto,trenino,giocattolo,,1075_3B_18,['oggetto' 'giocattolo' 'trenino'],['oggetto' 'giocattolo' 'trenino'],['B-' 'B-' 'B-'],
933,5B_19,"mammifero, animale, essere vivente",purosangue,cavallo,,933_5B_19,['mammifero' 'animale' 'essere vivente' 'cavallo' 'purosangue'],['mammifero' 'animale' 'essere vivente' 'cavallo' 'purosangue'],['B-' 'B-' 'B-' 'B-' 'B-'],
972,1D_13,"videogioco, gioco online, play, negozio, produzione","wwr online, fifa, fortnite",giocattolo,"videogioco, gioco online, play, negozio, produzione, fifa, fortnite",972_1D_13,"['videogioco' 'gioco online' 'play' 'negozio' 'produzione' 'giocattolo'
 'wwr online' 'fifa' 'fortnite']",['giocattolo' 'wwr online'],['O' 'O' 'O' 'O' 'O' 'B-' 'B-' 'O' 'O'],
2292,3C_16,,rabbia nervosa,rabbia,,2292_3C_16,[' rabbia' 'rabbia nervosa'],[' rabbia' 'rabbia nervosa'],['B-' 'B-'],
752,2E_10,stato d'animo,"interiorità, per una persona",rabbia,interiorità,752_2E_10,"[""stato d'animo"" 'rabbia' 'interiorità' 'interiorità per una persona']","[""stato d'animo"" 'rabbia' 'interiorità per una persona']",['B-' 'B-' 'O' 'B-'],per una persona|||interiorità per una persona___
2855,3C_3,"passato, futuro, presente, luogo","divertente, noioso, infinito",tempo,"passato, futuro, presente, luogo, divertente, noioso",2855_3C_3,"['passato' 'futuro' 'presente' 'luogo' 'tempo' 'divertente' 'noioso'
 'infinito']",['tempo' 'infinito'],['O' 'O' 'O' 'O' 'B-' 'O' 'O' 'B-'],
2745,1G_17,misura,"orologio, gucci, marca",tempo,"orologio, gucci, marca",2745_1G_17,['misura' 'tempo' 'orologio' 'gucci' 'marca'],['misura' 'tempo'],['B-' 'B-' 'O' 'O' 'O'],
2042,2F_13,"quattro ruote, macchina, veicolo, oggetto, cosa materiale, entità","autobus, furgone",automobile,"macchina, autobus, furgone",2042_2F_13,"['quattro ruote' 'macchina' 'veicolo' 'oggetto' 'cosa materiale' 'entità'
 'automobile' 'autobus' 'furgone']","['quattro ruote' 'veicolo' 'oggetto' 'cosa materiale' 'entità'
 'automobile']",['B-' 'O' 'B-' 'B-' 'B-' 'B-' 'B-' 'O' 'O'],
680,3B_11,lavoro,anziani,badante,,680_3B_11,['lavoro' 'badante' 'anziani'],['lavoro' 'badante' 'anziani'],['B-' 'B-' 'B-'],
1460,1D_16,"oggetto, cosa, essere non vivente, entità","macchinina, hot weels",giocattolo,hot weels,1460_1D_16,"['oggetto' 'cosa' 'essere non vivente' 'entità' 'giocattolo' 'macchinina'
 'hot weels']",['oggetto' 'cosa' 'essere non vivente' 'entità' 'giocattolo' 'macchinina'],['B-' 'B-' 'B-' 'B-' 'B-' 'B-' 'O'],
1928,5D_22,"aiuta, cura, opera, operazione, ossa, ospedale, pediatra","dentista, podologo, oculista",medico,"aiuta, cura, opera, operazione, ossa, ospedale, pediatra, podologo, oculista",1928_5D_22,"['aiuta' 'cura' 'opera' 'operazione' 'ossa' 'ospedale' 'pediatra' 'medico'
 'dentista' 'podologo' 'oculista']",['medico' 'dentista'],['O' 'O' 'O' 'O' 'O' 'O' 'O' 'B-' 'B-' 'O' 'O'],
1955,2F_7,"professione, lavoro, impegno","di matematica, di motoria, di inglese",insegnante,"di motoria, di inglese",1955_2F_7,"['professione' 'lavoro' 'impegno' 'insegnante' 'insegnante di matematica'
 'insegnante di motoria' 'insegnante di inglese']",['professione' 'lavoro' 'impegno' 'insegnante' 'insegnante di matematica'],['B-' 'B-' 'B-' 'B-' 'B-' 'O' 'O'],di matematica|||insegnante di matematica___di motoria|||insegnante di motoria___di inglese|||insegnante di inglese___
2637,3B_3,"falso, immaginazione, creatività, fantasia, creazione astratta, pensiero","divertimento, felicità, risata, sorriso",sogno,"falso, creatività, fantasia, pensiero, divertimento, felicità, risata, sorriso",2637_3B_3,"['falso' 'immaginazione' 'creatività' 'fantasia' 'creazione astratta'
 'pensiero' 'sogno' 'divertimento' 'felicità' 'risata' 'sorriso']",['immaginazione' 'creazione astratta' 'sogno'],['O' 'B-' 'O' 'O' 'B-' 'O' 'B-' 'O' 'O' 'O' 'O'],
659,2F_16,aiuto,"anziani, cibo",badante,"aiuto, cibo",659_2F_16,['aiuto' 'badante' 'anziani' 'cibo'],['badante' 'anziani'],['O' 'B-' 'B-' 'O'],
2862,5B_1,,,tempo,,2862_5B_1,[' tempo'],[' tempo'],['B-'],
985,2E_24,cosa,"per bambini, gommosi",giocattolo,,985_2E_24,['cosa' 'giocattolo' 'giocattolo per bambini' 'gommosi'],['cosa' 'giocattolo' 'giocattolo per bambini' 'gommosi'],['B-' 'B-' 'B-' 'B-'],per bambini|||giocattolo per bambini___
1457,3B_12,"disciplina, educazione",,insegnante,"disciplina, educazione",1457_3B_12,['disciplina' 'educazione' 'insegnante'],['insegnante'],['O' 'O' 'B-'],
1156,3C_10,"animale, essere vivente",pony,cavallo,,1156_3C_10,['animale' 'essere vivente' 'cavallo' 'pony'],['animale' 'essere vivente' 'cavallo' 'pony'],['B-' 'B-' 'B-' 'B-'],
1689,3C_23,"fare ciò che vuoi, sentimento","di esprimersi, di parlare",libertà,"fare ciò che vuoi, sentimento",1689_3C_23,"['fare ciò che vuoi' 'sentimento' 'libertà' 'libertà di esprimersi'
 'libertà di parlare']",['libertà' 'libertà di esprimersi' 'libertà di parlare'],['O' 'O' 'B-' 'B-' 'B-'],di esprimersi|||libertà di esprimersi___di parlare|||libertà di parlare___
506,3B_5,"veicolo, mezzo di trasporto",porsche,automobile,,506_3B_5,['veicolo' 'mezzo di trasporto' 'automobile' 'porsche'],['veicolo' 'mezzo di trasporto' 'automobile' 'porsche'],['B-' 'B-' 'B-' 'B-'],
2189,2F_23,"mestiere, lavoro, impiego, dovere",dei vecchi,badante,dovere,2189_2F_23,['mestiere' 'lavoro' 'impiego' 'dovere' 'badante' 'dei vecchi'],['mestiere' 'lavoro' 'impiego' 'badante' 'dei vecchi'],['B-' 'B-' 'B-' 'O' 'B-' 'B-'],
288,5B_1,"animale, essere vivente, entità ",cavallo svedese,cavallo,,288_5B_1,['animale' 'essere vivente' 'entità ' 'cavallo' 'cavallo svedese'],['animale' 'essere vivente' 'entità ' 'cavallo' 'cavallo svedese'],['B-' 'B-' 'B-' 'B-' 'B-'],
8,1G_2,"persona, essere umano, essere vivente, entità",bandante casalinga,badante,,8_1G_2,"['persona' 'essere umano' 'essere vivente' 'entità' 'badante'
 'bandante casalinga']","['persona' 'essere umano' 'essere vivente' 'entità' 'badante'
 'bandante casalinga']",['B-' 'B-' 'B-' 'B-' 'B-' 'B-'],
2516,5D_6,sentimento,,rabbia,,2516_5D_6,['sentimento' 'rabbia'],['sentimento' 'rabbia'],['B-' 'B-'],
1463,3B_18,"persona, essere vivente",maestra,insegnante,,1463_3B_18,['persona' 'essere vivente' 'insegnante' 'maestra'],['persona' 'essere vivente' 'insegnante' 'maestra'],['B-' 'B-' 'B-' 'B-'],
3015,3B_19,"dolce, alimento, cibo","tenerina, crostata, tenerin",torta,"crostata, tenerin",3015_3B_19,['dolce' 'alimento' 'cibo' 'torta' 'tenerina' 'crostata' 'tenerin'],['dolce' 'alimento' 'cibo' 'torta' 'tenerina'],['B-' 'B-' 'B-' 'B-' 'B-' 'O' 'O'],
1610,2E_22,,,libertà,,1610_2E_22,[' libertà'],[' libertà'],['B-'],
850,2E_16,"passatempo, entità concreta",peluche,giocattolo,passatempo,850_2E_16,['passatempo' 'entità concreta' 'giocattolo' 'peluche'],['entità concreta' 'giocattolo' 'peluche'],['O' 'B-' 'B-' 'B-'],
1420,2E_26,"persona, professione","matematica, italiano, geografia",insegnante,"professione, italiano, geografia",1420_2E_26,['persona' 'professione' 'insegnante' 'matematica' 'italiano' 'geografia'],['persona' 'insegnante' 'matematica'],['B-' 'O' 'B-' 'B-' 'O' 'O'],
1093,3C_6,"emozione, sentimento, sensazione, cosa percepibile","di fallire, di deludere gli altri, di prendere un brutto voto",rabbia,"sentimento, di deludere gli altri, di prendere un brutto voto",1093_3C_6,"['emozione' 'sentimento' 'sensazione' 'cosa percepibile' 'rabbia'
 'rabbia di fallire' 'rabbia di deludere gli altri'
 'rabbia di prendere un brutto voto']",['emozione' 'sensazione' 'cosa percepibile' 'rabbia' 'rabbia di fallire'],['B-' 'O' 'B-' 'B-' 'B-' 'B-' 'O' 'O'],di fallire|||rabbia di fallire___di deludere gli altri|||rabbia di deludere gli altri___di prendere un brutto voto|||rabbia di prendere un brutto voto___
535,5B_16,"lavoro, concetto concreto, entità","di una corriera, giorgio",autista,concetto concreto,535_5B_16,"['lavoro' 'concetto concreto' 'entità' 'autista' 'autista di una corriera'
 'giorgio']",['lavoro' 'entità' 'autista' 'autista di una corriera' 'giorgio'],['B-' 'O' 'B-' 'B-' 'B-' 'B-'],di una corriera|||autista di una corriera___
142,3C_3,"amore, amicizia, preoccupazione, dubbi, pensiero, emozione",amichevole,affetto,"amore, amicizia, preoccupazione, dubbi, pensiero",142_3C_3,"['amore' 'amicizia' 'preoccupazione' 'dubbi' 'pensiero' 'emozione'
 'affetto' 'amichevole']",['emozione' 'affetto' 'amichevole'],['O' 'O' 'O' 'O' 'O' 'B-' 'B-' 'B-'],
1429,1D_14,"lavoro, professione",dentista,medico,professione,1429_1D_14,['lavoro' 'professione' 'medico' 'dentista'],['lavoro' 'medico' 'dentista'],['B-' 'O' 'B-' 'B-'],
1204,1G_6,"emozione, sentimento",felicità,gioia,"sentimento, felicità",1204_1G_6,['emozione' 'sentimento' 'gioia' 'felicità'],['emozione' 'gioia'],['B-' 'O' 'B-' 'O'],
1885,2F_2,"mestiere, lavoro, una cosa che serve a vivere","infermiere, chirurgo",medico,"una cosa che serve a vivere, infermiere",1885_2F_2,"['mestiere' 'lavoro' 'una cosa che serve a vivere' 'medico' 'infermiere'
 'chirurgo']",['mestiere' 'lavoro' 'medico' 'chirurgo'],['B-' 'B-' 'O' 'B-' 'O' 'B-'],
1381,1D_11,"oggetto, entità",lamborghini,automobile,,1381_1D_11,['oggetto' 'entità' 'automobile' 'lamborghini'],['oggetto' 'entità' 'automobile' 'lamborghini'],['B-' 'B-' 'B-' 'B-'],
1481,1D_17,"pensiero, astrattezza, entità",incubo,sogno,astrattezza,1481_1D_17,['pensiero' 'astrattezza' 'entità' 'sogno' 'incubo'],['pensiero' 'entità' 'sogno' 'incubo'],['B-' 'O' 'B-' 'B-' 'B-'],
609,1G_15,"persona, essere vivente",,badante,,609_1G_15,['persona' 'essere vivente' 'badante'],['persona' 'essere vivente' 'badante'],['B-' 'B-' 'B-'],
779,2E_11,"emozione, persona",felicità,gioia,"persona, felicità",779_2E_11,['emozione' 'persona' 'gioia' 'felicità'],['emozione' 'gioia'],['B-' 'O' 'B-' 'O'],
386,5B_7,"fanstasia, cosa immaginaria, cosa nella nostra mente","profezia, profezia bella",sogno,,386_5B_7,"['fanstasia' 'cosa immaginaria' 'cosa nella nostra mente' 'sogno'
 'profezia' 'profezia bella']","['fanstasia' 'cosa immaginaria' 'cosa nella nostra mente' 'sogno'
 'profezia' 'profezia bella']",['B-' 'B-' 'B-' 'B-' 'B-' 'B-'],
1660,3B_20,diritto,"voto, elezioni, sindaco",libertà,sindaco,1660_3B_20,['diritto' 'libertà' 'voto' 'elezioni' 'sindaco'],['diritto' 'libertà' 'voto' 'elezioni'],['B-' 'B-' 'B-' 'B-' 'O'],
1884,2F_2,"mestiere, lavoro, una cosa che serve a vivere","prof di italiano, prof di matematica",insegnante,"una cosa che serve a vivere, prof di matematica",1884_2F_2,"['mestiere' 'lavoro' 'una cosa che serve a vivere' 'insegnante'
 'prof di italiano' 'prof di matematica']",['mestiere' 'lavoro' 'insegnante' 'prof di italiano'],['B-' 'B-' 'O' 'B-' 'B-' 'O'],
1978,2F_9,"animale, mammifero, essere vivente, entità","cavallo arabo, cavallo arabo a macchie, cavallo arabo a macchie nere e bianche",cavallo,mammifero,1978_2F_9,"['animale' 'mammifero' 'essere vivente' 'entità' 'cavallo' 'cavallo arabo'
 'cavallo arabo a macchie' 'cavallo arabo a macchie nere e bianche']","['animale' 'essere vivente' 'entità' 'cavallo' 'cavallo arabo'
 'cavallo arabo a macchie' 'cavallo arabo a macchie nere e bianche']",['B-' 'O' 'B-' 'B-' 'B-' 'B-' 'B-' 'B-'],
901,3C_12,alto,arabo,cavallo,alto,901_3C_12,['alto' 'cavallo' 'arabo'],['cavallo' 'arabo'],['O' 'B-' 'B-'],
2548,1G_14,"pensiero, obiettivo",regalo,sogno,"obiettivo, regalo",2548_1G_14,['pensiero' 'obiettivo' 'sogno' 'regalo'],['pensiero' 'sogno'],['B-' 'O' 'B-' 'O'],
727,3C_8,"impiego, lavoro, azione","oss, infermiera",badante,"oss, infermiera",727_3C_8,['impiego' 'lavoro' 'azione' 'badante' 'oss' 'infermiera'],['impiego' 'lavoro' 'azione' 'badante'],['B-' 'B-' 'B-' 'B-' 'O' 'O'],
2791,2F_14,,,tempo,,2791_2F_14,[' tempo'],[' tempo'],['B-'],
1665,5D_10,"emozione, sentimento, entità","furia, ira",rabbia,"sentimento, ira",1665_5D_10,['emozione' 'sentimento' 'entità' 'rabbia' 'furia' 'ira'],['emozione' 'entità' 'rabbia' 'furia'],['B-' 'O' 'B-' 'B-' 'B-' 'O'],
1788,5D_17,"sentimento, concetto astratto",,rabbia,,1788_5D_17,['sentimento' 'concetto astratto' 'rabbia'],['sentimento' 'concetto astratto' 'rabbia'],['B-' 'B-' 'B-'],
1511,1D_19,tipo di dimostrazione d'amore,,affetto,tipo di dimostrazione d'amore,1511_1D_19,"[""tipo di dimostrazione d'amore"" 'affetto']",['affetto'],['O' 'B-'],
478,2F_3,"veicolo, guidabile, metallo, oggetto","peugeot, 3008, bianca",automobile,"guidabile, metallo",478_2F_3,"['veicolo' 'guidabile' 'metallo' 'oggetto' 'automobile' 'peugeot' '3008'
 'bianca']",['veicolo' 'oggetto' 'automobile' 'peugeot' '3008' 'bianca'],['B-' 'O' 'O' 'B-' 'B-' 'B-' 'B-' 'B-'],
25,1G_3,"mezzo di sopravvivenza, vita",claustrofobia,paura,"mezzo di sopravvivenza, vita",25_1G_3,['mezzo di sopravvivenza' 'vita' 'paura' 'claustrofobia'],['paura' 'claustrofobia'],['O' 'O' 'B-' 'B-'],
235,1G_20,"lavoro strapagato, entità ",infermiere ,medico,infermiere ,235_1G_20,['lavoro strapagato' 'entità ' 'medico' 'infermiere'],['lavoro strapagato' 'entità ' 'medico' 'infermiere'],['B-' 'B-' 'B-' 'B-'],
1729,5D_14,"cosa astratta, entità",,mente,,1729_5D_14,['cosa astratta' 'entità' 'mente'],['cosa astratta' 'entità' 'mente'],['B-' 'B-' 'B-'],
2486,5B_2,"emozione, sensazione",,rabbia,,2486_5B_2,['emozione' 'sensazione' 'rabbia'],['emozione' 'sensazione' 'rabbia'],['B-' 'B-' 'B-'],
792,1D_5,"quadrupede, mammifero, animale, essere vivente","baio, razza",cavallo,razza,792_1D_5,"['quadrupede' 'mammifero' 'animale' 'essere vivente' 'cavallo' 'baio'
 'razza']",['quadrupede' 'mammifero' 'animale' 'essere vivente' 'cavallo' 'baio'],['B-' 'B-' 'B-' 'B-' 'B-' 'B-' 'O'],
1298,1D_6,cosa astratta,intelligenza,mente,intelligenza,1298_1D_6,['cosa astratta' 'mente' 'intelligenza'],['cosa astratta' 'mente'],['B-' 'B-' 'O'],
1470,1D_16,"emozione, cosa astratta, entità",aracnofobia,paura,,1470_1D_16,['emozione' 'cosa astratta' 'entità' 'paura' 'aracnofobia'],['emozione' 'cosa astratta' 'entità' 'paura' 'aracnofobia'],['B-' 'B-' 'B-' 'B-' 'B-'],
2902,5D_5,,,tempo,,2902_5D_5,[' tempo'],[' tempo'],['B-'],
1808,5D_21,"mestiere, entità","tassista, tassista italiano",autista,,1808_5D_21,['mestiere' 'entità' 'autista' 'tassista' 'tassista italiano'],['mestiere' 'entità' 'autista' 'tassista' 'tassista italiano'],['B-' 'B-' 'B-' 'B-' 'B-'],
3025,3B_4,"cibo, frutta, cioccolato",crostata,torta,"frutta, cioccolato",3025_3B_4,['cibo' 'frutta' 'cioccolato' 'torta' 'crostata'],['cibo' 'torta' 'crostata'],['B-' 'O' 'O' 'B-' 'B-'],
2419,2F_5,,,rabbia,,2419_2F_5,[' rabbia'],[' rabbia'],['B-'],
1382,1D_11,cosa astratta,mente brillante,mente,,1382_1D_11,['cosa astratta' 'mente' 'mente brillante'],['cosa astratta' 'mente' 'mente brillante'],['B-' 'B-' 'B-'],
817,1G_7,"animale, quattro zampe, essere vivente",pony,cavallo,quattro zampe,817_1G_7,['animale' 'quattro zampe' 'essere vivente' 'cavallo' 'pony'],['animale' 'essere vivente' 'cavallo' 'pony'],['B-' 'O' 'B-' 'B-' 'B-'],
1602,2E_15,"diritto, donne",,libertà,donne,1602_2E_15,['diritto' 'donne' 'libertà'],['diritto' 'libertà'],['B-' 'O' 'B-'],
430,5B_9,,,insegnante,,430_5B_9,[' insegnante'],[' insegnante'],['B-'],
945,5D_10,"mammifero, animale, essere vivente",pony,cavallo,,945_5D_10,['mammifero' 'animale' 'essere vivente' 'cavallo' 'pony'],['mammifero' 'animale' 'essere vivente' 'cavallo' 'pony'],['B-' 'B-' 'B-' 'B-' 'B-'],
1191,3C_12,"emozione, cosa astratta",,gioia,,1191_3C_12,['emozione' 'cosa astratta' 'gioia'],['emozione' 'cosa astratta' 'gioia'],['B-' 'B-' 'B-'],
1459,3B_14,"docente, lavoratore, persona, essere vivente, bipede, pluricellulare","professore, prof. di motoria, prof. di italiano",insegnante,"docente, bipede, pluricellulare, prof. di italiano",1459_3B_14,"['docente' 'lavoratore' 'persona' 'essere vivente' 'bipede'
 'pluricellulare' 'insegnante' 'professore' 'prof. di motoria'
 'prof. di italiano']","['lavoratore' 'persona' 'essere vivente' 'insegnante' 'professore'
 'prof. di motoria']",['O' 'B-' 'B-' 'B-' 'O' 'O' 'B-' 'B-' 'B-' 'O'],
2289,5B_17,sentimento,tristezza,paura,tristezza,2289_5B_17,['sentimento' 'paura' 'tristezza'],['sentimento' 'paura'],['B-' 'B-' 'O'],
2657,3C_21,"pensiero, esperienza",incubo,sogno,esperienza,2657_3C_21,['pensiero' 'esperienza' 'sogno' 'incubo'],['pensiero' 'sogno' 'incubo'],['B-' 'O' 'B-' 'B-'],
1037,2E_7,regalo,peluche,giocattolo,regalo,1037_2E_7,['regalo' 'giocattolo' 'peluche'],['giocattolo' 'peluche'],['O' 'B-' 'B-'],
1734,5D_22,"la giornata, da scuola, dai compiti, di correre, di saltare, di passeggiare","di esprimersi, attività liberatorie",libertà,"la giornata, da scuola, dai compiti, di correre, di saltare, di passeggiare, attività liberatorie",1734_5D_22,"['la giornata' 'la giornata da scuola' 'la giornata dai compiti'
 'la giornata di correre' 'la giornata di saltare'
 'la giornata di passeggiare' 'libertà' 'libertà di esprimersi'
 'attività liberatorie']",['libertà' 'libertà di esprimersi'],['O' 'O' 'O' 'O' 'O' 'O' 'B-' 'B-' 'O'],da scuola|||la giornata da scuola___dai compiti|||la giornata dai compiti___di correre|||la giornata di correre___di saltare|||la giornata di saltare___di passeggiare|||la giornata di passeggiare___di esprimersi|||libertà di esprimersi___
2765,2E_14,concreto,"spazio tempo, elemento materiale",tempo,"concreto, spazio tempo, elemento materiale",2765_2E_14,['concreto' 'tempo' 'spazio tempo' 'elemento materiale'],['tempo'],['O' 'B-' 'O' 'O'],
1460,3B_15,"docente, lavoratore, persona, mammifero",professore,insegnante,docente,1460_3B_15,['docente' 'lavoratore' 'persona' 'mammifero' 'insegnante' 'professore'],['lavoratore' 'persona' 'mammifero' 'insegnante' 'professore'],['O' 'B-' 'B-' 'B-' 'B-' 'B-'],
1164,3C_10,"lavoro, guadagno",babysitter,badante,"guadagno, babysitter",1164_3C_10,['lavoro' 'guadagno' 'badante' 'babysitter'],['lavoro' 'badante'],['B-' 'O' 'B-' 'O'],
538,5B_11,macchina,"lamborghini, kia, toyota",automobile,"macchina, kia, toyota",538_5B_11,['macchina' 'automobile' 'lamborghini' 'kia' 'toyota'],['automobile' 'lamborghini'],['O' 'B-' 'B-' 'O' 'O'],
2029,2F_3,"testa, persona, essere vivente",cervello,mente,"testa, persona, essere vivente, cervello",2029_2F_3,['testa' 'persona' 'essere vivente' 'mente' 'cervello'],['mente'],['O' 'O' 'O' 'B-' 'O'],
1336,5D_13,felicità,giocare,gioia,"felicità, giocare",1336_5D_13,['felicità' 'gioia' 'giocare'],['gioia'],['O' 'B-' 'O'],
328,5B_3,"lavoratrice, persona, essere umano, essere vivente","giorgia, giorgia betti",badante,,328_5B_3,"['lavoratrice' 'persona' 'essere umano' 'essere vivente' 'badante'
 'giorgia' 'giorgia betti']","['lavoratrice' 'persona' 'essere umano' 'essere vivente' 'badante'
 'giorgia' 'giorgia betti']",['B-' 'B-' 'B-' 'B-' 'B-' 'B-' 'B-'],
1226,1D_1,"lavoro, mestiere",babysitter,badante,"mestiere, babysitter",1226_1D_1,['lavoro' 'mestiere' 'badante' 'babysitter'],['lavoro' 'badante'],['B-' 'O' 'B-' 'O'],
1196,1G_2,"felicità, emozione",felicità,gioia,"felicità, felicità",1196_1G_2,['felicità' 'emozione' 'gioia' 'felicità'],['emozione' 'gioia'],['O' 'B-' 'B-' 'O'],
2435,3B_2,"emozione, nevrosi",,rabbia,nevrosi,2435_3B_2,['emozione' 'nevrosi' 'rabbia'],['emozione' 'rabbia'],['B-' 'O' 'B-'],
2017,2F_12,emozione,paura del buio,paura,,2017_2F_12,['emozione' 'paura' 'paura del buio'],['emozione' 'paura' 'paura del buio'],['B-' 'B-' 'B-'],
144,3C_5,"amicizia, sentimento, sensazione, emozione",,affetto,"amicizia, emozione",144_3C_5,['amicizia' 'sentimento' 'sensazione' 'emozione' 'affetto'],['sentimento' 'sensazione' 'affetto'],['O' 'B-' 'B-' 'O' 'B-'],
436,5B_10,"cosa, entità","coniglietto, dodo",giocattolo,,436_5B_10,['cosa' 'entità' 'giocattolo' 'coniglietto' 'dodo'],['cosa' 'entità' 'giocattolo' 'coniglietto' 'dodo'],['B-' 'B-' 'B-' 'B-' 'B-'],
1385,1D_11,"oggetto, entità",lego,giocattolo,,1385_1D_11,['oggetto' 'entità' 'giocattolo' 'lego'],['oggetto' 'entità' 'giocattolo' 'lego'],['B-' 'B-' 'B-' 'B-'],
1814,2E_8,"lavoro, medicina","signore, psicologo",medico,"medicina, signore",1814_2E_8,['lavoro' 'medicina' 'medico' 'signore' 'psicologo'],['lavoro' 'medico' 'psicologo'],['B-' 'O' 'B-' 'O' 'B-'],
1614,2E_26,,,libertà,,1614_2E_26,[' libertà'],[' libertà'],['B-'],
415,5B_9,niente,esprimere la propria opinione,libertà,niente,415_5B_9,['niente' 'libertà' 'esprimere la propria opinione'],['libertà' 'esprimere la propria opinione'],['O' 'B-' 'B-'],
2710,5D_6,,incubo,sogno,,2710_5D_6,[' sogno' 'incubo'],[' sogno' 'incubo'],['B-' 'B-'],
118,1G_9,"sentimento positivo, emozione, cosa astratta",,gioia,emozione,118_1G_9,['sentimento positivo' 'emozione' 'cosa astratta' 'gioia'],['sentimento positivo' 'cosa astratta' 'gioia'],['B-' 'O' 'B-' 'B-'],
2907,1D_1,"cibo, crema, panna, cioccolato","torta gelato, fragola e tiramisù",torta,"crema, panna, cioccolato",2907_1D_1,"['cibo' 'crema' 'panna' 'cioccolato' 'torta' 'torta gelato'
 'fragola e tiramisù']",['cibo' 'torta' 'torta gelato' 'fragola e tiramisù'],['B-' 'O' 'O' 'O' 'B-' 'B-' 'B-'],
152,5B_12,"sentimento, emozione",abbraccio,affetto,"emozione, abbraccio",152_5B_12,['sentimento' 'emozione' 'affetto' 'abbraccio'],['sentimento' 'affetto'],['B-' 'O' 'B-' 'O'],
965,5D_7,"animale, mammifero",pony,cavallo,mammifero,965_5D_7,['animale' 'mammifero' 'cavallo' 'pony'],['animale' 'cavallo' 'pony'],['B-' 'O' 'B-' 'B-'],
2928,1D_8,"dolce, cibo","tenerina, cheesecake, crostata",torta,"cheesecake, crostata",2928_1D_8,['dolce' 'cibo' 'torta' 'tenerina' 'cheesecake' 'crostata'],['dolce' 'cibo' 'torta' 'tenerina'],['B-' 'B-' 'B-' 'B-' 'O' 'O'],
465,2F_15,"veicolo, mezzo di trasporto",ferrari,automobile,,465_2F_15,['veicolo' 'mezzo di trasporto' 'automobile' 'ferrari'],['veicolo' 'mezzo di trasporto' 'automobile' 'ferrari'],['B-' 'B-' 'B-' 'B-'],
1600,2E_13,,,libertà,,1600_2E_13,[' libertà'],[' libertà'],['B-'],
1123,5B_15,cosa ,macchinina,giocattolo,,1123_5B_15,['cosa ' 'giocattolo' 'macchinina'],['cosa ' 'giocattolo' 'macchinina'],['B-' 'B-' 'B-'],
779,1D_14,"mammifero, animale, essere vivente",,cavallo,,779_1D_14,['mammifero' 'animale' 'essere vivente' 'cavallo'],['mammifero' 'animale' 'essere vivente' 'cavallo'],['B-' 'B-' 'B-' 'B-'],
1330,1D_8,"emozione, stato d'animo, cosa astratta, non esistente",aracnofobia,paura,"stato d'animo, non esistente",1330_1D_8,"['emozione' ""stato d'animo"" 'cosa astratta' 'non esistente' 'paura'
 'aracnofobia']",['emozione' 'cosa astratta' 'paura' 'aracnofobia'],['B-' 'O' 'B-' 'O' 'B-' 'B-'],
2175,1G_7,"sentimento, emozione",,paura,emozione,2175_1G_7,['sentimento' 'emozione' 'paura'],['sentimento' 'paura'],['B-' 'O' 'B-'],
1214,2E_15,"emozione, felicità estrema",,gioia,felicità estrema,1214_2E_15,['emozione' 'felicità estrema' 'gioia'],['emozione' 'gioia'],['B-' 'O' 'B-'],
268,2F_12,"persona, essere vivente, mammifero","autista di bologna, autista di roma",autista,"mammifero, autista di roma",268_2F_12,"['persona' 'essere vivente' 'mammifero' 'autista' 'autista di bologna'
 'autista di roma']",['persona' 'essere vivente' 'autista' 'autista di bologna'],['B-' 'B-' 'O' 'B-' 'B-' 'O'],
946,5D_11,"animale, mammifero, essere vivente",pony,cavallo,mammifero,946_5D_11,['animale' 'mammifero' 'essere vivente' 'cavallo' 'pony'],['animale' 'essere vivente' 'cavallo' 'pony'],['B-' 'O' 'B-' 'B-' 'B-'],
2168,2F_22,illusione,cervello,mente,"illusione, cervello",2168_2F_22,['illusione' 'mente' 'cervello'],['mente'],['O' 'B-' 'O'],
2504,5D_17,,furia,rabbia,,2504_5D_17,[' rabbia' 'furia'],[' rabbia' 'furia'],['B-' 'B-'],
1797,2E_16,"infermiere, aiutante",psicologo,medico,"infermiere, aiutante",1797_2E_16,['infermiere' 'aiutante' 'medico' 'psicologo'],['medico' 'psicologo'],['O' 'O' 'B-' 'B-'],
2216,2F_25,"immaginazione, pensiero",,sogno,,2216_2F_25,['immaginazione' 'pensiero' 'sogno'],['immaginazione' 'pensiero' 'sogno'],['B-' 'B-' 'B-'],
1598,2E_11,"cosa, non avere compito, giocare","gioia, tempo libero, statua",libertà,"cosa, non avere compito, giocare, gioia, tempo libero, statua",1598_2E_11,"['cosa' 'non avere compito' 'giocare' 'libertà' 'gioia' 'tempo libero'
 'statua']",['libertà'],['O' 'O' 'O' 'B-' 'O' 'O' 'O'],
851,2E_16,"emozione, stato d'animo, entità astratta","furia, ira",rabbia,"stato d'animo, ira",851_2E_16,"['emozione' ""stato d'animo"" 'entità astratta' 'rabbia' 'furia' 'ira']",['emozione' 'entità astratta' 'rabbia' 'furia'],['B-' 'O' 'B-' 'B-' 'B-' 'O'],
2358,3C_20,"persona, mammifero, essere vivente",,badante,,2358_3C_20,['persona' 'mammifero' 'essere vivente' 'badante'],['persona' 'mammifero' 'essere vivente' 'badante'],['B-' 'B-' 'B-' 'B-'],
300,3B_18,"persona, essere vivente",,autista,,300_3B_18,['persona' 'essere vivente' 'autista'],['persona' 'essere vivente' 'autista'],['B-' 'B-' 'B-'],
2072,3C_19,"meccanismo, ingranaggio",pensiero,mente,"meccanismo, ingranaggio, pensiero",2072_3C_19,['meccanismo' 'ingranaggio' 'mente' 'pensiero'],['mente'],['O' 'O' 'B-' 'O'],
1131,3C_8,"crea pensieri, azione",,mente,azione,1131_3C_8,['crea pensieri' 'azione' 'mente'],['crea pensieri' 'mente'],['B-' 'O' 'B-'],
856,2F_19,"equino, mammifero, animale, essere vivente","purosangue, quarter horse",cavallo,,856_2F_19,"['equino' 'mammifero' 'animale' 'essere vivente' 'cavallo' 'purosangue'
 'quarter horse']","['equino' 'mammifero' 'animale' 'essere vivente' 'cavallo' 'purosangue'
 'quarter horse']",['B-' 'B-' 'B-' 'B-' 'B-' 'B-' 'B-'],
1018,2E_13,"intrattenimento, oggetto",superman,giocattolo,intrattenimento,1018_2E_13,['intrattenimento' 'oggetto' 'giocattolo' 'superman'],['oggetto' 'giocattolo' 'superman'],['O' 'B-' 'B-' 'B-'],
1606,2E_19,sensazione,"statua della libertà, giocare",libertà,"statua della libertà, giocare",1606_2E_19,['sensazione' 'libertà' 'statua della libertà' 'giocare'],['sensazione' 'libertà'],['B-' 'B-' 'O' 'O'],
443,5B_10,concetto astratto,"un mese, trenta giorni",tempo,trenta giorni,443_5B_10,['concetto astratto' 'tempo' 'un mese' 'trenta giorni'],['concetto astratto' 'tempo' 'un mese'],['B-' 'B-' 'B-' 'O'],
2991,2F_20,"dolce, buona, cibo","gelato, cioccolato",torta,buona,2991_2F_20,['dolce' 'buona' 'cibo' 'torta' 'gelato' 'cioccolato'],['dolce' 'cibo' 'torta' 'gelato' 'cioccolato'],['B-' 'O' 'B-' 'B-' 'B-' 'B-'],
2281,3C_15,"amore, emozione, sentimento",affetto familiare,affetto,"amore, sentimento",2281_3C_15,['amore' 'emozione' 'sentimento' 'affetto' 'affetto familiare'],['emozione' 'affetto' 'affetto familiare'],['O' 'B-' 'O' 'B-' 'B-'],
1230,1D_1,"mestiere, lavoro","podologo, dentista",medico,dentista,1230_1D_1,['mestiere' 'lavoro' 'medico' 'podologo' 'dentista'],['mestiere' 'lavoro' 'medico' 'podologo'],['B-' 'B-' 'B-' 'B-' 'O'],
258,2E_3,"moto, macchina",taxista uber,autista,"moto, macchina",258_2E_3,['moto' 'macchina' 'autista' 'taxista uber'],['autista' 'taxista uber'],['O' 'O' 'B-' 'B-'],
536,5B_16,"dolce, cibo, concetto concreto, entità","al cioccolato, tenerina",torta,,536_5B_16,"['dolce' 'cibo' 'concetto concreto' 'entità' 'torta' 'al cioccolato'
 'tenerina']","['dolce' 'cibo' 'concetto concreto' 'entità' 'torta' 'al cioccolato'
 'tenerina']",['B-' 'B-' 'B-' 'B-' 'B-' 'B-' 'B-'],
1257,1D_3,"persona, forma di vita, cellule, atomi, entità",taxi,autista,"cellule, atomi",1257_1D_3,['persona' 'forma di vita' 'cellule' 'atomi' 'entità' 'autista' 'taxi'],['persona' 'forma di vita' 'entità' 'autista' 'taxi'],['B-' 'B-' 'O' 'O' 'B-' 'B-' 'B-'],
1210,2E_11,"giocare, emozione, stare con gli amici","libertà, non fare nulla, vittoria gioiosa",gioia,"giocare, stare con gli amici,libertà, non fare nulla, vittoria gioiosa",1210_2E_11,"['giocare' 'emozione' 'stare con gli amici' 'gioia' 'libertà'
 'non fare nulla' 'vittoria gioiosa']",['emozione' 'stare con gli amici' 'gioia' 'libertà'],['O' 'B-' 'B-' 'B-' 'B-' 'O' 'O'],
247,1G_21,"sentimento, emozione","personaggio di inside out, aspirapolvere",paura,"emozione, personaggio di inside out, aspirapolvere",247_1G_21,"['sentimento' 'emozione' 'paura' 'personaggio di inside out'
 'aspirapolvere']",['sentimento' 'paura'],['B-' 'O' 'B-' 'O' 'O'],
1899,5B_15,lavoro,dottoressa,medico,dottoressa,1899_5B_15,['lavoro' 'medico' 'dottoressa'],['lavoro' 'medico'],['B-' 'B-' 'O'],
1845,3B_12,"dottore, infermiere",cuore,medico,"dottore, infermiere, cuore",1845_3B_12,['dottore' 'infermiere' 'medico' 'cuore'],['medico'],['O' 'O' 'B-' 'O'],
1361,1D_10,trascorrere,,tempo,trascorrere,1361_1D_10,['trascorrere' 'tempo'],['tempo'],['O' 'B-'],
1984,2E_1,"pensiero, paura",una persona,mente,"pensiero, paura, una persona",1984_2E_1,['pensiero' 'paura' 'mente' 'una persona'],['mente'],['O' 'O' 'B-' 'O'],
738,2E_9,"virus, malattia, disturbo, essere vivente, entità",rabbia dei cani,rabbia,"disturbo, essere vivente",738_2E_9,"['virus' 'malattia' 'disturbo' 'essere vivente' 'entità' 'rabbia'
 'rabbia dei cani']",['virus' 'malattia' 'entità' 'rabbia' 'rabbia dei cani'],['B-' 'B-' 'O' 'O' 'B-' 'B-' 'B-'],
75,1G_6,"macchina, oggetto","ferrari, panda, lamborghini",automobile,"macchina, panda, lamborghini",75_1G_6,['macchina' 'oggetto' 'automobile' 'ferrari' 'panda' 'lamborghini'],['oggetto' 'automobile' 'ferrari'],['O' 'B-' 'B-' 'B-' 'O' 'O'],
2038,3B_11,,,mente,,2038_3B_11,[' mente'],[' mente'],['B-'],
1867,3B_9,"dottore, professione, lavoro, dovere",chirurgo,medico,dottore,1867_3B_9,['dottore' 'professione' 'lavoro' 'dovere' 'medico' 'chirurgo'],['professione' 'lavoro' 'dovere' 'medico' 'chirurgo'],['O' 'B-' 'B-' 'B-' 'B-' 'B-'],
599,1D_6,"amore, cura, aiuto, persona, essere vivente",badante per anziani,badante,"amore, cura, aiuto",599_1D_6,"['amore' 'cura' 'aiuto' 'persona' 'essere vivente' 'badante'
 'badante per anziani']",['persona' 'essere vivente' 'badante' 'badante per anziani'],['O' 'O' 'O' 'B-' 'B-' 'B-' 'B-'],
564,5D_17,"mezzo di trasporto, oggetto","ferrari, lamborghini, tesla",automobile,"lamborghini, tesla",564_5D_17,"['mezzo di trasporto' 'oggetto' 'automobile' 'ferrari' 'lamborghini'
 'tesla']",['mezzo di trasporto' 'oggetto' 'automobile' 'ferrari'],['B-' 'B-' 'B-' 'B-' 'O' 'O'],
2583,2E_25,pensiero,felice,sogno,,2583_2E_25,['pensiero' 'sogno' 'felice'],['pensiero' 'sogno' 'felice'],['B-' 'B-' 'B-'],
1809,2E_3,"medicina, scuola",ginecologo,medico,"medicina, scuola",1809_2E_3,['medicina' 'scuola' 'medico' 'ginecologo'],['medico' 'ginecologo'],['O' 'O' 'B-' 'B-'],
538,5B_16,"emozione, concetto astratto","aracnofobia, tarantola",paura,,538_5B_16,['emozione' 'concetto astratto' 'paura' 'aracnofobia' 'tarantola'],['emozione' 'concetto astratto' 'paura' 'aracnofobia' 'tarantola'],['B-' 'B-' 'B-' 'B-' 'B-'],
917,3C_4,"mammifero, animale, essere vivente","puro sangue, arabo, bianco",cavallo,,917_3C_4,"['mammifero' 'animale' 'essere vivente' 'cavallo' 'puro sangue' 'arabo'
 'bianco']","['mammifero' 'animale' 'essere vivente' 'cavallo' 'puro sangue' 'arabo'
 'bianco']",['B-' 'B-' 'B-' 'B-' 'B-' 'B-' 'B-'],
866,2E_17,"libero, diritto",di parola,libertà,libero,866_2E_17,['libero' 'diritto' 'libertà' 'libertà di parola'],['diritto' 'libertà' 'libertà di parola'],['O' 'B-' 'B-' 'B-'],di parola|||libertà di parola___
358,5B_5,"macchina, jaguar",ferrari,automobile,"macchina, jaguar",358_5B_5,['macchina' 'jaguar' 'automobile' 'ferrari'],['automobile' 'ferrari'],['O' 'O' 'B-' 'B-'],
2118,2F_19,,mente aperta,mente,,2118_2F_19,[' mente' 'mente aperta'],[' mente' 'mente aperta'],['B-' 'B-'],
313,5B_2,"emozione, cosa astratta, cosa ",,affetto,,313_5B_2,['emozione' 'cosa astratta' 'cosa ' 'affetto'],['emozione' 'cosa astratta' 'cosa ' 'affetto'],['B-' 'B-' 'B-' 'B-'],
167,1G_13,"animale, organismo, cosa che respira, essere vivente, entità",,cavallo,cosa che respira,167_1G_13,"['animale' 'organismo' 'cosa che respira' 'essere vivente' 'entità'
 'cavallo']",['animale' 'organismo' 'essere vivente' 'entità' 'cavallo'],['B-' 'B-' 'O' 'B-' 'B-' 'B-'],
1400,1D_12,"emozione, mente, parte del cervello, parte del corpo, entità",disneyland,gioia,"mente, parte del cervello, parte del corpo, disneyland",1400_1D_12,"['emozione' 'mente' 'parte del cervello' 'parte del corpo' 'entità'
 'gioia' 'disneyland']",['emozione' 'entità' 'gioia'],['B-' 'O' 'O' 'O' 'B-' 'B-' 'O'],
272,1G_23,"emozione negativa, emozione, cosa astratta",aracnofobia,paura,,272_1G_23,['emozione negativa' 'emozione' 'cosa astratta' 'paura' 'aracnofobia'],['emozione negativa' 'emozione' 'cosa astratta' 'paura' 'aracnofobia'],['B-' 'B-' 'B-' 'B-' 'B-'],
899,2E_19,"persona, essere umano, mammifero, essere vivente, entità",,badante,,899_2E_19,['persona' 'essere umano' 'mammifero' 'essere vivente' 'entità' 'badante'],['persona' 'essere umano' 'mammifero' 'essere vivente' 'entità' 'badante'],['B-' 'B-' 'B-' 'B-' 'B-' 'B-'],
2416,3C_24,"sensazione, sentimento",libertà di esprimersi,libertà,sentimento,2416_3C_24,['sensazione' 'sentimento' 'libertà' 'libertà di esprimersi'],['sensazione' 'libertà' 'libertà di esprimersi'],['B-' 'O' 'B-' 'B-'],
141,1G_10,"risorsa astratta, entità astratta",,tempo,risorsa astratta,141_1G_10,['risorsa astratta' 'entità astratta' 'tempo'],['entità astratta' 'tempo'],['O' 'B-' 'B-'],
2963,2E_19,"cibo, oggetto","tenerina, di mele, farina",torta,"di mele, farina",2963_2E_19,['cibo' 'oggetto' 'torta' 'tenerina' 'tenerina di mele' 'farina'],['cibo' 'oggetto' 'torta' 'tenerina'],['B-' 'B-' 'B-' 'B-' 'O' 'O'],di mele|||tenerina di mele___
2073,2F_15,sentimento,libertà di votare,libertà,sentimento,2073_2F_15,['sentimento' 'libertà' 'libertà di votare'],['libertà' 'libertà di votare'],['O' 'B-' 'B-'],
1173,3C_11,,malata,mente, ,1173_3C_11,[' mente' 'malata'],[' mente' 'malata'],['B-' 'B-'],
570,5D_22,"portiera, parabrezza, motore, freno, mezzo di trasporto, ruote, acceleratore","lamborghini, ferrari, fiat",automobile,"portiera, parabrezza, motore, freno, ruote, acceleratore, ferrari, fiat",570_5D_22,"['portiera' 'parabrezza' 'motore' 'freno' 'mezzo di trasporto' 'ruote'
 'acceleratore' 'automobile' 'lamborghini' 'ferrari' 'fiat']",['mezzo di trasporto' 'automobile' 'lamborghini'],['O' 'O' 'O' 'O' 'B-' 'O' 'O' 'B-' 'B-' 'O' 'O'],
1472,3B_26,prof,maestra,insegnante,prof,1472_3B_26,['prof' 'insegnante' 'maestra'],['insegnante' 'maestra'],['O' 'B-' 'B-'],
2069,2F_15,"gioco, oggetto","barbie, barbie babysitter",giocattolo,,2069_2F_15,['gioco' 'oggetto' 'giocattolo' 'barbie' 'barbie babysitter'],['gioco' 'oggetto' 'giocattolo' 'barbie' 'barbie babysitter'],['B-' 'B-' 'B-' 'B-' 'B-'],
1107,3C_7,"mestiere, lavoro, occupazione",auto,autista,,1107_3C_7,['mestiere' 'lavoro' 'occupazione' 'autista' 'auto'],['mestiere' 'lavoro' 'occupazione' 'autista' 'auto'],['B-' 'B-' 'B-' 'B-' 'B-'],
732,2E_8,motore,"macchina, ferrari, bmw",automobile,"motore, macchina, bmw",732_2E_8,['motore' 'automobile' 'macchina' 'ferrari' 'bmw'],['automobile' 'ferrari'],['O' 'B-' 'O' 'B-' 'O'],
1799,5D_18,"persona, essere umano, mammifero, animale, essere vivente, entità","veterinario, professione, studio",medico,"professione, studio",1799_5D_18,"['persona' 'essere umano' 'mammifero' 'animale' 'essere vivente' 'entità'
 'medico' 'veterinario' 'professione' 'studio']","['persona' 'essere umano' 'mammifero' 'animale' 'essere vivente' 'entità'
 'medico' 'veterinario']",['B-' 'B-' 'B-' 'B-' 'B-' 'B-' 'B-' 'B-' 'O' 'O'],
2871,5B_18,misura,"morto, libero",tempo,libero,2871_5B_18,['misura' 'tempo' 'morto' 'libero'],['misura' 'tempo' 'morto'],['B-' 'B-' 'B-' 'O'],
169,5B_9,"emozione, pensiero",amore,affetto,pensiero,169_5B_9,['emozione' 'pensiero' 'affetto' 'amore'],['emozione' 'affetto' 'amore'],['B-' 'O' 'B-' 'B-'],
280,2F_23,"persona, essere umano","di taxi, di autobus, di camion",autista,"di autobus, di camion",280_2F_23,"['persona' 'essere umano' 'autista' 'autista di taxi' 'autista di autobus'
 'autista di camion']",['persona' 'essere umano' 'autista' 'autista di taxi'],['B-' 'B-' 'B-' 'B-' 'O' 'O'],di taxi|||autista di taxi___di autobus|||autista di autobus___di camion|||autista di camion___
2785,2E_9,misurare il tempo (orologio),"ora, minuto, secondo",tempo,"misurare il tempo (orologio), minuto, secondo",2785_2E_9,['misurare il tempo (orologio)' 'tempo' 'ora' 'minuto' 'secondo'],['tempo' 'ora'],['O' 'B-' 'B-' 'O' 'O'],
1737,5D_14,"persona, essere vivente",,badante,,1737_5D_14,['persona' 'essere vivente' 'badante'],['persona' 'essere vivente' 'badante'],['B-' 'B-' 'B-'],
2151,1D_6,"emozione, mente, cervello, persona","paura del buio, claustrofobia",paura,"mente, cervello, persona, claustrofobia",2151_1D_6,"['emozione' 'mente' 'cervello' 'persona' 'paura' 'paura del buio'
 'claustrofobia']",['emozione' 'paura' 'paura del buio'],['B-' 'O' 'O' 'O' 'B-' 'B-' 'O'],
2235,2F_26,"animale, mammifero, quadrupede",pony,cavallo,"mammifero, quadrupede",2235_2F_26,['animale' 'mammifero' 'quadrupede' 'cavallo' 'pony'],['animale' 'cavallo' 'pony'],['B-' 'O' 'O' 'B-' 'B-'],
760,5D_19,"persona, che bada",lavoro,badante,"che bada, lavoro",760_5D_19,['persona' 'che bada' 'badante' 'lavoro'],['persona' 'badante'],['B-' 'O' 'B-' 'O'],
2307,3C_17,"mestiere, lavoro",donna delle pulizie,badante,donna delle pulizie,2307_3C_17,['mestiere' 'lavoro' 'badante' 'donna delle pulizie'],['mestiere' 'lavoro' 'badante'],['B-' 'B-' 'B-' 'O'],
915,3C_25,"animale, mammifero, essere vivente",,cavallo,mammifero,915_3C_25,['animale' 'mammifero' 'essere vivente' 'cavallo'],['animale' 'essere vivente' 'cavallo'],['B-' 'O' 'B-' 'B-'],
2385,2E_21,"sentimento, un modo di essere","furia, depressione",rabbia,"un modo di essere, depressione",2385_2E_21,['sentimento' 'un modo di essere' 'rabbia' 'furia' 'depressione'],['sentimento' 'rabbia' 'furia'],['B-' 'O' 'B-' 'B-' 'O'],
750,2E_9,"lavoratore, persona, mammifero, essere vivente, entità","di italiano, di grammatica",insegnante,,750_2E_9,"['lavoratore' 'persona' 'mammifero' 'essere vivente' 'entità' 'insegnante'
 'insegnante di italiano' 'insegnante di grammatica']","['lavoratore' 'persona' 'mammifero' 'essere vivente' 'entità' 'insegnante'
 'insegnante di italiano' 'insegnante di grammatica']",['B-' 'B-' 'B-' 'B-' 'B-' 'B-' 'B-' 'B-'],di italiano|||insegnante di italiano___di grammatica|||insegnante di grammatica___
177,1G_16,"alimento, cibo, nutriente, oggetto","al cacao, pianta",torta,"oggetto, pianta",177_1G_16,['alimento' 'cibo' 'nutriente' 'oggetto' 'torta' 'al cacao' 'pianta'],['alimento' 'cibo' 'nutriente' 'torta' 'al cacao'],['B-' 'B-' 'B-' 'O' 'B-' 'B-' 'O'],
222,1G_14,"professione, lavoro, dovere, impegno",taxista,autista,,222_1G_14,['professione' 'lavoro' 'dovere' 'impegno' 'autista' 'taxista'],['professione' 'lavoro' 'dovere' 'impegno' 'autista' 'taxista'],['B-' 'B-' 'B-' 'B-' 'B-' 'B-'],
2700,5D_19,immaginazione,,sogno,,2700_5D_19,['immaginazione' 'sogno'],['immaginazione' 'sogno'],['B-' 'B-'],
1086,3C_5,"emozione, sentimento",paura di fallire,paura,sentimento,1086_3C_5,['emozione' 'sentimento' 'paura' 'paura di fallire'],['emozione' 'paura' 'paura di fallire'],['B-' 'O' 'B-' 'B-'],
1873,3C_14,"ospedale, curare",ortopedico,medico,"ospedale, curare",1873_3C_14,['ospedale' 'curare' 'medico' 'ortopedico'],['medico' 'ortopedico'],['O' 'O' 'B-' 'B-'],
730,5B_10,persona,dogsitter,badante,dogsitter,730_5B_10,['persona' 'badante' 'dogsitter'],['persona' 'badante'],['B-' 'B-' 'O'],
1127,3C_8,"mestiere, azione, movimento","autista di autobus, autista di macchine, autista di elicotteri",autista,"movimento, autista di macchine, autista di elicotteri",1127_3C_8,"['mestiere' 'azione' 'movimento' 'autista' 'autista di autobus'
 'autista di macchine' 'autista di elicotteri']",['mestiere' 'azione' 'autista' 'autista di autobus'],['B-' 'B-' 'O' 'B-' 'B-' 'O' 'O'],
2594,2F_11,,"incubo, incubo in cui cadi giù",sogno,,2594_2F_11,[' sogno' 'incubo' 'incubo in cui cadi giù'],[' sogno' 'incubo' 'incubo in cui cadi giù'],['B-' 'B-' 'B-'],
2859,3C_7,"orologio, lento, atmosferico, orario, secondo",,tempo,"orologio, lento, atmosferico, orario, secondo",2859_3C_7,['orologio' 'lento' 'atmosferico' 'orario' 'secondo' 'tempo'],['tempo'],['O' 'O' 'O' 'O' 'O' 'B-'],
260,2E_5,persona,"taxi, macchina",autista,macchina,260_2E_5,['persona' 'autista' 'taxi' 'macchina'],['persona' 'autista' 'taxi'],['B-' 'B-' 'B-' 'O'],
692,3B_22,persona,,badante,,692_3B_22,['persona' 'badante'],['persona' 'badante'],['B-' 'B-'],
667,2F_23,persona,badante per vecchi,badante,,667_2F_23,['persona' 'badante' 'badante per vecchi'],['persona' 'badante' 'badante per vecchi'],['B-' 'B-' 'B-'],
211,1D_4,girare per la città,lavoro,autista,"girare per la città, lavoro",211_1D_4,['girare per la città' 'autista' 'lavoro'],['autista'],['O' 'B-' 'O'],
441,5B_10,"concetto astratto, entità",sogno di diventare una pittrice,sogno,sogno di diventare una pittrice,441_5B_10,['concetto astratto' 'entità' 'sogno' 'sogno di diventare una pittrice'],['concetto astratto' 'entità' 'sogno'],['B-' 'B-' 'B-' 'O'],
1451,2F_7,studioso,"prof, maestra, lavoro",insegnante,"studioso, maestra, lavoro",1451_2F_7,['studioso' 'insegnante' 'prof' 'maestra' 'lavoro'],['insegnante' 'prof'],['O' 'B-' 'B-' 'O' 'O'],
138,3C_22,"emozione, sentimento, reciproco","amicizia, rapporto, abbraccio",affetto,"sentimento, reciproco, rapporto, abbraccio",138_3C_22,"['emozione' 'sentimento' 'reciproco' 'affetto' 'amicizia' 'rapporto'
 'abbraccio']",['emozione' 'affetto' 'amicizia'],['B-' 'O' 'O' 'B-' 'B-' 'O' 'O'],
2351,3C_20,diritto,libertà vigilata,libertà,,2351_3C_20,['diritto' 'libertà' 'libertà vigilata'],['diritto' 'libertà' 'libertà vigilata'],['B-' 'B-' 'B-'],
2091,2F_17,cosa astratta,cose fantastiche,sogno,,2091_2F_17,['cosa astratta' 'sogno' 'cose fantastiche'],['cosa astratta' 'sogno' 'cose fantastiche'],['B-' 'B-' 'B-'],
454,5B_11,"dolce, cibo, entità","fragole, dolci",torta,dolci,454_5B_11,['dolce' 'cibo' 'entità' 'torta' 'fragole' 'dolci'],['dolce' 'cibo' 'entità' 'torta' 'fragole'],['B-' 'B-' 'B-' 'B-' 'B-' 'O'],
1775,5D_17,"persona, animale, essere vivente",di bambini,badante,di bambini,1775_5D_17,['persona' 'animale' 'essere vivente' 'badante' 'badante di bambini'],['persona' 'animale' 'essere vivente' 'badante'],['B-' 'B-' 'B-' 'B-' 'O'],di bambini|||badante di bambini___
922,3C_9,"animale, essere vivente",pony,cavallo,,922_3C_9,['animale' 'essere vivente' 'cavallo' 'pony'],['animale' 'essere vivente' 'cavallo' 'pony'],['B-' 'B-' 'B-' 'B-'],
780,2E_11,"persona, intelligente, stupendo",grande,mente,"persona, intelligente, stupendo, grande",780_2E_11,['persona' 'intelligente' 'stupendo' 'mente' 'grande'],['mente'],['O' 'O' 'O' 'B-' 'O'],
2647,3C_12,notte,"grande, riposo, vr",sogno,"notte, grande, riposo, vr",2647_3C_12,['notte' 'sogno' 'grande' 'riposo' 'vr'],['sogno'],['O' 'B-' 'O' 'O' 'O'],
2749,1G_20,timer,,tempo,timer,2749_1G_20,['timer' 'tempo'],['tempo'],['O' 'B-'],
2210,2F_15,emozione,buio,paura,,2210_2F_15,['emozione' 'paura' 'buio'],['emozione' 'paura' 'buio'],['B-' 'B-' 'B-'],
1096,3C_13,,peluche,giocattolo,,1096_3C_13,[' giocattolo' 'peluche'],[' giocattolo' 'peluche'],['B-' 'B-'],
6,1G_2,"parte del corpo, organo, entità",,mente,"parte del corpo, organo",6_1G_2,['parte del corpo' 'organo' 'entità' 'mente'],['entità' 'mente'],['O' 'O' 'B-' 'B-'],
807,1G_19,"mammifero, animale, essere vivente","stallone, mustang",cavallo,,807_1G_19,['mammifero' 'animale' 'essere vivente' 'cavallo' 'stallone' 'mustang'],['mammifero' 'animale' 'essere vivente' 'cavallo' 'stallone' 'mustang'],['B-' 'B-' 'B-' 'B-' 'B-' 'B-'],
1781,1G_22,"medicina, vaccino, malattia",chirurgo,medico,"medicina, vaccino, malattia",1781_1G_22,['medicina' 'vaccino' 'malattia' 'medico' 'chirurgo'],['medico' 'chirurgo'],['O' 'O' 'O' 'B-' 'B-'],
1734,5D_14,"oggetto, essere non vivente","audi, tesla",automobile,tesla,1734_5D_14,['oggetto' 'essere non vivente' 'automobile' 'audi' 'tesla'],['oggetto' 'essere non vivente' 'automobile' 'audi'],['B-' 'B-' 'B-' 'B-' 'O'],
1121,3C_8,"lavoro, azione, movimento","insegnante di matematica, insegnante di storia, insegnante di italiano",insegnante,"movimento, insegnante di storia, insegnante di italiano",1121_3C_8,"['lavoro' 'azione' 'movimento' 'insegnante' 'insegnante di matematica'
 'insegnante di storia' 'insegnante di italiano']",['lavoro' 'azione' 'insegnante' 'insegnante di matematica'],['B-' 'B-' 'O' 'B-' 'B-' 'O' 'O'],
2795,2F_18,meteo,"nebbia, pioggia, sole",tempo,"pioggia, sole",2795_2F_18,['meteo' 'tempo' 'nebbia' 'pioggia' 'sole'],['meteo' 'tempo' 'nebbia'],['B-' 'B-' 'B-' 'O' 'O'],
1829,5D_22,cosa astratta,,tempo,,1829_5D_22,['cosa astratta' 'tempo'],['cosa astratta' 'tempo'],['B-' 'B-'],
1430,1D_14,entità,"camioncino, auto",giocattolo,auto,1430_1D_14,['entità' 'giocattolo' 'camioncino' 'auto'],['entità' 'giocattolo' 'camioncino'],['B-' 'B-' 'B-' 'O'],
1753,1D_18,"lavoro, attività",pediatra,medico,,1753_1D_18,['lavoro' 'attività' 'medico' 'pediatra'],['lavoro' 'attività' 'medico' 'pediatra'],['B-' 'B-' 'B-' 'B-'],
318,3C_10,"persona, essere vivente",autista autobus,autista,,318_3C_10,['persona' 'essere vivente' 'autista' 'autista autobus'],['persona' 'essere vivente' 'autista' 'autista autobus'],['B-' 'B-' 'B-' 'B-'],
146,1G_12,"sentimento, emozione, cosa astratta",di culto,libertà,"sentimento, emozione",146_1G_12,['sentimento' 'emozione' 'cosa astratta' 'libertà' 'libertà di culto'],['cosa astratta' 'libertà' 'libertà di culto'],['O' 'O' 'B-' 'B-' 'B-'],di culto|||libertà di culto___
1182,3C_11,mestiere,"di materia, saracino",insegnante,,1182_3C_11,['mestiere' 'insegnante' 'insegnante di materia' 'saracino'],['mestiere' 'insegnante' 'insegnante di materia' 'saracino'],['B-' 'B-' 'B-' 'B-'],di materia|||insegnante di materia___
212,1G_19,"emozione, sentimento, cosa astratta",personaggio di inside out,rabbia,"sentimento, personaggio di inside out",212_1G_19,"['emozione' 'sentimento' 'cosa astratta' 'rabbia'
 'personaggio di inside out']",['emozione' 'cosa astratta' 'rabbia'],['B-' 'O' 'B-' 'B-' 'O'],
654,2F_11,"lavoro, passatempo","badante per i nonni, vecchio",badante,"passatempo, vecchio",654_2F_11,['lavoro' 'passatempo' 'badante' 'badante per i nonni' 'vecchio'],['lavoro' 'badante' 'badante per i nonni'],['B-' 'O' 'B-' 'B-' 'O'],
2882,5B_9,,,tempo,,2882_5B_9,[' tempo'],[' tempo'],['B-'],
2024,2F_12,"cibo, alimento","al cioccolato, al cioccolato e vaniglia",torta,,2024_2F_12,['cibo' 'alimento' 'torta' 'al cioccolato' 'al cioccolato e vaniglia'],['cibo' 'alimento' 'torta' 'al cioccolato' 'al cioccolato e vaniglia'],['B-' 'B-' 'B-' 'B-' 'B-'],
1279,3B_3,"emozione, sentimento, sensazione, presentimento","felicità, divertimento",gioia,"sentimento, presentimento, felicità, divertimento",1279_3B_3,"['emozione' 'sentimento' 'sensazione' 'presentimento' 'gioia' 'felicità'
 'divertimento']",['emozione' 'sensazione' 'gioia'],['B-' 'O' 'B-' 'O' 'B-' 'O' 'O'],
2777,2E_25,grandezza,veloce,tempo,,2777_2E_25,['grandezza' 'tempo' 'veloce'],['grandezza' 'tempo' 'veloce'],['B-' 'B-' 'B-'],
2317,5D_23,sentimento,,paura,,2317_5D_23,['sentimento' 'paura'],['sentimento' 'paura'],['B-' 'B-'],
2295,3C_16,lavoro,di matematica,insegnante,,2295_3C_16,['lavoro' 'insegnante' 'insegnante di matematica'],['lavoro' 'insegnante' 'insegnante di matematica'],['B-' 'B-' 'B-'],di matematica|||insegnante di matematica___
38,1G_23,voler bene,amore,affetto,voler bene,38_1G_23,['voler bene' 'affetto' 'amore'],['affetto' 'amore'],['O' 'B-' 'B-'],
2075,2F_15,"dolce, cibo, nutrimento, entità","torta al cioccolato, torta al cioccolato e panna, torta al cioccolato panna e lamponi",torta,,2075_2F_15,"['dolce' 'cibo' 'nutrimento' 'entità' 'torta' 'torta al cioccolato'
 'torta al cioccolato e panna' 'torta al cioccolato panna e lamponi']","['dolce' 'cibo' 'nutrimento' 'entità' 'torta' 'torta al cioccolato'
 'torta al cioccolato e panna' 'torta al cioccolato panna e lamponi']",['B-' 'B-' 'B-' 'B-' 'B-' 'B-' 'B-' 'B-'],
1300,3C_22,"sentimento, sensazione, emozione","personale, privata",gioia,emozione,1300_3C_22,['sentimento' 'sensazione' 'emozione' 'gioia' 'personale' 'privata'],['sentimento' 'sensazione' 'gioia' 'personale' 'privata'],['B-' 'B-' 'O' 'B-' 'B-' 'B-'],
134,3C_19,sentimento,"abbraccio, amore, sentiment",affetto,"abbraccio, sentiment",134_3C_19,['sentimento' 'affetto' 'abbraccio' 'amore' 'sentiment'],['sentimento' 'affetto' 'amore'],['B-' 'B-' 'O' 'B-' 'O'],
1817,2F_10,"curare, medicine, ospedale","pediatra, veterinario, dottore",medico,"curare, medicine, ospedale, veterinario, dottore",1817_2F_10,"['curare' 'medicine' 'ospedale' 'medico' 'pediatra' 'veterinario'
 'dottore']",['medico' 'pediatra'],['O' 'O' 'O' 'B-' 'B-' 'O' 'O'],
658,2F_15,"persona, bambini",dogsitter,badante,"bambini, dogsitter",658_2F_15,['persona' 'bambini' 'badante' 'dogsitter'],['persona' 'badante'],['B-' 'O' 'B-' 'O'],
2006,2F_11,"veicolo, oggetto, cosa materiale, entità",mercedes,automobile,,2006_2F_11,['veicolo' 'oggetto' 'cosa materiale' 'entità' 'automobile' 'mercedes'],['veicolo' 'oggetto' 'cosa materiale' 'entità' 'automobile' 'mercedes'],['B-' 'B-' 'B-' 'B-' 'B-' 'B-'],
1925,5D_2,"mestiere, persona","oculista, pediatra, chirurgo",medico,"persona, pediatra, chirurgo",1925_5D_2,['mestiere' 'persona' 'medico' 'oculista' 'pediatra' 'chirurgo'],['mestiere' 'medico' 'oculista'],['B-' 'O' 'B-' 'B-' 'O' 'O'],
2752,1G_23,"misura, unità","minuto, ora, secondo",tempo,"unità, ora, secondo",2752_1G_23,['misura' 'unità' 'tempo' 'minuto' 'ora' 'secondo'],['misura' 'tempo' 'minuto'],['B-' 'O' 'B-' 'B-' 'O' 'O'],
213,1G_19,"servizio, vantaggio, privilegio","della casa, simonetta",badante,"vantaggio, privilegio",213_1G_19,"['servizio' 'vantaggio' 'privilegio' 'badante' 'badante della casa'
 'simonetta']",['servizio' 'badante' 'badante della casa' 'simonetta'],['B-' 'O' 'O' 'B-' 'B-' 'B-'],della casa|||badante della casa___
3065,5B_18,"cibo, cosa",compleanno,torta,,3065_5B_18,['cibo' 'cosa' 'torta' 'compleanno'],['cibo' 'cosa' 'torta' 'compleanno'],['B-' 'B-' 'B-' 'B-'],
1224,1D_1,sentimento,del buio,paura,,1224_1D_1,['sentimento' 'paura' 'paura del buio'],['sentimento' 'paura' 'paura del buio'],['B-' 'B-' 'B-'],del buio|||paura del buio___
2130,2F_20,lavoro,,badante,,2130_2F_20,['lavoro' 'badante'],['lavoro' 'badante'],['B-' 'B-'],
1905,5B_20,lavoro,pediatra,medico,,1905_5B_20,['lavoro' 'medico' 'pediatra'],['lavoro' 'medico' 'pediatra'],['B-' 'B-' 'B-'],
2191,2E_21,"avere, modo di avere, sentimento","ansia, agitazione",paura,"avere, modo di avere, ansia, agitazione",2191_2E_21,['avere' 'modo di avere' 'sentimento' 'paura' 'ansia' 'agitazione'],['sentimento' 'paura'],['O' 'O' 'B-' 'B-' 'O' 'O'],
2719,1D_14,"ora, minuto, secondo",,tempo,"ora, minuto, secondo",2719_1D_14,['ora' 'minuto' 'secondo' 'tempo'],['tempo'],['O' 'O' 'O' 'B-'],
705,2E_7,"essere vivente, mammifero","pony, bianco",cavallo,mammifero,705_2E_7,['essere vivente' 'mammifero' 'cavallo' 'pony' 'bianco'],['essere vivente' 'cavallo' 'pony' 'bianco'],['B-' 'O' 'B-' 'B-' 'B-'],
514,5B_15,"gioco, divertimento, emozione, sentimento, modo di essere, entità","macchinina, 500, 500 blu",giocattolo,"divertimento, emozione, sentimento, modo di essere",514_5B_15,"['gioco' 'divertimento' 'emozione' 'sentimento' 'modo di essere' 'entità'
 'giocattolo' 'macchinina' '500' '500 blu']",['gioco' 'entità' 'giocattolo' 'macchinina' '500' '500 blu'],['B-' 'O' 'O' 'O' 'O' 'B-' 'B-' 'B-' 'B-' 'B-'],
3092,5D_23,,"cioccolato, marmellata, miele",torta,"marmellata, miele",3092_5D_23,[' torta' 'cioccolato' 'marmellata' 'miele'],[' torta' 'cioccolato'],['B-' 'B-' 'O' 'O'],
57,1G_5,"risorsa, minerale, roccia preziosa, roccia, pietra, oggetto, entità",tempo perso,tempo,"risorsa, minerale, roccia preziosa, roccia, pietra, oggetto, entità",57_1G_5,"['risorsa' 'minerale' 'roccia preziosa' 'roccia' 'pietra' 'oggetto'
 'entità' 'tempo' 'tempo perso']",['tempo' 'tempo perso'],['O' 'O' 'O' 'O' 'O' 'O' 'O' 'B-' 'B-'],
2979,2F_1,cibo,dolci,torta,dolci,2979_2F_1,['cibo' 'torta' 'dolci'],['cibo' 'torta'],['B-' 'B-' 'O'],
2214,2F_25,"oggetto, entità",carrillon,giocattolo,,2214_2F_25,['oggetto' 'entità' 'giocattolo' 'carrillon'],['oggetto' 'entità' 'giocattolo' 'carrillon'],['B-' 'B-' 'B-' 'B-'],
74,1G_6,"emozione, sentimento, cosa astratta","gioia, rabbia, disgusto",paura,"sentimento, gioia, rabbia, disgusto",74_1G_6,"['emozione' 'sentimento' 'cosa astratta' 'paura' 'gioia' 'rabbia'
 'disgusto']",['emozione' 'cosa astratta' 'paura'],['B-' 'O' 'B-' 'B-' 'O' 'O' 'O'],
1066,3C_4,,mente di psicopatico,mente,,1066_3C_4,[' mente' 'mente di psicopatico'],[' mente' 'mente di psicopatico'],['B-' 'B-'],
1548,1D_21,persona,"matematica, zagni",insegnante,,1548_1D_21,['persona' 'insegnante' 'matematica' 'zagni'],['persona' 'insegnante' 'matematica' 'zagni'],['B-' 'B-' 'B-' 'B-'],
86,2F_22,sentimento,abbracciare,affetto,abbracciare,86_2F_22,['sentimento' 'affetto' 'abbracciare'],['sentimento' 'affetto'],['B-' 'B-' 'O'],
1201,3C_13,lavoro,"del taxi, automobile",autista,automobile,1201_3C_13,['lavoro' 'autista' 'autista del taxi' 'automobile'],['lavoro' 'autista' 'autista del taxi'],['B-' 'B-' 'B-' 'O'],del taxi|||autista del taxi___
1677,5D_10,"persona, mammifero, entità",di mate,insegnante,,1677_5D_10,['persona' 'mammifero' 'entità' 'insegnante' 'insegnante di mate'],['persona' 'mammifero' 'entità' 'insegnante' 'insegnante di mate'],['B-' 'B-' 'B-' 'B-' 'B-'],di mate|||insegnante di mate___
2856,3C_4,"marca di fazzoletti, brand, azienda, insieme di persona che lavora, insieme di persone che paga le tasse inesorabilemente, agglomerato di atomi","ora, minuto, secondo",tempo,"marca di fazzoletti, brand, azienda, insieme di persona che lavora, insieme di persone che paga le tasse inesorabilemente, agglomerato di atomi, minuto, secondo",2856_3C_4,"['marca di fazzoletti' 'brand' 'azienda' 'insieme di persona che lavora'
 'insieme di persone che paga le tasse inesorabilemente'
 'agglomerato di atomi' 'tempo' 'ora' 'minuto' 'secondo']",['tempo' 'ora'],['O' 'O' 'O' 'O' 'O' 'O' 'B-' 'B-' 'O' 'O'],
561,5B_18,"liberazione, emozione, cosa astratta",libertà di pregare,libertà,"liberazione, emozione",561_5B_18,['liberazione' 'emozione' 'cosa astratta' 'libertà' 'libertà di pregare'],['cosa astratta' 'libertà' 'libertà di pregare'],['O' 'O' 'B-' 'B-' 'B-'],
2906,5D_9,,"ora, anno",tempo,anno,2906_5D_9,[' tempo' 'ora' 'anno'],[' tempo' 'ora'],['B-' 'B-' 'O'],
981,1D_21,"oggetto, antistress","lego, trenini, pallone da calcio",giocattolo,"antistress, trenini, pallone da calcio",981_1D_21,['oggetto' 'antistress' 'giocattolo' 'lego' 'trenini' 'pallone da calcio'],['oggetto' 'giocattolo' 'lego'],['B-' 'O' 'B-' 'B-' 'O' 'O'],
638,2E_20,"badante, persona, vita",person,badante,"badante, vita, person",638_2E_20,['badante' 'persona' 'vita' 'badante' 'person'],['badante' 'persona' 'badante'],['B-' 'B-' 'O' 'B-' 'O'],
698,2E_6,"teletrasporto, oggetto, cosa, entità","t-roc, bianca",automobile,teletrasporto,698_2E_6,['teletrasporto' 'oggetto' 'cosa' 'entità' 'automobile' 't-roc' 'bianca'],['oggetto' 'cosa' 'entità' 'automobile' 't-roc' 'bianca'],['O' 'B-' 'B-' 'B-' 'B-' 'B-' 'B-'],
1214,3C_13,"mezzo di trasporto, veicolo, costruzione",da corsa,automobile,veicolo,1214_3C_13,"['mezzo di trasporto' 'veicolo' 'costruzione' 'automobile'
 'automobile da corsa']",['mezzo di trasporto' 'costruzione' 'automobile' 'automobile da corsa'],['B-' 'O' 'B-' 'B-' 'B-'],da corsa|||automobile da corsa___
2358,1G_18,"sentimento, emozione, sensazione","agire d'impulso facendo qualcosa di brutto, agire per provocare del male fisico o mentale senza volerlo veramente fare",rabbia,"emozione, agire d'impulso facendo qualcosa di brutto, agire per provocare del male fisico o mentale senza volerlo veramente fare",2358_1G_18,"['sentimento' 'emozione' 'sensazione' 'rabbia'
 ""agire d'impulso facendo qualcosa di brutto""
 'agire per provocare del male fisico o mentale senza volerlo veramente fare']",['sentimento' 'sensazione' 'rabbia'],['B-' 'O' 'B-' 'B-' 'O' 'O'],
1440,1D_15,"sentimento, emozione",paura di uscire dalla champions ,paura,"emozione, paura di uscire dalla champions",1440_1D_15,['sentimento' 'emozione' 'paura' 'paura di uscire dalla champions'],['sentimento' 'paura'],['B-' 'O' 'B-' 'O'],
427,1G_4,"mezzo di trasporto, oggetto",,automobile,,427_1G_4,['mezzo di trasporto' 'oggetto' 'automobile'],['mezzo di trasporto' 'oggetto' 'automobile'],['B-' 'B-' 'B-'],
1470,3B_24,"persona, umana, essere vivente",,insegnante,,1470_3B_24,['persona' 'umana' 'essere vivente' 'insegnante'],['persona' 'umana' 'essere vivente' 'insegnante'],['B-' 'B-' 'B-' 'B-'],
895,3B_7,"mammifero, animale, essere vivente",,cavallo,,895_3B_7,['mammifero' 'animale' 'essere vivente' 'cavallo'],['mammifero' 'animale' 'essere vivente' 'cavallo'],['B-' 'B-' 'B-' 'B-'],
2403,3C_23,"alimento, cibo, sostanza, materia",cheesecake,torta,,2403_3C_23,['alimento' 'cibo' 'sostanza' 'materia' 'torta' 'cheesecake'],['alimento' 'cibo' 'sostanza' 'materia' 'torta' 'cheesecake'],['B-' 'B-' 'B-' 'B-' 'B-' 'B-'],
505,3B_4,mezzo di trasporto,,automobile,,505_3B_4,['mezzo di trasporto' 'automobile'],['mezzo di trasporto' 'automobile'],['B-' 'B-'],
547,5B_20,macchinario,hennessy,automobile,,547_5B_20,['macchinario' 'automobile' 'hennessy'],['macchinario' 'automobile' 'hennessy'],['B-' 'B-' 'B-'],
1807,5D_21,"immaginazione, cosa astratta, entità",brutto sogno,sogno,,1807_5D_21,['immaginazione' 'cosa astratta' 'entità' 'sogno' 'brutto sogno'],['immaginazione' 'cosa astratta' 'entità' 'sogno' 'brutto sogno'],['B-' 'B-' 'B-' 'B-' 'B-'],
66,2E_4,"persona, cosa, animale",cosa astratta,affetto,"persona, cosa, animale, cosa astratta",66_2E_4,['persona' 'cosa' 'animale' 'affetto' 'cosa astratta'],['affetto'],['O' 'O' 'O' 'B-' 'O'],
767,2E_11,"vacanza, al mare, estate",felicità,libertà,"vacanza, al mare, estate, felicità",767_2E_11,['vacanza' 'al mare' 'estate' 'libertà' 'felicità'],['libertà'],['O' 'O' 'O' 'B-' 'O'],
127,1G_9,"dolce, cibo, alimento","al cioccolato, fondente",torta,,127_1G_9,['dolce' 'cibo' 'alimento' 'torta' 'al cioccolato' 'fondente'],['dolce' 'cibo' 'alimento' 'torta' 'al cioccolato' 'fondente'],['B-' 'B-' 'B-' 'B-' 'B-' 'B-'],
2377,3C_21,"insieme di pensieri, cosa",mente aperta,mente,"insieme di pensieri, cosa",2377_3C_21,['insieme di pensieri' 'cosa' 'mente' 'mente aperta'],['mente' 'mente aperta'],['O' 'O' 'B-' 'B-'],
1567,1D_4,essere libera,emozione,libertà,"essere libera, emozione",1567_1D_4,['essere libera' 'libertà' 'emozione'],['libertà'],['O' 'B-' 'O'],
407,1D_7,,"tesla, lamborghini urus, pandino 4x4",automobile,"lamborghini urus, pandino 4x4",407_1D_7,[' automobile' 'tesla' 'lamborghini urus' 'pandino 4x4'],[' automobile' 'tesla'],['B-' 'B-' 'O' 'O'],
1766,1D_9,"medica le persone, aiuta","di bimbi, di sordi",medico,"medica le persone, aiuta",1766_1D_9,['medica le persone' 'aiuta' 'medico' 'medico di bimbi' 'medico di sordi'],['medico' 'medico di bimbi' 'medico di sordi'],['O' 'O' 'B-' 'B-' 'B-'],di bimbi|||medico di bimbi___di sordi|||medico di sordi___
542,5B_16,concetto astratto,"amore, ai familiari, mio nonno piero",affetto,,542_5B_16,"['concetto astratto' 'affetto' 'amore' 'amore ai familiari'
 'mio nonno piero']","['concetto astratto' 'affetto' 'amore' 'amore ai familiari'
 'mio nonno piero']",['B-' 'B-' 'B-' 'B-' 'B-'],ai familiari|||amore ai familiari___
518,5B_15,"persona, essere umano, onnivoro, essere bipede, essere vivente, essere terrestre, entità","badante femmina, con i capelli lunghi, mori",badante,,518_5B_15,"['persona' 'essere umano' 'onnivoro' 'essere bipede' 'essere vivente'
 'essere terrestre' 'entità' 'badante' 'badante femmina'
 'badante femmina con i capelli lunghi' 'mori']","['persona' 'essere umano' 'onnivoro' 'essere bipede' 'essere vivente'
 'essere terrestre' 'entità' 'badante' 'badante femmina'
 'badante femmina con i capelli lunghi' 'mori']",['B-' 'B-' 'B-' 'B-' 'B-' 'B-' 'B-' 'B-' 'B-' 'B-' 'B-'],con i capelli lunghi|||badante femmina con i capelli lunghi___
758,2E_10,plastica,"ps, xbox, nintendo",giocattolo,"plastica, xbox, nintendo",758_2E_10,['plastica' 'giocattolo' 'ps' 'xbox' 'nintendo'],['giocattolo' 'ps'],['O' 'B-' 'B-' 'O' 'O'],
1863,5D_24,"mestiere, lavoro",,badante,,1863_5D_24,['mestiere' 'lavoro' 'badante'],['mestiere' 'lavoro' 'badante'],['B-' 'B-' 'B-'],
1022,3C_1,"stato di sogno, luogo, posto, collocazione sulla terra",,sogno,"stato di sogno, luogo, posto, collocazione sulla terra",1022_3C_1,['stato di sogno' 'luogo' 'posto' 'collocazione sulla terra' 'sogno'],['sogno'],['O' 'O' 'O' 'O' 'B-'],
906,2E_19,"strumento, cosa astratta",danneggiata,mente,strumento,906_2E_19,['strumento' 'cosa astratta' 'mente' 'danneggiata'],['cosa astratta' 'mente' 'danneggiata'],['O' 'B-' 'B-' 'B-'],
634,2E_2,"guidatore, lavoro",taxi,autista,,634_2E_2,['guidatore' 'lavoro' 'autista' 'taxi'],['guidatore' 'lavoro' 'autista' 'taxi'],['B-' 'B-' 'B-' 'B-'],
2620,3B_11,,,sogno,,2620_3B_11,[' sogno'],[' sogno'],['B-'],
2731,1D_4,"una lezione da un'altra serve per dividere, anno, millenni, decenni, quintenni","minuto, ora, secondo",tempo,"una lezione da un'altra serve per dividere, anno, millenni, decenni, quintenni, ora, secondo",2731_1D_4,"[""una lezione da un'altra serve per dividere"" 'anno' 'millenni' 'decenni'
 'quintenni' 'tempo' 'minuto' 'ora' 'secondo']",['tempo' 'minuto'],['O' 'O' 'O' 'O' 'O' 'B-' 'B-' 'O' 'O'],
2203,2E_9,"avere, modo di avere, sentimento","ansia, agitazione",paura,"avere, modo di avere, ansia, agitazione",2203_2E_9,['avere' 'modo di avere' 'sentimento' 'paura' 'ansia' 'agitazione'],['sentimento' 'paura'],['O' 'O' 'B-' 'B-' 'O' 'O'],
1883,2F_2,"emozione, sentimento","rabbia depressa, morte di qualcuno",rabbia,"sentimento, morte di qualcuno",1883_2F_2,['emozione' 'sentimento' 'rabbia' 'rabbia depressa' 'morte di qualcuno'],['emozione' 'rabbia' 'rabbia depressa'],['B-' 'O' 'B-' 'B-' 'O'],
1212,2E_13,,,gioia,,1212_2E_13,[' gioia'],[' gioia'],['B-'],
2798,2F_20,,,tempo,,2798_2F_20,[' tempo'],[' tempo'],['B-'],
832,2E_15,"mammifero, creatura cosciente, creatura vivente, entità","pony, pony marrone, pony marrone macchiato",cavallo,,832_2E_15,"['mammifero' 'creatura cosciente' 'creatura vivente' 'entità' 'cavallo'
 'pony' 'pony marrone' 'pony marrone macchiato']","['mammifero' 'creatura cosciente' 'creatura vivente' 'entità' 'cavallo'
 'pony' 'pony marrone' 'pony marrone macchiato']",['B-' 'B-' 'B-' 'B-' 'B-' 'B-' 'B-' 'B-'],
1418,1D_13,"emozione, sentimento",incontrare una persona,gioia,"sentimento, incontrare una persona",1418_1D_13,['emozione' 'sentimento' 'gioia' 'incontrare una persona'],['emozione' 'gioia'],['B-' 'O' 'B-' 'O'],
1868,3C_1,"curare, soldi, business, lavoro",,medico,"curare, soldi, business",1868_3C_1,['curare' 'soldi' 'business' 'lavoro' 'medico'],['lavoro' 'medico'],['O' 'O' 'O' 'B-' 'B-'],
1655,3B_16,diritto,libertà di culto,libertà,,1655_3B_16,['diritto' 'libertà' 'libertà di culto'],['diritto' 'libertà' 'libertà di culto'],['B-' 'B-' 'B-'],
130,1G_10,"persona, essere umano, essere vivente",di limousine,autista,,130_1G_10,"['persona' 'essere umano' 'essere vivente' 'autista'
 'autista di limousine']","['persona' 'essere umano' 'essere vivente' 'autista'
 'autista di limousine']",['B-' 'B-' 'B-' 'B-' 'B-'],di limousine|||autista di limousine___
449,2E_24,mezzo di trasporto,lamborghini,automobile,,449_2E_24,['mezzo di trasporto' 'automobile' 'lamborghini'],['mezzo di trasporto' 'automobile' 'lamborghini'],['B-' 'B-' 'B-'],
203,1D_18,"lavoro, attività",pulminista,autista,,203_1D_18,['lavoro' 'attività' 'autista' 'pulminista'],['lavoro' 'attività' 'autista' 'pulminista'],['B-' 'B-' 'B-' 'B-'],
573,5D_3,,"mezzo di trasporto, targa, volante",automobile,"mezzo di trasporto, targa, volante",573_5D_3,[' automobile' 'mezzo di trasporto' 'targa' 'volante'],[' automobile'],['B-' 'O' 'O' 'O'],
2459,3C_18,emozione,,rabbia,,2459_3C_18,['emozione' 'rabbia'],['emozione' 'rabbia'],['B-' 'B-'],
1041,3C_3,"emozione, sentimento, sensazione",affetto emotivo,affetto,sentimento,1041_3C_3,['emozione' 'sentimento' 'sensazione' 'affetto' 'affetto emotivo'],['emozione' 'sensazione' 'affetto' 'affetto emotivo'],['B-' 'O' 'B-' 'B-' 'B-'],
735,5B_15,"lavoro, diritto",signore,badante,signore,735_5B_15,['lavoro' 'diritto' 'badante' 'signore'],['lavoro' 'diritto' 'badante'],['B-' 'B-' 'B-' 'O'],
56,1G_5,"strumento, oggetto, entità","lego, star wars",giocattolo,strumento,56_1G_5,['strumento' 'oggetto' 'entità' 'giocattolo' 'lego' 'star wars'],['oggetto' 'entità' 'giocattolo' 'lego' 'star wars'],['O' 'B-' 'B-' 'B-' 'B-' 'B-'],
1388,1D_11,"cosa astratta, non esistente, cosa astratt","incubo, pensiero brutto",sogno,"non esistente, cosa astratt, pensiero brutto",1388_1D_11,"['cosa astratta' 'non esistente' 'cosa astratt' 'sogno' 'incubo'
 'pensiero brutto']",['cosa astratta' 'sogno' 'incubo'],['B-' 'O' 'O' 'B-' 'B-' 'O'],
636,2E_19,"persona, mestiere","anziani, bambini",badante,"mestiere, bambini",636_2E_19,['persona' 'mestiere' 'badante' 'anziani' 'bambini'],['persona' 'badante' 'anziani'],['B-' 'O' 'B-' 'B-' 'O'],
517,5B_15,"emozione, sentimento, modo di essere, entità",,gioia,"sentimento, modo di essere",517_5B_15,['emozione' 'sentimento' 'modo di essere' 'entità' 'gioia'],['emozione' 'entità' 'gioia'],['B-' 'O' 'O' 'B-' 'B-'],
2562,1G_6,"emozione, sentimento","pauroso, fantastico",sogno,"emozione, sentimento, fantastico",2562_1G_6,['emozione' 'sentimento' 'sogno' 'pauroso' 'fantastico'],['sogno' 'pauroso'],['O' 'O' 'B-' 'B-' 'O'],
835,2E_23,"mammifero, animale, essere vivente",pony,cavallo,,835_2E_23,['mammifero' 'animale' 'essere vivente' 'cavallo' 'pony'],['mammifero' 'animale' 'essere vivente' 'cavallo' 'pony'],['B-' 'B-' 'B-' 'B-' 'B-'],
292,5B_1,"emozione, pensiero, ragionamento, entità",felicità,gioia,"pensiero, ragionamento, felicità",292_5B_1,['emozione' 'pensiero' 'ragionamento' 'entità' 'gioia' 'felicità'],['emozione' 'entità' 'gioia'],['B-' 'O' 'O' 'B-' 'B-' 'O'],
2257,3C_10,"emozione, sentimento",paura dei ragni,paura,sentimento,2257_3C_10,['emozione' 'sentimento' 'paura' 'paura dei ragni'],['emozione' 'paura' 'paura dei ragni'],['B-' 'O' 'B-' 'B-'],
623,2E_2,"desiderio, obbiettivo, cosa astratta, entità","viaggiare, a new york",sogno,"desiderio, obbiettivo, viaggiare, a new york",623_2E_2,"['desiderio' 'obbiettivo' 'cosa astratta' 'entità' 'sogno' 'viaggiare'
 'viaggiare a new york']",['cosa astratta' 'entità' 'sogno'],['O' 'O' 'B-' 'B-' 'B-' 'O' 'O'],a new york|||viaggiare a new york___
548,5B_21,macchingegno,"volkswagen, golf",automobile,golf,548_5B_21,['macchingegno' 'automobile' 'volkswagen' 'golf'],['macchingegno' 'automobile' 'volkswagen'],['B-' 'B-' 'B-' 'O'],
2283,5B_11,"emozione, sentimento",,paura,sentimento,2283_5B_11,['emozione' 'sentimento' 'paura'],['emozione' 'paura'],['B-' 'O' 'B-'],
601,1D_8,"persona che aiuta, essere umano","italiana o di altri paesi, in casa, in ospedale",badante,in ospedale,601_1D_8,"['persona che aiuta' 'essere umano' 'badante' 'italiana o di altri paesi'
 'italiana o di altri paesi in casa'
 'italiana o di altri paesi in ospedale']","['persona che aiuta' 'essere umano' 'badante' 'italiana o di altri paesi'
 'italiana o di altri paesi in casa']",['B-' 'B-' 'B-' 'B-' 'B-' 'O'],in casa|||italiana o di altri paesi in casa___in ospedale|||italiana o di altri paesi in ospedale___
2443,3B_3,"emozione, sentimento, sensazione, presentimento",fastidio,rabbia,"sentimento, presentimento, fastidio",2443_3B_3,['emozione' 'sentimento' 'sensazione' 'presentimento' 'rabbia' 'fastidio'],['emozione' 'sensazione' 'rabbia'],['B-' 'O' 'B-' 'O' 'B-' 'O'],
1189,3C_12,persona,privato,autista,,1189_3C_12,['persona' 'autista' 'privato'],['persona' 'autista' 'privato'],['B-' 'B-' 'B-'],
1433,1D_14,"forma di amore, emozione",abbraccio,affetto,"forma di amore, abbraccio",1433_1D_14,['forma di amore' 'emozione' 'affetto' 'abbraccio'],['emozione' 'affetto'],['O' 'B-' 'B-' 'O'],
1841,2F_9,"persona, essere vivente",chirurgo,medico,,1841_2F_9,['persona' 'essere vivente' 'medico' 'chirurgo'],['persona' 'essere vivente' 'medico' 'chirurgo'],['B-' 'B-' 'B-' 'B-'],
1002,2E_25,"mezzo di trasporto, cosa, entità","ferrari, rossa",automobile,,1002_2E_25,['mezzo di trasporto' 'cosa' 'entità' 'automobile' 'ferrari' 'rossa'],['mezzo di trasporto' 'cosa' 'entità' 'automobile' 'ferrari' 'rossa'],['B-' 'B-' 'B-' 'B-' 'B-' 'B-'],
2344,1D_5,"emozione, espressione",,rabbia,,2344_1D_5,['emozione' 'espressione' 'rabbia'],['emozione' 'espressione' 'rabbia'],['B-' 'B-' 'B-'],
2386,2E_22,,,rabbia,,2386_2E_22,[' rabbia'],[' rabbia'],['B-'],
2104,2F_18,"sentimento, emozione",felicità,gioia,"emozione, felicità",2104_2F_18,['sentimento' 'emozione' 'gioia' 'felicità'],['sentimento' 'gioia'],['B-' 'O' 'B-' 'O'],
504,5B_14,"mezzo di trasporto, carburante","opel, ford, fiat",automobile,"carburante, ford, fiat",504_5B_14,['mezzo di trasporto' 'carburante' 'automobile' 'opel' 'ford' 'fiat'],['mezzo di trasporto' 'automobile' 'opel'],['B-' 'O' 'B-' 'B-' 'O' 'O'],
69,1G_6,"emozione, sentimento, cosa astratta","gioia, tristezza, rabbia",libertà,"emozione, sentimento, gioia, tristezza, rabbia",69_1G_6,"['emozione' 'sentimento' 'cosa astratta' 'libertà' 'gioia' 'tristezza'
 'rabbia']",['cosa astratta' 'libertà'],['O' 'O' 'B-' 'B-' 'O' 'O' 'O'],
356,5B_5,"lavoro, cosa",cardiologo,medico,cosa,356_5B_5,['lavoro' 'cosa' 'medico' 'cardiologo'],['lavoro' 'medico' 'cardiologo'],['B-' 'O' 'B-' 'B-'],
2266,3C_14,cosa astratta,sogno ad occhi aperti,sogno,,2266_3C_14,['cosa astratta' 'sogno' 'sogno ad occhi aperti'],['cosa astratta' 'sogno' 'sogno ad occhi aperti'],['B-' 'B-' 'B-'],
2713,5D_9,,,sogno,,2713_5D_9,[' sogno'],[' sogno'],['B-'],
559,5B_18,"misurazione, cosa geometrica",16 e 16,tempo,cosa geometrica,559_5B_18,['misurazione' 'cosa geometrica' 'tempo' '16 e 16'],['misurazione' 'tempo' '16 e 16'],['B-' 'O' 'B-' 'B-'],
98,3B_1,emozione,,affetto,,98_3B_1,['emozione' 'affetto'],['emozione' 'affetto'],['B-' 'B-'],
371,5D_17,"persona, lavoro","autobus, taxi",autista,"lavoro, taxi",371_5D_17,['persona' 'lavoro' 'autista' 'autobus' 'taxi'],['persona' 'autista' 'autobus'],['B-' 'O' 'B-' 'B-' 'O'],
10,1D_19,emozione,,affetto,,10_1D_19,['emozione' 'affetto'],['emozione' 'affetto'],['B-' 'B-'],
2,1G_2,"tempo meteorologico, meteo, entità",perdita di tempo,tempo,"tempo meteorologico, meteo, perdita di tempo",2_1G_2,['tempo meteorologico' 'meteo' 'entità' 'tempo' 'perdita di tempo'],['entità' 'tempo'],['O' 'O' 'B-' 'B-' 'O'],
1547,5D_7,persona,,insegnante,,1547_5D_7,['persona' 'insegnante'],['persona' 'insegnante'],['B-' 'B-'],
2848,3C_19,luogo,"orologio, meccanismo",tempo,"luogo, orologio, meccanismo",2848_3C_19,['luogo' 'tempo' 'orologio' 'meccanismo'],['tempo'],['O' 'B-' 'O' 'O'],
2551,1G_17,obiettivo,"pensiero, speranza",sogno,"obiettivo, pensiero, speranza",2551_1G_17,['obiettivo' 'sogno' 'pensiero' 'speranza'],['sogno'],['O' 'B-' 'O' 'O'],
800,1G_12,"animale, essere vivente, terrestre","pelo, pulci, piccole",cavallo,"pelo, pulci, piccole",800_1G_12,['animale' 'essere vivente' 'terrestre' 'cavallo' 'pelo' 'pulci' 'piccole'],['animale' 'essere vivente' 'terrestre' 'cavallo'],['B-' 'B-' 'B-' 'B-' 'O' 'O' 'O'],
675,2F_7,,,badante,,675_2F_7,[' badante'],[' badante'],['B-'],
2830,3B_26,"buco nero, massa",,tempo,"buco nero, massa",2830_3B_26,['buco nero' 'massa' 'tempo'],['tempo'],['O' 'O' 'B-'],
1010,3C_1,"lavoro, professione, occupazione","taxista, persona, giovanni",autista,"professione, persona",1010_3C_1,"['lavoro' 'professione' 'occupazione' 'autista' 'taxista' 'persona'
 'giovanni']",['lavoro' 'occupazione' 'autista' 'taxista' 'giovanni'],['B-' 'O' 'B-' 'B-' 'B-' 'O' 'B-'],
1050,2F_19,oggetto,"peluche, orsetto",giocattolo,,1050_2F_19,['oggetto' 'giocattolo' 'peluche' 'orsetto'],['oggetto' 'giocattolo' 'peluche' 'orsetto'],['B-' 'B-' 'B-' 'B-'],
2705,5D_23,,di andare alle medie con vitto e marti,sogno,di andare alle medie con vitto e marti,2705_5D_23,[' sogno' ' sogno di andare alle medie con vitto e marti'],[' sogno'],['B-' 'O'],di andare alle medie con vitto e marti||| sogno di andare alle medie con vitto e marti___
1714,5B_4,diritto,,libertà,,1714_5B_4,['diritto' 'libertà'],['diritto' 'libertà'],['B-' 'B-'],
1351,5D_5,"sentimento, emozione",felicità,gioia,"emozione, felicità",1351_5D_5,['sentimento' 'emozione' 'gioia' 'felicità'],['sentimento' 'gioia'],['B-' 'O' 'B-' 'O'],
2203,2F_24,"dolce, cibo, nutriente, entità",torta al cioccolato,torta,,2203_2F_24,['dolce' 'cibo' 'nutriente' 'entità' 'torta' 'torta al cioccolato'],['dolce' 'cibo' 'nutriente' 'entità' 'torta' 'torta al cioccolato'],['B-' 'B-' 'B-' 'B-' 'B-' 'B-'],
1134,5B_6,"app, pawpatrol, maschera spiderman, orologio, marchingegno","materiale, elettronico, intelletuale",giocattolo,"app, pawpatrol, maschera spiderman, orologio, marchingegno, materiale, intelletuale",1134_5B_6,"['app' 'pawpatrol' 'maschera spiderman' 'orologio' 'marchingegno'
 'giocattolo' 'materiale' 'elettronico' 'intelletuale']",['giocattolo' 'elettronico'],['O' 'O' 'O' 'O' 'O' 'B-' 'O' 'B-' 'O'],
2183,2F_23,"mestiere, impiego, lavoro, povero",pediatra,medico,"lavoro, povero",2183_2F_23,['mestiere' 'impiego' 'lavoro' 'povero' 'medico' 'pediatra'],['mestiere' 'impiego' 'medico' 'pediatra'],['B-' 'B-' 'O' 'O' 'B-' 'B-'],
362,5B_9,"guidatore, persona ",del bus,autista,,362_5B_9,['guidatore' 'persona ' 'autista' 'autista del bus'],['guidatore' 'persona ' 'autista' 'autista del bus'],['B-' 'B-' 'B-' 'B-'],del bus|||autista del bus___
641,2E_3,"velocista, gareggiatore, entità","f1, lecrerc",autista,"velocista, gareggiatore",641_2E_3,['velocista' 'gareggiatore' 'entità' 'autista' 'f1' 'lecrerc'],['entità' 'autista' 'f1' 'lecrerc'],['O' 'O' 'B-' 'B-' 'B-' 'B-'],
2778,2E_26,,,tempo,,2778_2E_26,[' tempo'],[' tempo'],['B-'],
1559,1D_18,,,libertà,,1559_1D_18,[' libertà'],[' libertà'],['B-'],
1764,5D_16,"mammifero, animale, essere vivente, entità",,cavallo,,1764_5D_16,['mammifero' 'animale' 'essere vivente' 'entità' 'cavallo'],['mammifero' 'animale' 'essere vivente' 'entità' 'cavallo'],['B-' 'B-' 'B-' 'B-' 'B-'],
1451,1D_15,,di diventare calciatore,sogno,di diventare calciatore,1451_1D_15,[' sogno' ' sogno di diventare calciatore'],[' sogno'],['B-' 'O'],di diventare calciatore||| sogno di diventare calciatore___
1136,3C_9,,mente aperta,mente,,1136_3C_9,[' mente' 'mente aperta'],[' mente' 'mente aperta'],['B-' 'B-'],
1960,1D_9,"logica, ragionamento",matematica,mente,"logica, ragionamento",1960_1D_9,['logica' 'ragionamento' 'mente' 'matematica'],['mente' 'matematica'],['O' 'O' 'B-' 'B-'],
540,5B_13,"mezzo di trasporto, autobus","sedili, volante, freno a mano",automobile,"autobus, sedili, volante, freno a mano",540_5B_13,"['mezzo di trasporto' 'autobus' 'automobile' 'sedili' 'volante'
 'freno a mano']",['mezzo di trasporto' 'automobile'],['B-' 'O' 'B-' 'O' 'O' 'O'],
236,1G_20,"sentimento, emozione, entità",,gioia,emozione,236_1G_20,['sentimento' 'emozione' 'entità' 'gioia'],['sentimento' 'entità' 'gioia'],['B-' 'O' 'B-' 'B-'],
2193,2F_24,"immaginazione, pensiero",,sogno,,2193_2F_24,['immaginazione' 'pensiero' 'sogno'],['immaginazione' 'pensiero' 'sogno'],['B-' 'B-' 'B-'],
2074,2F_15,"emozione, sensazione",paura del buio,paura,,2074_2F_15,['emozione' 'sensazione' 'paura' 'paura del buio'],['emozione' 'sensazione' 'paura' 'paura del buio'],['B-' 'B-' 'B-' 'B-'],
180,5D_19,,,affetto,,180_5D_19,[' affetto'],[' affetto'],['B-'],
660,2F_17,persona,persona che aiuta altre persone,badante,persona che aiuta altre persone,660_2F_17,['persona' 'badante' 'persona che aiuta altre persone'],['persona' 'badante'],['B-' 'B-' 'O'],
2033,2F_13,"animale, quadrupede, mammifero",pony,cavallo,"quadrupede, mammifero",2033_2F_13,['animale' 'quadrupede' 'mammifero' 'cavallo' 'pony'],['animale' 'cavallo' 'pony'],['B-' 'O' 'O' 'B-' 'B-'],
2420,2F_6,emozione,arrabbiato,rabbia,arrabbiato,2420_2F_6,['emozione' 'rabbia' 'arrabbiato'],['emozione' 'rabbia'],['B-' 'B-' 'O'],
1151,5D_21,"divertimento, oggetto, artificiale",bambola,giocattolo,divertimento,1151_5D_21,['divertimento' 'oggetto' 'artificiale' 'giocattolo' 'bambola'],['oggetto' 'artificiale' 'giocattolo' 'bambola'],['O' 'B-' 'B-' 'B-' 'B-'],
827,2E_14,"immaginazione, cosa astratta","incubo, incubo talassofobico",sogno,,827_2E_14,['immaginazione' 'cosa astratta' 'sogno' 'incubo' 'incubo talassofobico'],['immaginazione' 'cosa astratta' 'sogno' 'incubo' 'incubo talassofobico'],['B-' 'B-' 'B-' 'B-' 'B-'],
2570,2E_13,,,sogno,,2570_2E_13,[' sogno'],[' sogno'],['B-'],
1789,1G_9,"persona, essere vivente","mestiere, oculista",medico,mestiere,1789_1G_9,['persona' 'essere vivente' 'medico' 'mestiere' 'oculista'],['persona' 'essere vivente' 'medico' 'oculista'],['B-' 'B-' 'B-' 'O' 'B-'],
1715,5D_13,"lavoro, obbligo, ordine, comandamento, legge",anziani,badante,"obbligo, ordine, comandamento, legge",1715_5D_13,['lavoro' 'obbligo' 'ordine' 'comandamento' 'legge' 'badante' 'anziani'],['lavoro' 'badante' 'anziani'],['B-' 'O' 'O' 'O' 'O' 'B-' 'B-'],
137,1G_10,sentimento,,gioia,,137_1G_10,['sentimento' 'gioia'],['sentimento' 'gioia'],['B-' 'B-'],
1588,1G_23,modo di essere,di voto,libertà,,1588_1G_23,['modo di essere' 'libertà' 'libertà di voto'],['modo di essere' 'libertà' 'libertà di voto'],['B-' 'B-' 'B-'],di voto|||libertà di voto___
1375,1D_11,"persona, essere vivente, essere umano, entità","di italiano, gardenghi",insegnante,essere umano,1375_1D_11,"['persona' 'essere vivente' 'essere umano' 'entità' 'insegnante'
 'insegnante di italiano' 'gardenghi']","['persona' 'essere vivente' 'entità' 'insegnante' 'insegnante di italiano'
 'gardenghi']",['B-' 'B-' 'O' 'B-' 'B-' 'B-' 'B-'],di italiano|||insegnante di italiano___
378,5D_23,essere vivente,,autista,,378_5D_23,['essere vivente' 'autista'],['essere vivente' 'autista'],['B-' 'B-'],
475,5B_12,"emozione, sentimento, pensiero, idea, cosa astratta",,gioia,"sentimento, pensiero, idea",475_5B_12,['emozione' 'sentimento' 'pensiero' 'idea' 'cosa astratta' 'gioia'],['emozione' 'cosa astratta' 'gioia'],['B-' 'O' 'O' 'O' 'B-' 'B-'],
656,2F_13,"lavoro, persone",vecchio,badante,persone,656_2F_13,['lavoro' 'persone' 'badante' 'vecchio'],['lavoro' 'badante' 'vecchio'],['B-' 'O' 'B-' 'B-'],
2572,2E_15,"proiezione astratta, vita, bugie, non puoi controllarlo, fantasia",incubo,sogno,"vita, bugie, non puoi controllarlo, fantasia",2572_2E_15,"['proiezione astratta' 'vita' 'bugie' 'non puoi controllarlo' 'fantasia'
 'sogno' 'incubo']",['proiezione astratta' 'sogno' 'incubo'],['B-' 'O' 'O' 'O' 'O' 'B-' 'B-'],
1585,5D_2,"emozione, entità",rabbia eterna,rabbia,,1585_5D_2,['emozione' 'entità' 'rabbia' 'rabbia eterna'],['emozione' 'entità' 'rabbia' 'rabbia eterna'],['B-' 'B-' 'B-' 'B-'],
2044,2F_13,"vita parallela, cosa astratta",incubo,sogno,vita parallela,2044_2F_13,['vita parallela' 'cosa astratta' 'sogno' 'incubo'],['cosa astratta' 'sogno' 'incubo'],['O' 'B-' 'B-' 'B-'],
1979,2F_9,voglia,"libertà di esprimersi, libertà di esprimersi positivamente",libertà,voglia,1979_2F_9,"['voglia' 'libertà' 'libertà di esprimersi'
 'libertà di esprimersi positivamente']",['libertà' 'libertà di esprimersi' 'libertà di esprimersi positivamente'],['O' 'B-' 'B-' 'B-'],
1503,3C_8,"lavoro, impegno, sforzo, azione","matematica, italiano, inglese",insegnante,"sforzo, italiano, inglese",1503_3C_8,"['lavoro' 'impegno' 'sforzo' 'azione' 'insegnante' 'matematica' 'italiano'
 'inglese']",['lavoro' 'impegno' 'azione' 'insegnante' 'matematica'],['B-' 'B-' 'O' 'B-' 'B-' 'B-' 'O' 'O'],
1044,3C_3,"occupazione, lavoro",badante per vecchi,badante,lavoro,1044_3C_3,['occupazione' 'lavoro' 'badante' 'badante per vecchi'],['occupazione' 'badante' 'badante per vecchi'],['B-' 'O' 'B-' 'B-'],
115,3B_25,"amore, sentimento, emozione",abbraccio,affetto,"emozione, amore, abbraccio",115_3B_25,['amore' 'sentimento' 'emozione' 'affetto' 'abbraccio'],['sentimento' 'affetto'],['O' 'B-' 'O' 'B-' 'O'],
627,2E_10,"persona, che lavora, mestiere",donna/uomo delle pulizie,badante,"che lavora, mestiere, donna/uomo delle pulizie",627_2E_10,['persona' 'che lavora' 'mestiere' 'badante' 'donna/uomo delle pulizie'],['persona' 'badante'],['B-' 'O' 'O' 'B-' 'O'],
1075,3C_5,"animale, essere vivente, pluricellulare","cavallo bianco, cavallo bianco di gandalf",cavallo,pluricellulare,1075_3C_5,"['animale' 'essere vivente' 'pluricellulare' 'cavallo' 'cavallo bianco'
 'cavallo bianco di gandalf']","['animale' 'essere vivente' 'cavallo' 'cavallo bianco'
 'cavallo bianco di gandalf']",['B-' 'B-' 'O' 'B-' 'B-' 'B-'],
1237,1D_2,"cibo, dolce, entità","torta di mele, torta al cioccolato",torta,"dolce, torta al cioccolato",1237_1D_2,['cibo' 'dolce' 'entità' 'torta' 'torta di mele' 'torta al cioccolato'],['cibo' 'entità' 'torta' 'torta di mele'],['B-' 'O' 'B-' 'B-' 'B-' 'O'],
1067,3C_4,"emozione, sensazione mentale, sensazione, condizionatore di decisione",,gioia,condizionatore di decisione,1067_3C_4,"['emozione' 'sensazione mentale' 'sensazione'
 'condizionatore di decisione' 'gioia']",['emozione' 'sensazione mentale' 'sensazione' 'gioia'],['B-' 'B-' 'B-' 'O' 'B-'],
2406,2F_17,emozione,malattia,rabbia,malattia,2406_2F_17,['emozione' 'rabbia' 'malattia'],['emozione' 'rabbia'],['B-' 'B-' 'O'],
390,1D_12,"autista, persona, taxista, pilota","taxi, macchina da corsa, limousine",automobile,"autista, persona, taxista, pilota, macchina da corsa, limousine",390_1D_12,"['autista' 'persona' 'taxista' 'pilota' 'automobile' 'taxi'
 'macchina da corsa' 'limousine']",['automobile' 'taxi'],['O' 'O' 'O' 'O' 'B-' 'B-' 'O' 'O'],
910,2E_19,"libero arbitrio, cosa astatta",di stampa,libertà,libero arbitrio,910_2E_19,['libero arbitrio' 'cosa astatta' 'libertà' 'libertà di stampa'],['cosa astatta' 'libertà' 'libertà di stampa'],['O' 'B-' 'B-' 'B-'],di stampa|||libertà di stampa___
1279,1D_5,,"tempo meteorologico, pioggia",tempo,,1279_1D_5,[' tempo' 'tempo meteorologico' 'pioggia'],[' tempo' 'tempo meteorologico' 'pioggia'],['B-' 'B-' 'B-'],
51,2E_14,"amore, emozione","familiare, fraterno",affetto,amore,51_2E_14,['amore' 'emozione' 'affetto' 'familiare' 'fraterno'],['emozione' 'affetto' 'familiare' 'fraterno'],['O' 'B-' 'B-' 'B-' 'B-'],
2329,1D_12,"emozione, sentimento, perdere il controllo, esagerare","furiosi, picchiare, pizzicotti",rabbia,"sentimento, perdere il controllo, esagerare, furiosi, picchiare, pizzicotti",2329_1D_12,"['emozione' 'sentimento' 'perdere il controllo' 'esagerare' 'rabbia'
 'furiosi' 'picchiare' 'pizzicotti']",['emozione' 'rabbia'],['B-' 'O' 'O' 'O' 'B-' 'O' 'O' 'O'],
2308,3C_17,dimensione,tempo temporale,tempo,,2308_3C_17,['dimensione' 'tempo' 'tempo temporale'],['dimensione' 'tempo' 'tempo temporale'],['B-' 'B-' 'B-'],
2211,2F_16,,"buio, ragni, cimici",paura,"ragni, cimici",2211_2F_16,[' paura' 'buio' 'ragni' 'cimici'],[' paura' 'buio'],['B-' 'B-' 'O' 'O'],
1779,1G_20,"persona, essere vivente, cane, animale, gatto, felino, tigre",infermiere,medico,"cane, animale, gatto, felino, tigre, infermiere",1779_1G_20,"['persona' 'essere vivente' 'cane' 'animale' 'gatto' 'felino' 'tigre'
 'medico' 'infermiere']",['persona' 'essere vivente' 'medico'],['B-' 'B-' 'O' 'O' 'O' 'O' 'O' 'B-' 'O'],
446,5B_10,lavoro,dermatologa,medico,,446_5B_10,['lavoro' 'medico' 'dermatologa'],['lavoro' 'medico' 'dermatologa'],['B-' 'B-' 'B-'],
616,1G_21,"mestiere, lavoro","aiuto, segno di gentilezza",badante,"aiuto, segno di gentilezza",616_1G_21,['mestiere' 'lavoro' 'badante' 'aiuto' 'segno di gentilezza'],['mestiere' 'lavoro' 'badante'],['B-' 'B-' 'B-' 'O' 'O'],
139,1G_10,"emozione, sentimento",di mamma,affetto,sentimento,139_1G_10,['emozione' 'sentimento' 'affetto' 'affetto di mamma'],['emozione' 'affetto' 'affetto di mamma'],['B-' 'O' 'B-' 'B-'],di mamma|||affetto di mamma___
634,2E_17,persona,babysitter,badante,babysitter,634_2E_17,['persona' 'badante' 'babysitter'],['persona' 'badante'],['B-' 'B-' 'O'],
1255,2F_5,sentimento,,gioia,,1255_2F_5,['sentimento' 'gioia'],['sentimento' 'gioia'],['B-' 'B-'],
340,5B_4,"lavoro, occupazione, cosa, entità",dentista,medico,cosa,340_5B_4,['lavoro' 'occupazione' 'cosa' 'entità' 'medico' 'dentista'],['lavoro' 'occupazione' 'entità' 'medico' 'dentista'],['B-' 'B-' 'O' 'B-' 'B-' 'B-'],
1712,5D_13,mezzo di trasporto,"bmw, x4",automobile,,1712_5D_13,['mezzo di trasporto' 'automobile' 'bmw' 'x4'],['mezzo di trasporto' 'automobile' 'bmw' 'x4'],['B-' 'B-' 'B-' 'B-'],
1660,5D_8,"cosa, entità",mente sana,mente,cosa,1660_5D_8,['cosa' 'entità' 'mente' 'mente sana'],['entità' 'mente' 'mente sana'],['O' 'B-' 'B-' 'B-'],
2055,2F_14,"misura, entità","tempo storico, tempo storico romano",tempo,,2055_2F_14,['misura' 'entità' 'tempo' 'tempo storico' 'tempo storico romano'],['misura' 'entità' 'tempo' 'tempo storico' 'tempo storico romano'],['B-' 'B-' 'B-' 'B-' 'B-'],
1281,1D_5,,di parola,libertà,,1281_1D_5,[' libertà' ' libertà di parola'],[' libertà' ' libertà di parola'],['B-' 'B-'],di parola||| libertà di parola___
356,5B_3,servizio,enrico,autista,,356_5B_3,['servizio' 'autista' 'enrico'],['servizio' 'autista' 'enrico'],['B-' 'B-' 'B-'],
3095,5D_4,"cibo, essere vivente",torta al cioccolato,torta,essere vivente,3095_5D_4,['cibo' 'essere vivente' 'torta' 'torta al cioccolato'],['cibo' 'torta' 'torta al cioccolato'],['B-' 'O' 'B-' 'B-'],
1202,1G_4,"emozione, rabbia, sensazione, paura",,gioia,"rabbia, paura",1202_1G_4,['emozione' 'rabbia' 'sensazione' 'paura' 'gioia'],['emozione' 'sensazione' 'gioia'],['B-' 'O' 'B-' 'O' 'B-'],
1737,5D_3,sentimento,"autonomia, indipendenza",libertà,"sentimento, autonomia, indipendenza",1737_5D_3,['sentimento' 'libertà' 'autonomia' 'indipendenza'],['libertà'],['O' 'B-' 'O' 'O'],
1356,1D_9,"mestiere, lavoratore, persona, essere umano",catsitter,badante,"lavoratore, persona, essere umano, catsitter",1356_1D_9,['mestiere' 'lavoratore' 'persona' 'essere umano' 'badante' 'catsitter'],['mestiere' 'badante'],['B-' 'O' 'O' 'O' 'B-' 'O'],
1493,3C_21,"lavoro, persona, essere vivente",di italiano,insegnante,"persona, essere vivente",1493_3C_21,['lavoro' 'persona' 'essere vivente' 'insegnante' 'insegnante di italiano'],['lavoro' 'insegnante' 'insegnante di italiano'],['B-' 'O' 'O' 'B-' 'B-'],di italiano|||insegnante di italiano___
96,1G_8,"alimento dolce, alimento, cibo, entità",alle fragole,torta,,96_1G_8,['alimento dolce' 'alimento' 'cibo' 'entità' 'torta' 'torta alle fragole'],['alimento dolce' 'alimento' 'cibo' 'entità' 'torta' 'torta alle fragole'],['B-' 'B-' 'B-' 'B-' 'B-' 'B-'],alle fragole|||torta alle fragole___
1127,5B_19,"cosa, non essere vivente",bambola,giocattolo,,1127_5B_19,['cosa' 'non essere vivente' 'giocattolo' 'bambola'],['cosa' 'non essere vivente' 'giocattolo' 'bambola'],['B-' 'B-' 'B-' 'B-'],
1137,3C_9,"sentimento, emozione",affetto materno,affetto,sentimento,1137_3C_9,['sentimento' 'emozione' 'affetto' 'affetto materno'],['emozione' 'affetto' 'affetto materno'],['O' 'B-' 'B-' 'B-'],
1964,1G_12,"pensatoio, cervello, organo, parte del corpo",,mente,"cervello, organo, parte del corpo",1964_1G_12,['pensatoio' 'cervello' 'organo' 'parte del corpo' 'mente'],['pensatoio' 'mente'],['B-' 'O' 'O' 'O' 'B-'],
502,3B_25,mezzo di trasporto,"audi, azienda",automobile,azienda,502_3B_25,['mezzo di trasporto' 'automobile' 'audi' 'azienda'],['mezzo di trasporto' 'automobile' 'audi'],['B-' 'B-' 'B-' 'O'],
1609,2E_21,"stare, modo di essere",felicità,libertà,"stare, felicità",1609_2E_21,['stare' 'modo di essere' 'libertà' 'felicità'],['modo di essere' 'libertà'],['O' 'B-' 'B-' 'O'],
982,1D_22,,orsetto peluche,giocattolo,,982_1D_22,[' giocattolo' 'orsetto peluche'],[' giocattolo' 'orsetto peluche'],['B-' 'B-'],
1471,1D_17,diritto,libertà di parola,libertà,,1471_1D_17,['diritto' 'libertà' 'libertà di parola'],['diritto' 'libertà' 'libertà di parola'],['B-' 'B-' 'B-'],
1446,1D_15,,cibo,torta,cibo,1446_1D_15,[' torta' 'cibo'],[' torta'],['B-' 'O'],
1626,2F_13,sensazione,"aria, statua della libertà",libertà,"aria, statua della libertà",1626_2F_13,['sensazione' 'libertà' 'aria' 'statua della libertà'],['sensazione' 'libertà'],['B-' 'B-' 'O' 'O'],
723,3C_4,"persona, insieme di apparati, insieme di tessuti, insieme di organi, insieme di muscoli, insieme di cellule","lavoro, tasse, pagamento di euro tassati al governo",badante,"insieme di apparati, insieme di tessuti, insieme di organi, insieme di muscoli, insieme di cellule, lavoro, tasse, pagamento di euro tassati al governo",723_3C_4,"['persona' 'insieme di apparati' 'insieme di tessuti' 'insieme di organi'
 'insieme di muscoli' 'insieme di cellule' 'badante' 'lavoro' 'tasse'
 'pagamento di euro tassati al governo']",['persona' 'badante'],['B-' 'O' 'O' 'O' 'O' 'O' 'B-' 'O' 'O' 'O'],
172,1G_13,"parte del corpo, cosa concreta, cosa che si tocca",di una persona intelligente,mente,"parte del corpo, cosa concreta, cosa che si tocca",172_1G_13,"['parte del corpo' 'cosa concreta' 'cosa che si tocca' 'mente'
 'mente di una persona intelligente']",['mente' 'mente di una persona intelligente'],['O' 'O' 'O' 'B-' 'B-'],di una persona intelligente|||mente di una persona intelligente___
2886,5D_12,orologio,"ora, minuto, secondo",tempo,"orologio, minuto, secondo",2886_5D_12,['orologio' 'tempo' 'ora' 'minuto' 'secondo'],['tempo' 'ora'],['O' 'B-' 'B-' 'O' 'O'],
2711,5D_7,,incubo,sogno,,2711_5D_7,[' sogno' 'incubo'],[' sogno' 'incubo'],['B-' 'B-'],
932,2E_21,"emozione, sentimento, entità ","paura dovuta dallo spavento, fobia, aracnofobia",paura,"sentimento, paura dovuta dallo spavento",932_2E_21,"['emozione' 'sentimento' 'entità ' 'paura' 'paura dovuta dallo spavento'
 'fobia' 'aracnofobia']",['emozione' 'entità ' 'paura' 'fobia' 'aracnofobia'],['B-' 'O' 'B-' 'B-' 'O' 'B-' 'B-'],
2879,5B_6,"prezioso, utile",di gioco,tempo,"prezioso, utile",2879_5B_6,['prezioso' 'utile' 'tempo' 'tempo di gioco'],['tempo' 'tempo di gioco'],['O' 'O' 'B-' 'B-'],di gioco|||tempo di gioco___
2815,3B_12,giorno,"ora, minuto, secondo",tempo,"giorno, minuto, secondo",2815_3B_12,['giorno' 'tempo' 'ora' 'minuto' 'secondo'],['tempo' 'ora'],['O' 'B-' 'B-' 'O' 'O'],
1036,3C_2,"essere umano, mammifero, animale, essere vivente, insieme di tessuti e cellule, composizione di atomi","medico militare, medico militare dell'esercito statunitense, medico militare dell'esercito statunitense del 46esimo reggimento rangers",medico,"insieme di tessuti e cellule, composizione di atomi",1036_3C_2,"['essere umano' 'mammifero' 'animale' 'essere vivente'
 'insieme di tessuti e cellule' 'composizione di atomi' 'medico'
 'medico militare' ""medico militare dell'esercito statunitense""
 ""medico militare dell'esercito statunitense del 46esimo reggimento rangers""]","['essere umano' 'mammifero' 'animale' 'essere vivente' 'medico'
 'medico militare' ""medico militare dell'esercito statunitense""
 ""medico militare dell'esercito statunitense del 46esimo reggimento rangers""]",['B-' 'B-' 'B-' 'B-' 'O' 'O' 'B-' 'B-' 'B-' 'B-'],
832,2E_20,"essere vivente, animale, mammifero",animale,cavallo,"animale, mammifero, animale",832_2E_20,['essere vivente' 'animale' 'mammifero' 'cavallo' 'animale'],['essere vivente' 'cavallo'],['B-' 'O' 'O' 'B-' 'O'],
1144,3C_9,"persona, essere umano, essere vivente","medico di base, medico chirurgo",medico,medico chirurgo,1144_3C_9,"['persona' 'essere umano' 'essere vivente' 'medico' 'medico di base'
 'medico chirurgo']",['persona' 'essere umano' 'essere vivente' 'medico' 'medico di base'],['B-' 'B-' 'B-' 'B-' 'B-' 'O'],
948,2E_22,"dolce, quello che si mangia","cioccolato, ciambella",torta,"quello che si mangia, ciambella",948_2E_22,['dolce' 'quello che si mangia' 'torta' 'cioccolato' 'ciambella'],['dolce' 'torta' 'cioccolato'],['B-' 'O' 'B-' 'B-' 'O'],
2176,1G_8,"emozione, sentimento, provare qualcosa di astratto",,paura,sentimento,2176_1G_8,['emozione' 'sentimento' 'provare qualcosa di astratto' 'paura'],['emozione' 'provare qualcosa di astratto' 'paura'],['B-' 'O' 'B-' 'B-'],
1323,5B_21,"emozione, pensiero, ragionamento",euforia,gioia,"pensiero, ragionamento",1323_5B_21,['emozione' 'pensiero' 'ragionamento' 'gioia' 'euforia'],['emozione' 'gioia' 'euforia'],['B-' 'O' 'O' 'B-' 'B-'],
2607,2F_23,cosa astratta,incubo,sogno,,2607_2F_23,['cosa astratta' 'sogno' 'incubo'],['cosa astratta' 'sogno' 'incubo'],['B-' 'B-' 'B-'],
2025,2F_23,,testa,mente,testa,2025_2F_23,[' mente' 'testa'],[' mente'],['B-' 'O'],
940,5B_6,"purosangue, mustang, stallone",pony,cavallo,"purosangue, mustang, stallone",940_5B_6,['purosangue' 'mustang' 'stallone' 'cavallo' 'pony'],['cavallo' 'pony'],['O' 'O' 'O' 'B-' 'B-'],
1304,1D_6,"lavoratore, persona, essere vivente",pediatra,medico,,1304_1D_6,['lavoratore' 'persona' 'essere vivente' 'medico' 'pediatra'],['lavoratore' 'persona' 'essere vivente' 'medico' 'pediatra'],['B-' 'B-' 'B-' 'B-' 'B-'],
2401,3C_23,"luogo del pensiero, azione","scientifica, matematica, algebra",mente,"luogo del pensiero, azione, matematica, algebra",2401_3C_23,"['luogo del pensiero' 'azione' 'mente' 'scientifica' 'matematica'
 'algebra']",['mente' 'scientifica'],['O' 'O' 'B-' 'B-' 'O' 'O'],
2681,5B_20,pensiero,incubo,sogno,,2681_5B_20,['pensiero' 'sogno' 'incubo'],['pensiero' 'sogno' 'incubo'],['B-' 'B-' 'B-'],
2292,5B_2,"spavento, emozione, stato d'animo, sensazione",,paura,"spavento, stato d'animo",2292_5B_2,"['spavento' 'emozione' ""stato d'animo"" 'sensazione' 'paura']",['emozione' 'sensazione' 'paura'],['O' 'B-' 'O' 'B-' 'B-'],
833,2E_15,"amore, emozione",,affetto,amore,833_2E_15,['amore' 'emozione' 'affetto'],['emozione' 'affetto'],['O' 'B-' 'B-'],
315,3B_8,"professione, lavoro","taxista, pilota",autista,pilota,315_3B_8,['professione' 'lavoro' 'autista' 'taxista' 'pilota'],['professione' 'lavoro' 'autista' 'taxista'],['B-' 'B-' 'B-' 'B-' 'O'],
1461,1D_16,"diritto, entità",di parola,libertà,,1461_1D_16,['diritto' 'entità' 'libertà' 'libertà di parola'],['diritto' 'entità' 'libertà' 'libertà di parola'],['B-' 'B-' 'B-' 'B-'],di parola|||libertà di parola___
1677,3C_12,,"scuola finita, no studiare, dormire",libertà,"scuola finita, no studiare, dormire",1677_3C_12,[' libertà' 'scuola finita' 'no studiare' 'dormire'],[' libertà'],['B-' 'O' 'O' 'O'],
192,1G_18,"emozione, sensazione, sentimento, cosa astratta, esperienza, entità","per la famiglia, per i genitori, per la madre",affetto,sentimento,192_1G_18,"['emozione' 'sensazione' 'sentimento' 'cosa astratta' 'esperienza'
 'entità' 'affetto' 'affetto per la famiglia' 'affetto per i genitori'
 'affetto per la madre']","['emozione' 'sensazione' 'cosa astratta' 'esperienza' 'entità' 'affetto'
 'affetto per la famiglia' 'affetto per i genitori' 'affetto per la madre']",['B-' 'B-' 'O' 'B-' 'B-' 'B-' 'B-' 'B-' 'B-' 'B-'],per la famiglia|||affetto per la famiglia___per i genitori|||affetto per i genitori___per la madre|||affetto per la madre___
2327,3C_18,"pensiero notturno, immaginazione",incubo,sogno,pensiero notturno,2327_3C_18,['pensiero notturno' 'immaginazione' 'sogno' 'incubo'],['immaginazione' 'sogno' 'incubo'],['O' 'B-' 'B-' 'B-'],
550,5B_4,"mezzo di trasporto, oggetto",volkswagen,automobile,,550_5B_4,['mezzo di trasporto' 'oggetto' 'automobile' 'volkswagen'],['mezzo di trasporto' 'oggetto' 'automobile' 'volkswagen'],['B-' 'B-' 'B-' 'B-'],
217,1G_1,auto,,autista,auto,217_1G_1,['auto' 'autista'],['autista'],['O' 'B-'],
2629,3B_2,,,sogno,,2629_3B_2,[' sogno'],[' sogno'],['B-'],
185,1G_16,"educatrice, essere umano, essere vivente","di matematica, la zagni",insegnante,,185_1G_16,"['educatrice' 'essere umano' 'essere vivente' 'insegnante'
 'insegnante di matematica' 'la zagni']","['educatrice' 'essere umano' 'essere vivente' 'insegnante'
 'insegnante di matematica' 'la zagni']",['B-' 'B-' 'B-' 'B-' 'B-' 'B-'],di matematica|||insegnante di matematica___
2385,3C_22,"sensazione, emozione",,libertà,emozione,2385_3C_22,['sensazione' 'emozione' 'libertà'],['sensazione' 'libertà'],['B-' 'O' 'B-'],
1798,5D_18,cosa astratta,di vincere,libertà,di vincere,1798_5D_18,['cosa astratta' 'libertà' 'libertà di vincere'],['cosa astratta' 'libertà'],['B-' 'B-' 'O'],di vincere|||libertà di vincere___
2923,1D_3,"alimento, sana salute, felicità",,torta,"sana salute, felicità",2923_1D_3,['alimento' 'sana salute' 'felicità' 'torta'],['alimento' 'torta'],['B-' 'O' 'O' 'B-'],
307,3B_24,"guidatore, macchina",,autista,macchina,307_3B_24,['guidatore' 'macchina' 'autista'],['guidatore' 'autista'],['B-' 'O' 'B-'],
2371,3C_21,"mezzo di trasporto, oggetto in movimento, cosa","automobile nera, panda",automobile,"oggetto in movimento, panda",2371_3C_21,"['mezzo di trasporto' 'oggetto in movimento' 'cosa' 'automobile'
 'automobile nera' 'panda']",['mezzo di trasporto' 'cosa' 'automobile' 'automobile nera'],['B-' 'O' 'B-' 'B-' 'B-' 'O'],
2584,2E_26,,,sogno,,2584_2E_26,[' sogno'],[' sogno'],['B-'],
601,5B_21,"emozione, pensiero, cosa, entità",paterna,rabbia,"pensiero, cosa",601_5B_21,['emozione' 'pensiero' 'cosa' 'entità' 'rabbia' 'paterna'],['emozione' 'entità' 'rabbia' 'paterna'],['B-' 'O' 'O' 'B-' 'B-' 'B-'],
2418,3C_24,"momento, istante","meteorologico, pioggia",tempo,"momento, istante",2418_3C_24,['momento' 'istante' 'tempo' 'meteorologico' 'pioggia'],['tempo' 'meteorologico' 'pioggia'],['O' 'O' 'B-' 'B-' 'B-'],
1090,3C_6,"mezzo attraverso cui pensiamo, parte della testa, parte del corpo, organo con funzioni diverse",,mente,"parte della testa, parte del corpo, organo con funzioni diverse",1090_3C_6,"['mezzo attraverso cui pensiamo' 'parte della testa' 'parte del corpo'
 'organo con funzioni diverse' 'mente']",['mezzo attraverso cui pensiamo' 'mente'],['B-' 'O' 'O' 'O' 'B-'],
2139,1D_16,"sensazione, emozione",agitazione,paura,"emozione, agitazione",2139_1D_16,['sensazione' 'emozione' 'paura' 'agitazione'],['sensazione' 'paura'],['B-' 'O' 'B-' 'O'],
2410,3C_23,"desiderio, pensiero",di andare a disneyland,sogno,"desiderio, di andare a disneyland",2410_3C_23,['desiderio' 'pensiero' 'sogno' 'sogno di andare a disneyland'],['pensiero' 'sogno'],['O' 'B-' 'B-' 'O'],di andare a disneyland|||sogno di andare a disneyland___
2279,3C_15,"felicità, emozione, sentimento","gioia di sergio, gioia di sergio ramos",gioia,"felicità, sentimento, gioia di sergio ramos",2279_3C_15,"['felicità' 'emozione' 'sentimento' 'gioia' 'gioia di sergio'
 'gioia di sergio ramos']",['emozione' 'gioia' 'gioia di sergio'],['O' 'B-' 'O' 'B-' 'B-' 'O'],
1754,5D_15,"autista, entità","ferrari, f40",automobile,autista,1754_5D_15,['autista' 'entità' 'automobile' 'ferrari' 'f40'],['entità' 'automobile' 'ferrari' 'f40'],['O' 'B-' 'B-' 'B-' 'B-'],
235,1G_6,"lavoro, persona, essere vivente",macchina,autista,"persona, essere vivente",235_1G_6,['lavoro' 'persona' 'essere vivente' 'autista' 'macchina'],['lavoro' 'autista' 'macchina'],['B-' 'O' 'O' 'B-' 'B-'],
107,3B_18,,abbraccio,affetto,abbraccio,107_3B_18,[' affetto' 'abbraccio'],[' affetto'],['B-' 'O'],
2725,1D_2,"qualcosa che passa, preistoria",,tempo,"qualcosa che passa, preistoria",2725_1D_2,['qualcosa che passa' 'preistoria' 'tempo'],['tempo'],['O' 'O' 'B-'],
535,3C_9,"mezzo, trasporto",,automobile,,535_3C_9,['mezzo' 'trasporto' 'automobile'],['mezzo' 'trasporto' 'automobile'],['B-' 'B-' 'B-'],
1914,5D_1,persona,medico dello sport,medico,,1914_5D_1,['persona' 'medico' 'medico dello sport'],['persona' 'medico' 'medico dello sport'],['B-' 'B-' 'B-'],
913,3C_23,"animale, mammifero",,cavallo,mammifero,913_3C_23,['animale' 'mammifero' 'cavallo'],['animale' 'cavallo'],['B-' 'O' 'B-'],
980,1D_20,"giocare, divertirsi",dell'oca,giocattolo,"giocare, divertirsi",980_1D_20,"['giocare' 'divertirsi' 'giocattolo' ""dell'oca""]","['giocattolo' ""dell'oca""]",['O' 'O' 'B-' 'B-'],
907,3C_18,"mammifero, animale, essere vivente",arabo,cavallo,,907_3C_18,['mammifero' 'animale' 'essere vivente' 'cavallo' 'arabo'],['mammifero' 'animale' 'essere vivente' 'cavallo' 'arabo'],['B-' 'B-' 'B-' 'B-' 'B-'],
2355,1G_15,emozione,,rabbia,,2355_1G_15,['emozione' 'rabbia'],['emozione' 'rabbia'],['B-' 'B-'],
909,3C_2,"erbivoro, quadrupede, animale, essere vivente, composto di cellule, cellule composte di materia","puro sangue, arabo, bianco",cavallo,"composto di cellule, cellule composte di materia",909_3C_2,"['erbivoro' 'quadrupede' 'animale' 'essere vivente' 'composto di cellule'
 'cellule composte di materia' 'cavallo' 'puro sangue' 'arabo' 'bianco']","['erbivoro' 'quadrupede' 'animale' 'essere vivente' 'cavallo'
 'puro sangue' 'arabo' 'bianco']",['B-' 'B-' 'B-' 'B-' 'O' 'O' 'B-' 'B-' 'B-' 'B-'],
2521,1D_10,"essere, personalità",immaginazione,sogno,"essere, personalità, immaginazione",2521_1D_10,['essere' 'personalità' 'sogno' 'immaginazione'],['sogno'],['O' 'O' 'B-' 'O'],
998,1G_16,oggetto,lego,giocattolo,,998_1G_16,['oggetto' 'giocattolo' 'lego'],['oggetto' 'giocattolo' 'lego'],['B-' 'B-' 'B-'],
1506,5B_10,persona,"maestra, maestra di matematica, oriana",insegnante,,1506_5B_10,['persona' 'insegnante' 'maestra' 'maestra di matematica' 'oriana'],['persona' 'insegnante' 'maestra' 'maestra di matematica' 'oriana'],['B-' 'B-' 'B-' 'B-' 'B-'],
188,1G_16,"desiderio, cosa astratta",premonitore,sogno,desiderio,188_1G_16,['desiderio' 'cosa astratta' 'sogno' 'premonitore'],['cosa astratta' 'sogno' 'premonitore'],['O' 'B-' 'B-' 'B-'],
927,5B_13,"animale, essere vivente, mammifero",sella,cavallo,"mammifero, sella",927_5B_13,['animale' 'essere vivente' 'mammifero' 'cavallo' 'sella'],['animale' 'essere vivente' 'cavallo'],['B-' 'B-' 'O' 'B-' 'O'],
2020,2F_12,speranza,"sogno di diventare un calciatore, sogno di diventare un calciatore della juve",sogno,"speranza, sogno di diventare un calciatore, sogno di diventare un calciatore della juve",2020_2F_12,"['speranza' 'sogno' 'sogno di diventare un calciatore'
 'sogno di diventare un calciatore della juve']",['sogno'],['O' 'B-' 'O' 'O'],
756,5D_15,"babysitter, mamma, nonna, persona",,badante,"babysitter, mamma, nonna",756_5D_15,['babysitter' 'mamma' 'nonna' 'persona' 'badante'],['persona' 'badante'],['O' 'O' 'O' 'B-' 'B-'],
2266,3C_19,"emozione, sentimento, sensazione, istinto",buio,paura,"sentimento, istinto",2266_3C_19,['emozione' 'sentimento' 'sensazione' 'istinto' 'paura' 'buio'],['emozione' 'sensazione' 'paura' 'buio'],['B-' 'O' 'B-' 'O' 'B-' 'B-'],
3030,3B_9,"dolce, cibo, alimento, risorsa, energia","torta al cioccolato, torta alla frutta",torta,"energia, torta alla frutta",3030_3B_9,"['dolce' 'cibo' 'alimento' 'risorsa' 'energia' 'torta'
 'torta al cioccolato' 'torta alla frutta']",['dolce' 'cibo' 'alimento' 'risorsa' 'torta' 'torta al cioccolato'],['B-' 'B-' 'B-' 'B-' 'O' 'B-' 'B-' 'O'],
2876,5B_3,unità di misura,ora,tempo,,2876_5B_3,['unità di misura' 'tempo' 'ora'],['unità di misura' 'tempo' 'ora'],['B-' 'B-' 'B-'],
656,2E_4,"alimento freddo, cibo, cosa, entità","torta di gelato, al cioccolato, fondente",torta,,656_2E_4,"['alimento freddo' 'cibo' 'cosa' 'entità' 'torta' 'torta di gelato'
 'al cioccolato' 'fondente']","['alimento freddo' 'cibo' 'cosa' 'entità' 'torta' 'torta di gelato'
 'al cioccolato' 'fondente']",['B-' 'B-' 'B-' 'B-' 'B-' 'B-' 'B-' 'B-'],
2220,2F_24,stato d'animo,buio,paura,,2220_2F_24,"[""stato d'animo"" 'paura' 'buio']","[""stato d'animo"" 'paura' 'buio']",['B-' 'B-' 'B-'],
352,5B_5,cosa,,mente,cosa,352_5B_5,['cosa' 'mente'],['mente'],['O' 'B-'],
1682,5D_11,"dolce, cibo",crostata,torta,,1682_5D_11,['dolce' 'cibo' 'torta' 'crostata'],['dolce' 'cibo' 'torta' 'crostata'],['B-' 'B-' 'B-' 'B-'],
40,1G_4,"sentimento, tristezza, emozione, gioia",,affetto,"tristezza, emozione, gioia",40_1G_4,['sentimento' 'tristezza' 'emozione' 'gioia' 'affetto'],['sentimento' 'affetto'],['B-' 'O' 'O' 'O' 'B-'],
631,2E_14,"lavoro, pagato","lavoratrice, aiuto anziani",badante,"pagato, lavoratrice, aiuto anziani",631_2E_14,['lavoro' 'pagato' 'badante' 'lavoratrice' 'aiuto anziani'],['lavoro' 'badante'],['B-' 'O' 'B-' 'O' 'O'],
145,1G_12,"lavoro, mestiere, specializzazione",chirurgo,medico,"mestiere, specializzazione",145_1G_12,['lavoro' 'mestiere' 'specializzazione' 'medico' 'chirurgo'],['lavoro' 'medico' 'chirurgo'],['B-' 'O' 'O' 'B-' 'B-'],
1328,5B_6,"pesce, millepiedi, piantine",,gioia,"pesce, millepiedi, piantine",1328_5B_6,['pesce' 'millepiedi' 'piantine' 'gioia'],['gioia'],['O' 'O' 'O' 'B-'],
1481,3C_10,"persona, essere vivente",professore,insegnante,,1481_3C_10,['persona' 'essere vivente' 'insegnante' 'professore'],['persona' 'essere vivente' 'insegnante' 'professore'],['B-' 'B-' 'B-' 'B-'],
726,3C_7,"lavoro, scuole, bambini, anziani",,badante,"scuole, bambini, anziani",726_3C_7,['lavoro' 'scuole' 'bambini' 'anziani' 'badante'],['lavoro' 'badante'],['B-' 'O' 'O' 'O' 'B-'],
1791,2E_10,"persona, essere vivente",oculista,medico,,1791_2E_10,['persona' 'essere vivente' 'medico' 'oculista'],['persona' 'essere vivente' 'medico' 'oculista'],['B-' 'B-' 'B-' 'B-'],
1366,1D_19,lavoro,prof,insegnante,,1366_1D_19,['lavoro' 'insegnante' 'prof'],['lavoro' 'insegnante' 'prof'],['B-' 'B-' 'B-'],
2325,5D_9,emozione,"morte, zombie, buio",paura,"zombie, buio",2325_5D_9,['emozione' 'paura' 'morte' 'zombie' 'buio'],['emozione' 'paura' 'morte'],['B-' 'B-' 'B-' 'O' 'O'],
1801,5D_18,"mezzo di trasporto, entità","ferrari, f40",automobile,,1801_5D_18,['mezzo di trasporto' 'entità' 'automobile' 'ferrari' 'f40'],['mezzo di trasporto' 'entità' 'automobile' 'ferrari' 'f40'],['B-' 'B-' 'B-' 'B-' 'B-'],
2984,2F_14,"dolce, cibo, oggetto",saker,torta,,2984_2F_14,['dolce' 'cibo' 'oggetto' 'torta' 'saker'],['dolce' 'cibo' 'oggetto' 'torta' 'saker'],['B-' 'B-' 'B-' 'B-' 'B-'],
755,5D_14,persona,"di vecchi, malati",badante,,755_5D_14,['persona' 'badante' 'badante di vecchi' 'malati'],['persona' 'badante' 'badante di vecchi' 'malati'],['B-' 'B-' 'B-' 'B-'],di vecchi|||badante di vecchi___
1581,1D_23,"alimento, cibo, entità",millefoglie,torta,,1581_1D_23,['alimento' 'cibo' 'entità' 'torta' 'millefoglie'],['alimento' 'cibo' 'entità' 'torta' 'millefoglie'],['B-' 'B-' 'B-' 'B-' 'B-'],
1364,1D_17,"lavoratore, persone, essere vivente",prof Gardenghi,insegnante,,1364_1D_17,['lavoratore' 'persone' 'essere vivente' 'insegnante' 'prof Gardenghi'],['lavoratore' 'persone' 'essere vivente' 'insegnante' 'prof Gardenghi'],['B-' 'B-' 'B-' 'B-' 'B-'],
329,3C_20,"lavoro, persona, essere vivente",,autista,"persona, essere vivente",329_3C_20,['lavoro' 'persona' 'essere vivente' 'autista'],['lavoro' 'autista'],['B-' 'O' 'O' 'B-'],
740,2E_9,"quadrupede, mammifero, animale, essere vivente, entità","marrone, fango",cavallo,fango,740_2E_9,"['quadrupede' 'mammifero' 'animale' 'essere vivente' 'entità' 'cavallo'
 'marrone' 'fango']","['quadrupede' 'mammifero' 'animale' 'essere vivente' 'entità' 'cavallo'
 'marrone']",['B-' 'B-' 'B-' 'B-' 'B-' 'B-' 'B-' 'O'],
989,2E_24,cosa,"lamborghini, huracan",automobile,,989_2E_24,['cosa' 'automobile' 'lamborghini' 'huracan'],['cosa' 'automobile' 'lamborghini' 'huracan'],['B-' 'B-' 'B-' 'B-'],
2537,1D_4,,"quello che vuoi, cosa non normale",sogno,"quello che vuoi, cosa non normale",2537_1D_4,[' sogno' 'quello che vuoi' 'cosa non normale'],[' sogno'],['B-' 'O' 'O'],
1289,3C_12,"lacrime, felicità, emozione, sentimento",,gioia,"sentimento, lacrime, felicità",1289_3C_12,['lacrime' 'felicità' 'emozione' 'sentimento' 'gioia'],['emozione' 'gioia'],['O' 'O' 'B-' 'O' 'B-'],
2858,3C_6,"passato, presente, futuro","minuto, secondo, ora",tempo,"passato, presente, futuro, secondo, ora",2858_3C_6,['passato' 'presente' 'futuro' 'tempo' 'minuto' 'secondo' 'ora'],['tempo' 'minuto'],['O' 'O' 'O' 'B-' 'B-' 'O' 'O'],
1575,1G_11,,libertà di esprimere le proprie emozioni,libertà,,1575_1G_11,[' libertà' 'libertà di esprimere le proprie emozioni'],[' libertà' 'libertà di esprimere le proprie emozioni'],['B-' 'B-'],
1871,2F_2,"alimento freddo, cibo","nutella, panna, gelato",torta,"alimento freddo, panna, gelato",1871_2F_2,['alimento freddo' 'cibo' 'torta' 'nutella' 'panna' 'gelato'],['cibo' 'torta' 'nutella'],['O' 'B-' 'B-' 'B-' 'O' 'O'],
1383,1D_11,"emozione, stato d'animo, cosa astratta",amore,affetto ,stato d'animo,1383_1D_11,"['emozione' ""stato d'animo"" 'cosa astratta' 'affetto ' 'amore']",['emozione' 'cosa astratta' 'affetto ' 'amore'],['B-' 'O' 'B-' 'B-' 'B-'],
2045,3B_18,immaginazione,pensiero,mente,"immaginazione, pensiero",2045_3B_18,['immaginazione' 'mente' 'pensiero'],['mente'],['O' 'B-' 'O'],
2044,3B_17,ragione,"cervello, emisferi",mente,"ragione, cervello, emisferi",2044_3B_17,['ragione' 'mente' 'cervello' 'emisferi'],['mente'],['O' 'B-' 'O' 'O'],
572,5B_18,"emozione, cosa astratta",paura del buio,paura,,572_5B_18,['emozione' 'cosa astratta' 'paura' 'paura del buio'],['emozione' 'cosa astratta' 'paura' 'paura del buio'],['B-' 'B-' 'B-' 'B-'],
968,1D_1,"oggetto, cosa, roba",,giocattolo,roba,968_1D_1,['oggetto' 'cosa' 'roba' 'giocattolo'],['oggetto' 'cosa' 'giocattolo'],['B-' 'B-' 'O' 'B-'],
1286,3C_1,sentimento,,gioia,,1286_3C_1,['sentimento' 'gioia'],['sentimento' 'gioia'],['B-' 'B-'],
202,1D_17,"guidatore, lavoratore, persona, essere vivente",taxista,autista,,202_1D_17,['guidatore' 'lavoratore' 'persona' 'essere vivente' 'autista' 'taxista'],['guidatore' 'lavoratore' 'persona' 'essere vivente' 'autista' 'taxista'],['B-' 'B-' 'B-' 'B-' 'B-' 'B-'],
346,5B_13,persona,un taxi,autista,,346_5B_13,['persona' 'autista' 'un taxi'],['persona' 'autista' 'un taxi'],['B-' 'B-' 'B-'],
1883,3C_23,"camice, vestito","di famiglia, veterinario",medico,"camice, vestito, veterinario",1883_3C_23,['camice' 'vestito' 'medico' 'medico di famiglia' 'veterinario'],['medico' 'medico di famiglia'],['O' 'O' 'B-' 'B-' 'O'],di famiglia|||medico di famiglia___
2465,3C_23,"sentimento, sensazione","te stessa, famiglia, sorella",rabbia,"famiglia, sorella",2465_3C_23,['sentimento' 'sensazione' 'rabbia' 'te stessa' 'famiglia' 'sorella'],['sentimento' 'sensazione' 'rabbia' 'te stessa'],['B-' 'B-' 'B-' 'B-' 'O' 'O'],
1823,5D_22,"lavoro, professione, hobby","giovane, vecchia",badante,"professione, hobby, vecchia",1823_5D_22,['lavoro' 'professione' 'hobby' 'badante' 'giovane' 'vecchia'],['lavoro' 'badante' 'giovane'],['B-' 'O' 'O' 'B-' 'B-' 'O'],
284,2F_3,"trasporto, lavoro, persona, essere vivente","taxi, giallo",autista,"trasporto, persona, essere vivente",284_2F_3,['trasporto' 'lavoro' 'persona' 'essere vivente' 'autista' 'taxi' 'giallo'],['lavoro' 'autista' 'taxi' 'giallo'],['O' 'B-' 'O' 'O' 'B-' 'B-' 'B-'],
54,1G_5,"cibo, nutrimento, alimento, entità, oggetto",marrone,cavallo,"cibo, nutrimento, alimento,  oggetto",54_1G_5,['cibo' 'nutrimento' 'alimento' 'entità' 'oggetto' 'cavallo' 'marrone'],['entità' 'oggetto' 'cavallo' 'marrone'],['O' 'O' 'O' 'B-' 'B-' 'B-' 'B-'],
1099,3C_16,,,giocattolo,,1099_3C_16,[' giocattolo'],[' giocattolo'],['B-'],
1399,1D_12,"mammifero, quadrupede, animale, essere vivente, cellule, atomi, entità","bianco, sauro",cavallo,"cellule, atomi",1399_1D_12,"['mammifero' 'quadrupede' 'animale' 'essere vivente' 'cellule' 'atomi'
 'entità' 'cavallo' 'bianco' 'sauro']","['mammifero' 'quadrupede' 'animale' 'essere vivente' 'entità' 'cavallo'
 'bianco' 'sauro']",['B-' 'B-' 'B-' 'B-' 'O' 'O' 'B-' 'B-' 'B-' 'B-'],
1194,3C_12,alimento,"tenerina, kinder bueno, gelato",torta,"kinder bueno, gelato",1194_3C_12,['alimento' 'torta' 'tenerina' 'kinder bueno' 'gelato'],['alimento' 'torta' 'tenerina'],['B-' 'B-' 'B-' 'O' 'O'],
414,5B_8,"mezzo, cosa","fiat, panda",automobile,,414_5B_8,['mezzo' 'cosa' 'automobile' 'fiat' 'panda'],['mezzo' 'cosa' 'automobile' 'fiat' 'panda'],['B-' 'B-' 'B-' 'B-' 'B-'],
977,1D_18,passatempo,orsacchiotto,giocattolo,passatempo,977_1D_18,['passatempo' 'giocattolo' 'orsacchiotto'],['giocattolo' 'orsacchiotto'],['O' 'B-' 'B-'],
298,5B_1,"pensiero, emozione, entità","altezza, piano",paura,"pensiero, piano",298_5B_1,['pensiero' 'emozione' 'entità' 'paura' 'altezza' 'piano'],['emozione' 'entità' 'paura' 'altezza'],['O' 'B-' 'B-' 'B-' 'B-' 'O'],
1980,1G_6,pensiero,"lavoramento, stanchezza, sentimento",mente,"pensiero, lavoramento, stanchezza, sentimento",1980_1G_6,['pensiero' 'mente' 'lavoramento' 'stanchezza' 'sentimento'],['mente'],['O' 'B-' 'O' 'O' 'O'],
2190,2F_24,sentimento,amore,affetto,,2190_2F_24,['sentimento' 'affetto' 'amore'],['sentimento' 'affetto' 'amore'],['B-' 'B-' 'B-'],
1872,2F_2,momento,"minuti, ore, secondo",tempo,"momento, ore, secondo",1872_2F_2,['momento' 'tempo' 'minuti' 'ore' 'secondo'],['tempo' 'minuti'],['O' 'B-' 'B-' 'O' 'O'],
2413,3C_23,"lavoro, momento",per gli anziani,badante,momento,2413_3C_23,['lavoro' 'momento' 'badante' 'badante per gli anziani'],['lavoro' 'badante' 'badante per gli anziani'],['B-' 'O' 'B-' 'B-'],per gli anziani|||badante per gli anziani___
554,5B_8, ,,automobile,,554_5B_8,[' automobile'],[' automobile'],['B-'],
1672,3B_8,diritto,,libertà,,1672_3B_8,['diritto' 'libertà'],['diritto' 'libertà'],['B-' 'B-'],
1551,1D_10,modo di essere,persone,libertà,persone,1551_1D_10,['modo di essere' 'libertà' 'persone'],['modo di essere' 'libertà'],['B-' 'B-' 'O'],
1730,5D_19,,,libertà,,1730_5D_19,[' libertà'],[' libertà'],['B-'],
1808,2E_26,"persona, lavoro","dentista, pediatra, oculista",medico,"lavoro, pediatra, oculista",1808_2E_26,['persona' 'lavoro' 'medico' 'dentista' 'pediatra' 'oculista'],['persona' 'medico' 'dentista'],['B-' 'O' 'B-' 'B-' 'O' 'O'],
2332,1D_15,"irritazione, emozione, sensazione, agitazione",,rabbia,"irritazione, agitazione",2332_1D_15,['irritazione' 'emozione' 'sensazione' 'agitazione' 'rabbia'],['emozione' 'sensazione' 'rabbia'],['O' 'B-' 'B-' 'O' 'B-'],
710,2E_7,"oggetto, entità","giochi in scatola, monopoly, tabellone",giocattolo,tabellone,710_2E_7,"['oggetto' 'entità' 'giocattolo' 'giochi in scatola' 'monopoly'
 'tabellone']",['oggetto' 'entità' 'giocattolo' 'giochi in scatola' 'monopoly'],['B-' 'B-' 'B-' 'B-' 'B-' 'O'],
2421,3C_24,"pensiero, tormenta","scientifica, matematica, geometrica",mente,"pensiero, tormenta, matematica, geometrica",2421_3C_24,['pensiero' 'tormenta' 'mente' 'scientifica' 'matematica' 'geometrica'],['mente' 'scientifica'],['O' 'O' 'B-' 'B-' 'O' 'O'],
36,1G_21,"sentimento, emozione","abbraccio, ringraziamento",affetto,"emozione, abbraccio, ringraziamento",36_1G_21,['sentimento' 'emozione' 'affetto' 'abbraccio' 'ringraziamento'],['sentimento' 'affetto'],['B-' 'O' 'B-' 'O' 'O'],
2084,3C_7,"cervello, intelligenza, tessuto connettivo, organo",,mente,"cervello, intelligenza, tessuto connettivo, organo",2084_3C_7,['cervello' 'intelligenza' 'tessuto connettivo' 'organo' 'mente'],['mente'],['O' 'O' 'O' 'O' 'B-'],
875,2E_17,"emozione, sentimento, benevolente",,gioia,"sentimento, benevolente",875_2E_17,['emozione' 'sentimento' 'benevolente' 'gioia'],['emozione' 'gioia'],['B-' 'O' 'O' 'B-'],
589,5B_19,"animale, essere vivente","pony, trilly",cavallo,,589_5B_19,['animale' 'essere vivente' 'cavallo' 'pony' 'trilly'],['animale' 'essere vivente' 'cavallo' 'pony' 'trilly'],['B-' 'B-' 'B-' 'B-' 'B-'],
302,3B_2,"trasportatore, persona",,autista,,302_3B_2,['trasportatore' 'persona' 'autista'],['trasportatore' 'persona' 'autista'],['B-' 'B-' 'B-'],
548,5B_17,"emozione, sentimento",euforia,gioia,sentimento,548_5B_17,['emozione' 'sentimento' 'gioia' 'euforia'],['emozione' 'gioia' 'euforia'],['B-' 'O' 'B-' 'B-'],
1877,3C_18,"lavoro, modo per fare soldi",pediatra,medico,modo per fare soldi,1877_3C_18,['lavoro' 'modo per fare soldi' 'medico' 'pediatra'],['lavoro' 'medico' 'pediatra'],['B-' 'O' 'B-' 'B-'],
2502,5D_15,"emozione, furia",io,rabbia,"furia, io",2502_5D_15,['emozione' 'furia' 'rabbia' 'io'],['emozione' 'rabbia'],['B-' 'O' 'B-' 'O'],
611,1G_17,"persona, essere vivente, essere umano, cellule, atomi",maria,badante,"essere umano, cellule, atomi",611_1G_17,"['persona' 'essere vivente' 'essere umano' 'cellule' 'atomi' 'badante'
 'maria']",['persona' 'essere vivente' 'badante' 'maria'],['B-' 'B-' 'O' 'O' 'O' 'B-' 'B-'],
466,5B_12,"amore, cosa astratta",bacio ,affetto,"amore, bacio ",466_5B_12,['amore' 'cosa astratta' 'affetto' 'bacio'],['cosa astratta' 'affetto' 'bacio'],['O' 'B-' 'B-' 'B-'],
1116,3C_9,"oggetto, materiale","gioco di plastica, plastica",giocattolo,"materiale, plastica",1116_3C_9,['oggetto' 'materiale' 'giocattolo' 'gioco di plastica' 'plastica'],['oggetto' 'giocattolo' 'gioco di plastica'],['B-' 'O' 'B-' 'B-' 'O'],
1112,3C_5,,"bambola, barbie, sirena",giocattolo,,1112_3C_5,[' giocattolo' 'bambola' 'barbie' 'sirena'],[' giocattolo' 'bambola' 'barbie' 'sirena'],['B-' 'B-' 'B-' 'B-'],
1135,5B_7,"oggetto, cosa, non vivente","console, nintendo switch",giocattolo,,1135_5B_7,['oggetto' 'cosa' 'non vivente' 'giocattolo' 'console' 'nintendo switch'],['oggetto' 'cosa' 'non vivente' 'giocattolo' 'console' 'nintendo switch'],['B-' 'B-' 'B-' 'B-' 'B-' 'B-'],
2872,5B_19,infinito,"scorre, orologio",tempo,"infinito, scorre, orologio",2872_5B_19,['infinito' 'tempo' 'scorre' 'orologio'],['tempo'],['O' 'B-' 'O' 'O'],
718,3C_22,"persona, essere vivente","vecchi, nonni, parenti",badante,parenti,718_3C_22,['persona' 'essere vivente' 'badante' 'vecchi' 'nonni' 'parenti'],['persona' 'essere vivente' 'badante' 'vecchi' 'nonni'],['B-' 'B-' 'B-' 'B-' 'B-' 'O'],
1560,1D_19,,di parola,libertà,,1560_1D_19,[' libertà' ' libertà di parola'],[' libertà' ' libertà di parola'],['B-' 'B-'],di parola||| libertà di parola___
297,5B_1,"misurazione, cosa geometrica, entità",8 e 30,tempo,cosa geometrica,297_5B_1,['misurazione' 'cosa geometrica' 'entità' 'tempo' '8 e 30'],['misurazione' 'entità' 'tempo' '8 e 30'],['B-' 'O' 'B-' 'B-' 'B-'],
2304,5D_11,sentimento,brividi,paura,brividi,2304_5D_11,['sentimento' 'paura' 'brividi'],['sentimento' 'paura'],['B-' 'B-' 'O'],
883,3B_2,"mammifero, animale, essere vivente",,cavallo,,883_3B_2,['mammifero' 'animale' 'essere vivente' 'cavallo'],['mammifero' 'animale' 'essere vivente' 'cavallo'],['B-' 'B-' 'B-' 'B-'],
439,2E_15,"motore, olio, benzina, elettricità, ruote",,automobile,"motore, olio, benzina, elettricità, ruote",439_2E_15,['motore' 'olio' 'benzina' 'elettricità' 'ruote' 'automobile'],['automobile'],['O' 'O' 'O' 'O' 'O' 'B-'],
662,2F_19,lavoro,"nonna, zuppa",badante,zuppa,662_2F_19,['lavoro' 'badante' 'nonna' 'zuppa'],['lavoro' 'badante' 'nonna'],['B-' 'B-' 'B-' 'O'],
2065,3C_12,"cervello, sistema nervoso","vr, pensiero",mente,"cervello, sistema nervoso, vr, pensiero",2065_3C_12,['cervello' 'sistema nervoso' 'mente' 'vr' 'pensiero'],['mente'],['O' 'O' 'B-' 'O' 'O'],
737,2E_9,"vita, cosa astratta","giorni, minuti, secondi",tempo,"vita, minuti, secondi",737_2E_9,['vita' 'cosa astratta' 'tempo' 'giorni' 'minuti' 'secondi'],['cosa astratta' 'tempo' 'giorni'],['O' 'B-' 'B-' 'B-' 'O' 'O'],
2867,5B_14,clima,"nuvoloso, nuvole",tempo,nuvole,2867_5B_14,['clima' 'tempo' 'nuvoloso' 'nuvole'],['clima' 'tempo' 'nuvoloso'],['B-' 'B-' 'B-' 'O'],
2001,2F_11,cosa astratta,,mente,,2001_2F_11,['cosa astratta' 'mente'],['cosa astratta' 'mente'],['B-' 'B-'],
1422,1D_13,"lavoro, persona","prof. di matematica, prof. di geometria",insegnante,persona,1422_1D_13,"['lavoro' 'persona' 'insegnante' 'prof. di matematica'
 'prof. di geometria']",['lavoro' 'insegnante' 'prof. di matematica' 'prof. di geometria'],['B-' 'O' 'B-' 'B-' 'B-'],
297,3B_15,"uomo, mammifero, essere vivente",capotreno,autista,,297_3B_15,['uomo' 'mammifero' 'essere vivente' 'autista' 'capotreno'],['uomo' 'mammifero' 'essere vivente' 'autista' 'capotreno'],['B-' 'B-' 'B-' 'B-' 'B-'],
2270,3C_15,"professione, occupazione",neurologo,medico,,2270_3C_15,['professione' 'occupazione' 'medico' 'neurologo'],['professione' 'occupazione' 'medico' 'neurologo'],['B-' 'B-' 'B-' 'B-'],
1906,5B_21,"persona, essere vivente",,medico,,1906_5B_21,['persona' 'essere vivente' 'medico'],['persona' 'essere vivente' 'medico'],['B-' 'B-' 'B-'],
1698,5D_12,"emozione, entità",felicità,gioia,felicità,1698_5D_12,['emozione' 'entità' 'gioia' 'felicità'],['emozione' 'entità' 'gioia'],['B-' 'B-' 'B-' 'O'],
674,2E_5,"divertimento, azione, entità",trenino,giocattolo,"divertimento, azione",674_2E_5,['divertimento' 'azione' 'entità' 'giocattolo' 'trenino'],['entità' 'giocattolo' 'trenino'],['O' 'O' 'B-' 'B-' 'B-'],
1792,2E_11,"persona, essere vivente, mammifero, aiuta, pastiglia",medicina,medico,"mammifero, aiuta, pastiglia, medicina",1792_2E_11,"['persona' 'essere vivente' 'mammifero' 'aiuta' 'pastiglia' 'medico'
 'medicina']",['persona' 'essere vivente' 'medico'],['B-' 'B-' 'O' 'O' 'O' 'B-' 'O'],
1887,3C_4,"laureato, ex studente universitario, ex studente superiori, ex studente medie, ex studente elementari, ex studente materne","ortopedico, persone, agglomerato di atomi",medico,"ex studente universitario, ex studente superiori, ex studente medie, ex studente elementari, ex studente materne, persone, agglomerato di atomi",1887_3C_4,"['laureato' 'ex studente universitario' 'ex studente superiori'
 'ex studente medie' 'ex studente elementari' 'ex studente materne'
 'medico' 'ortopedico' 'persone' 'agglomerato di atomi']",['laureato' 'medico' 'ortopedico'],['B-' 'O' 'O' 'O' 'O' 'O' 'B-' 'B-' 'O' 'O'],
122,1G_9,"unità di misura temporale, unità di misura, unità",ora,tempo,,122_1G_9,['unità di misura temporale' 'unità di misura' 'unità' 'tempo' 'ora'],['unità di misura temporale' 'unità di misura' 'unità' 'tempo' 'ora'],['B-' 'B-' 'B-' 'B-' 'B-'],
2318,5D_24,"emozione, sentimento",spavento,paura,sentimento,2318_5D_24,['emozione' 'sentimento' 'paura' 'spavento'],['emozione' 'paura' 'spavento'],['B-' 'O' 'B-' 'B-'],
1363,1D_10,"mezzo di trasporto, macchina, marchingegno",toyota,automobile,macchina,1363_1D_10,['mezzo di trasporto' 'macchina' 'marchingegno' 'automobile' 'toyota'],['mezzo di trasporto' 'marchingegno' 'automobile' 'toyota'],['B-' 'O' 'B-' 'B-' 'B-'],
1375,1D_6,"lavoro, scuola, persone","materie, matematica",insegnante,"scuola, persone",1375_1D_6,['lavoro' 'scuola' 'persone' 'insegnante' 'materie' 'matematica'],['lavoro' 'insegnante' 'materie' 'matematica'],['B-' 'O' 'O' 'B-' 'B-' 'B-'],
106,1G_8,"mammifero, animale a quattro zampe, animale, essere vivente, entità",pony,cavallo,,106_1G_8,"['mammifero' 'animale a quattro zampe' 'animale' 'essere vivente' 'entità'
 'cavallo' 'pony']","['mammifero' 'animale a quattro zampe' 'animale' 'essere vivente' 'entità'
 'cavallo' 'pony']",['B-' 'B-' 'B-' 'B-' 'B-' 'B-' 'B-'],
111,3B_21,sentimento,,affetto,,111_3B_21,['sentimento' 'affetto'],['sentimento' 'affetto'],['B-' 'B-'],
358,5B_5,"genio, persona intelligente",astratto,autista,"genio, persona intelligente, astratto",358_5B_5,['genio' 'persona intelligente' 'autista' 'astratto'],['autista'],['O' 'O' 'B-' 'O'],
631,2E_2,"sensazione, emozione, cosa astratta, entità","gatto, siamese",gioia,"emozione, gatto, siamese",631_2E_2,"['sensazione' 'emozione' 'cosa astratta' 'entità' 'gioia' 'gatto'
 'siamese']",['sensazione' 'cosa astratta' 'entità' 'gioia'],['B-' 'O' 'B-' 'B-' 'B-' 'O' 'O'],
3000,2F_5,"dolce, cibo, alimento","torta al gelato, torta al cioccolato, torta al limone",torta,"torta al cioccolato, torta al limone",3000_2F_5,"['dolce' 'cibo' 'alimento' 'torta' 'torta al gelato' 'torta al cioccolato'
 'torta al limone']",['dolce' 'cibo' 'alimento' 'torta' 'torta al gelato'],['B-' 'B-' 'B-' 'B-' 'B-' 'O' 'O'],
2586,2E_4,"non reale, mente, notte, strano, sentimento","fantasia, desiderio",sogno,"non reale, notte, strano, sentimento, fantasia, desiderio",2586_2E_4,"['non reale' 'mente' 'notte' 'strano' 'sentimento' 'sogno' 'fantasia'
 'desiderio']",['mente' 'sogno'],['O' 'B-' 'O' 'O' 'O' 'B-' 'O' 'O'],
1348,5D_24,"sentimento, emozione",felicità,gioia,"emozione, felicità",1348_5D_24,['sentimento' 'emozione' 'gioia' 'felicità'],['sentimento' 'gioia'],['B-' 'O' 'B-' 'O'],
117,1G_9,"sentimento positivo, emozione, cosa astratta",di mente,libertà,"sentimento positivo, emozione",117_1G_9,"['sentimento positivo' 'emozione' 'cosa astratta' 'libertà'
 'libertà di mente']",['cosa astratta' 'libertà' 'libertà di mente'],['O' 'O' 'B-' 'B-' 'B-'],di mente|||libertà di mente___
1832,2F_24,dottore,pediatra,medico,dottore,1832_2F_24,['dottore' 'medico' 'pediatra'],['medico' 'pediatra'],['O' 'B-' 'B-'],
1711,5B_20,diritto,,libertà,,1711_5B_20,['diritto' 'libertà'],['diritto' 'libertà'],['B-' 'B-'],
1091,3B_9,"utensile, oggetto",peluche,giocattolo,utensile,1091_3B_9,['utensile' 'oggetto' 'giocattolo' 'peluche'],['oggetto' 'giocattolo' 'peluche'],['O' 'B-' 'B-' 'B-'],
1939,1D_10,"cervello, organo, corpo, essere vivente",pensiero,mente,"cervello, organo, corpo, essere vivente, pensiero",1939_1D_10,['cervello' 'organo' 'corpo' 'essere vivente' 'mente' 'pensiero'],['mente'],['O' 'O' 'O' 'O' 'B-' 'O'],
549,5B_3,"mezzo di trasporto, tecnologia, trasporti presso privati","taxi, ferrari, lamborghini",automobile,"tecnologia, trasporti presso privati, ferrari, lamborghini",549_5B_3,"['mezzo di trasporto' 'tecnologia' 'trasporti presso privati' 'automobile'
 'taxi' 'ferrari' 'lamborghini']",['mezzo di trasporto' 'automobile' 'taxi'],['B-' 'O' 'O' 'B-' 'B-' 'O' 'O'],
1532,1D_20,"consolidazione, cosa astratta",abbraccio,affetto,"consolidazione, abbraccio",1532_1D_20,['consolidazione' 'cosa astratta' 'affetto' 'abbraccio'],['cosa astratta' 'affetto'],['O' 'B-' 'B-' 'O'],
1507,1D_19,"emozione, stato d'animo",spropositata,gioia,stato d'animo,1507_1D_19,"['emozione' ""stato d'animo"" 'gioia' 'spropositata']",['emozione' 'gioia' 'spropositata'],['B-' 'O' 'B-' 'B-'],
1192,1G_16,sentimento,felicità,gioia,felicità,1192_1G_16,['sentimento' 'gioia' 'felicità'],['sentimento' 'gioia'],['B-' 'B-' 'O'],
1308,1D_6,"emozione, sentimento, mentalità, cosa astratta",rabbia perché si è rotta la penna,rabbia,"sentimento, mentalità, rabbia perché si è rotta la penna",1308_1D_6,"['emozione' 'sentimento' 'mentalità' 'cosa astratta' 'rabbia'
 'rabbia perché si è rotta la penna']",['emozione' 'cosa astratta' 'rabbia'],['B-' 'O' 'O' 'B-' 'B-' 'O'],
1907,2F_4,"sentimento, emozione, cosa astratta","aracnofobia, tarantola fobia",paura,"emozione, tarantola fobia",1907_2F_4,"['sentimento' 'emozione' 'cosa astratta' 'paura' 'aracnofobia'
 'tarantola fobia']",['sentimento' 'cosa astratta' 'paura' 'aracnofobia'],['B-' 'O' 'B-' 'B-' 'B-' 'O'],
1274,3B_22,"emozione, sentimento",,gioia,sentimento,1274_3B_22,['emozione' 'sentimento' 'gioia'],['emozione' 'gioia'],['B-' 'O' 'B-'],
839,2E_15,"oggetto per bambini, cosa, entità","nerf, nerf ultra, nerf ultra 2.0 commander",giocattolo,,839_2E_15,"['oggetto per bambini' 'cosa' 'entità' 'giocattolo' 'nerf' 'nerf ultra'
 'nerf ultra 2.0 commander']","['oggetto per bambini' 'cosa' 'entità' 'giocattolo' 'nerf' 'nerf ultra'
 'nerf ultra 2.0 commander']",['B-' 'B-' 'B-' 'B-' 'B-' 'B-' 'B-'],
103,3B_14,"emozione, sensazione, sentimento","film, clown, it",affetto,"sentimento, film, clown, it",103_3B_14,['emozione' 'sensazione' 'sentimento' 'affetto' 'film' 'clown' 'it'],['emozione' 'sensazione' 'affetto'],['B-' 'B-' 'O' 'B-' 'O' 'O' 'O'],
537,5B_16,"oggetto, concetto concreto, entità","peluche, squischi malon (marca), rubble tea (forma), emy",giocattolo,,537_5B_16,"['oggetto' 'concetto concreto' 'entità' 'giocattolo' 'peluche'
 'squischi malon (marca)' 'rubble tea (forma)' 'emy']","['oggetto' 'concetto concreto' 'entità' 'giocattolo' 'peluche'
 'squischi malon (marca)' 'rubble tea (forma)' 'emy']",['B-' 'B-' 'B-' 'B-' 'B-' 'B-' 'B-' 'B-'],
1966,2F_9,"lavoratore, persona, mammifero, essere vivente, entità","taxista, taxista personale",autista,,1966_2F_9,"['lavoratore' 'persona' 'mammifero' 'essere vivente' 'entità' 'autista'
 'taxista' 'taxista personale']","['lavoratore' 'persona' 'mammifero' 'essere vivente' 'entità' 'autista'
 'taxista' 'taxista personale']",['B-' 'B-' 'B-' 'B-' 'B-' 'B-' 'B-' 'B-'],
1739,5D_14,"cibo, pietanza","al cioccolato, al cioccolato al latte",torta,pietanza,1739_5D_14,['cibo' 'pietanza' 'torta' 'al cioccolato' 'al cioccolato al latte'],['cibo' 'torta' 'al cioccolato' 'al cioccolato al latte'],['B-' 'O' 'B-' 'B-' 'B-'],
2091,5B_13,cervello,"memoria, passato",mente,"cervello, memoria, passato",2091_5B_13,['cervello' 'mente' 'memoria' 'passato'],['mente'],['O' 'B-' 'O' 'O'],
887,2E_18,"virus, malattia, disturbo, entità",rabbia dei cani,rabbia,disturbo,887_2E_18,['virus' 'malattia' 'disturbo' 'entità' 'rabbia' 'rabbia dei cani'],['virus' 'malattia' 'entità' 'rabbia' 'rabbia dei cani'],['B-' 'B-' 'O' 'B-' 'B-' 'B-'],
63,2E_25,"calore, sensazione, emozione",abbraccio,affetto,"emozione, calore, abbraccio",63_2E_25,['calore' 'sensazione' 'emozione' 'affetto' 'abbraccio'],['sensazione' 'affetto'],['O' 'B-' 'O' 'B-' 'O'],
1185,3C_12,unità di misura,,tempo,,1185_3C_12,['unità di misura' 'tempo'],['unità di misura' 'tempo'],['B-' 'B-'],
731,5B_11,persona,babysitter,badante,babysitter,731_5B_11,['persona' 'badante' 'babysitter'],['persona' 'badante'],['B-' 'B-' 'O'],
2148,2F_21,"sentimento, emozione",,rabbia,emozione,2148_2F_21,['sentimento' 'emozione' 'rabbia'],['sentimento' 'rabbia'],['B-' 'O' 'B-'],
834,2E_22,"animale, mammifero, essere vivente","pony, me ne vado",cavallo,"mammifero, me ne vado",834_2E_22,['animale' 'mammifero' 'essere vivente' 'cavallo' 'pony' 'me ne vado'],['animale' 'essere vivente' 'cavallo' 'pony'],['B-' 'O' 'B-' 'B-' 'B-' 'O'],
2804,2F_26,"orologio, lancette",,tempo,"orologio, lancette",2804_2F_26,['orologio' 'lancette' 'tempo'],['tempo'],['O' 'O' 'B-'],
2192,2E_22,,,paura,,2192_2E_22,[' paura'],[' paura'],['B-'],
2445,3C_25,fattoria,animale,cavallo,"fattoria, animale",2445_3C_25,['fattoria' 'cavallo' 'animale'],['cavallo'],['O' 'B-' 'O'],
2920,1D_21,"pasticciere, dolce, cibo",mele,torta,pasticciere,2920_1D_21,['pasticciere' 'dolce' 'cibo' 'torta' 'mele'],['dolce' 'cibo' 'torta' 'mele'],['O' 'B-' 'B-' 'B-' 'B-'],
1503,1D_19,"animale, mammifero, essere vivente, entità, erbivoro, vertebrato","sauro, baio, grigio",cavallo,"mammifero, erbivoro, vertebrato, baio",1503_1D_19,"['animale' 'mammifero' 'essere vivente' 'entità' 'erbivoro' 'vertebrato'
 'cavallo' 'sauro' 'baio' 'grigio']",['animale' 'essere vivente' 'entità' 'cavallo' 'sauro' 'grigio'],['B-' 'O' 'B-' 'B-' 'O' 'O' 'B-' 'B-' 'O' 'B-'],
384,5D_7,persona,,autista,,384_5D_7,['persona' 'autista'],['persona' 'autista'],['B-' 'B-'],
2910,1D_12,"farina, uova, zucchero a velo, cioccolato, glassa, zucchero","carote, cioccolato, gelato",torta,"farina, uova, zucchero a velo, cioccolato, glassa, zucchero, cioccolato, gelato",2910_1D_12,"['farina' 'uova' 'zucchero a velo' 'cioccolato' 'glassa' 'zucchero'
 'torta' 'carote' 'cioccolato' 'gelato']",['torta' 'carote'],['O' 'O' 'O' 'O' 'O' 'O' 'B-' 'B-' 'O' 'O'],
1321,5B_19,"emozione, bella, cosa astratta",euforia,gioia,bella,1321_5B_19,['emozione' 'bella' 'cosa astratta' 'gioia' 'euforia'],['emozione' 'cosa astratta' 'gioia' 'euforia'],['B-' 'O' 'B-' 'B-' 'B-'],
2817,3B_14,,,tempo,,2817_3B_14,[' tempo'],[' tempo'],['B-'],
580,1D_1,"aiutante, lavoro",,badante,,580_1D_1,['aiutante' 'lavoro' 'badante'],['aiutante' 'lavoro' 'badante'],['B-' 'B-' 'B-'],
2356,1G_16,furia,,rabbia,furia,2356_1G_16,['furia' 'rabbia'],['rabbia'],['O' 'B-'],
150,5B_10,sentimento,abbraccio,affetto,abbraccio,150_5B_10,['sentimento' 'affetto' 'abbraccio'],['sentimento' 'affetto'],['B-' 'B-' 'O'],
1367,1D_10,"mestiere, lavoro, guadagno",badante degli anziani,badante,guadagno,1367_1D_10,['mestiere' 'lavoro' 'guadagno' 'badante' 'badante degli anziani'],['mestiere' 'lavoro' 'badante' 'badante degli anziani'],['B-' 'B-' 'O' 'B-' 'B-'],
1929,5D_23,,,medico,,1929_5D_23,[' medico'],[' medico'],['B-'],
218,1G_10,"guida, macchina, veicolo, mezzo di trasporto","personale, storia, gli egizi",autista,"guida, macchina, veicolo, mezzo di trasporto, storia, gli egizi",218_1G_10,"['guida' 'macchina' 'veicolo' 'mezzo di trasporto' 'autista' 'personale'
 'storia' 'gli egizi']",['autista' 'personale'],['O' 'O' 'O' 'O' 'B-' 'B-' 'O' 'O'],
1728,5D_14,"pensiero, entità",,gioia,pensiero,1728_5D_14,['pensiero' 'entità' 'gioia'],['entità' 'gioia'],['O' 'B-' 'B-'],
2491,5B_5,sentimento,astratto,rabbia,astratto,2491_5B_5,['sentimento' 'rabbia' 'astratto'],['sentimento' 'rabbia'],['B-' 'B-' 'O'],
2790,2F_13,tempo meteorologico,"pioggia, vento, nuvole",tempo,"tempo meteorologico, vento, nuvole",2790_2F_13,['tempo meteorologico' 'tempo' 'pioggia' 'vento' 'nuvole'],['tempo' 'pioggia'],['O' 'B-' 'B-' 'O' 'O'],
1893,2F_3,"veicolo a 4 ruote, veicolo, artefatto, oggetto, cosa","taxi, taxi giallo",automobile,,1893_2F_3,"['veicolo a 4 ruote' 'veicolo' 'artefatto' 'oggetto' 'cosa' 'automobile'
 'taxi' 'taxi giallo']","['veicolo a 4 ruote' 'veicolo' 'artefatto' 'oggetto' 'cosa' 'automobile'
 'taxi' 'taxi giallo']",['B-' 'B-' 'B-' 'B-' 'B-' 'B-' 'B-' 'B-'],
2118,5D_19,,,mente,,2118_5D_19,[' mente'],[' mente'],['B-'],
1389,1G_19,"istruzione, intelligenza",italiano,insegnante,"istruzione, intelligenza",1389_1G_19,['istruzione' 'intelligenza' 'insegnante' 'italiano'],['insegnante' 'italiano'],['O' 'O' 'B-' 'B-'],
1830,2F_22,"uomo, persona, essere vivente",salva vita,medico,salva vita,1830_2F_22,['uomo' 'persona' 'essere vivente' 'medico' 'salva vita'],['uomo' 'persona' 'essere vivente' 'medico'],['B-' 'B-' 'B-' 'B-' 'O'],
1841,5D_23,entità,bmw,automobile,,1841_5D_23,['entità' 'automobile' 'bmw'],['entità' 'automobile' 'bmw'],['B-' 'B-' 'B-'],
2365,1G_3,"emozione, sentimento","suidicio, morte, tristezza",rabbia,"sentimento, suidicio, morte, tristezza",2365_1G_3,['emozione' 'sentimento' 'rabbia' 'suidicio' 'morte' 'tristezza'],['emozione' 'rabbia'],['B-' 'O' 'B-' 'O' 'O' 'O'],
1200,1G_23,sentimento,felicità,gioia,felicità,1200_1G_23,['sentimento' 'gioia' 'felicità'],['sentimento' 'gioia'],['B-' 'B-' 'O'],
2499,5D_12,"pensiero, emozione, sentimento","difficoltà, perdere controllo",rabbia,"pensiero, sentimento, difficoltà, perdere controllo",2499_5D_12,"['pensiero' 'emozione' 'sentimento' 'rabbia' 'difficoltà'
 'perdere controllo']",['emozione' 'rabbia'],['O' 'B-' 'O' 'B-' 'O' 'O'],
41,1G_4,"inside out, film, cinema, locale, città, paese, mondo, universo",non io,gioia,"inside out, film, cinema, locale, città, paese, mondo, universo, non io",41_1G_4,"['inside out' 'film' 'cinema' 'locale' 'città' 'paese' 'mondo' 'universo'
 'gioia' 'non io']",['gioia'],['O' 'O' 'O' 'O' 'O' 'O' 'O' 'O' 'B-' 'O'],
2793,2F_16,"orologio, dondolo","ora, minuto, secondo",tempo,"orologio, dondolo, minuto, secondo",2793_2F_16,['orologio' 'dondolo' 'tempo' 'ora' 'minuto' 'secondo'],['tempo' 'ora'],['O' 'O' 'B-' 'B-' 'O' 'O'],
1077,3B_2,oggetto,,giocattolo,,1077_3B_2,['oggetto' 'giocattolo'],['oggetto' 'giocattolo'],['B-' 'B-'],
562,5B_18,"mestiere, azione, cosa che si studia in italiano, noia, sentimento, cosa astratta, cosa",taxista ,autista,"cosa che si studia in italiano, noia, sentimento, cosa",562_5B_18,"['mestiere' 'azione' 'cosa che si studia in italiano' 'noia' 'sentimento'
 'cosa astratta' 'cosa' 'autista' 'taxista']",['mestiere' 'azione' 'cosa astratta' 'autista' 'taxista'],['B-' 'B-' 'O' 'O' 'O' 'B-' 'O' 'B-' 'B-'],
2052,2F_14,"oggetto, entità",ferrari,automobile,,2052_2F_14,['oggetto' 'entità' 'automobile' 'ferrari'],['oggetto' 'entità' 'automobile' 'ferrari'],['B-' 'B-' 'B-' 'B-'],
1610,5D_3,pensiero,,sogno,,1610_5D_3,['pensiero' 'sogno'],['pensiero' 'sogno'],['B-' 'B-'],
1355,5D_9,emozione,,gioia,,1355_5D_9,['emozione' 'gioia'],['emozione' 'gioia'],['B-' 'B-'],
820,2E_1,"animale, essere vivente, sella, cavalcare",pony,cavallo,"sella, cavalcare",820_2E_1,['animale' 'essere vivente' 'sella' 'cavalcare' 'cavallo' 'pony'],['animale' 'essere vivente' 'cavallo' 'pony'],['B-' 'B-' 'O' 'O' 'B-' 'B-'],
1819,5D_21,entià,tempo meteorologico,tempo,,1819_5D_21,['entià' 'tempo' 'tempo meteorologico'],['entià' 'tempo' 'tempo meteorologico'],['B-' 'B-' 'B-'],
1311,1D_7,immaginazione,incubo,sogno,,1311_1D_7,['immaginazione' 'sogno' 'incubo'],['immaginazione' 'sogno' 'incubo'],['B-' 'B-' 'B-'],
1153,3C_10,sensazione,libertà di scelta,libertà,,1153_3C_10,['sensazione' 'libertà' 'libertà di scelta'],['sensazione' 'libertà' 'libertà di scelta'],['B-' 'B-' 'B-'],
1742,5D_8,emozione,"libertà di ricreazione, libertà di culto, libertà di esprimersi",libertà,"emozione, libertà di ricreazione, libertà di esprimersi",1742_5D_8,"['emozione' 'libertà' 'libertà di ricreazione' 'libertà di culto'
 'libertà di esprimersi']",['libertà' 'libertà di culto'],['O' 'B-' 'O' 'B-' 'O'],
1017,2E_12,"passatempo, oggetto","da bambino, trenino",giocattolo,passatempo,1017_2E_12,['passatempo' 'oggetto' 'giocattolo' 'giocattolo da bambino' 'trenino'],['oggetto' 'giocattolo' 'giocattolo da bambino' 'trenino'],['O' 'B-' 'B-' 'B-' 'B-'],da bambino|||giocattolo da bambino___
1880,2F_2,"emozione, sentimento","essere bocciato, essere sospeso",paura,"sentimento, essere bocciato, essere sospeso",1880_2F_2,['emozione' 'sentimento' 'paura' 'essere bocciato' 'essere sospeso'],['emozione' 'paura'],['B-' 'O' 'B-' 'O' 'O'],
2053,3B_25,,"cervello, organo",mente,"cervello, organo",2053_3B_25,[' mente' 'cervello' 'organo'],[' mente'],['B-' 'O' 'O'],
1891,3C_8,"lavoro, azione, movimento","chirurgo, veterinario",medico,"movimento, veterinario",1891_3C_8,['lavoro' 'azione' 'movimento' 'medico' 'chirurgo' 'veterinario'],['lavoro' 'azione' 'medico' 'chirurgo'],['B-' 'B-' 'O' 'B-' 'B-' 'O'],
334,3C_25,,"bus, mezzo di trasporto",autista,mezzo di trasporto,334_3C_25,[' autista' 'bus' 'mezzo di trasporto'],[' autista' 'bus'],['B-' 'B-' 'O'],
1131,5B_3,"fonte di divertimento, cosa","barbie, lol",giocattolo,fonte di divertimento,1131_5B_3,['fonte di divertimento' 'cosa' 'giocattolo' 'barbie' 'lol'],['cosa' 'giocattolo' 'barbie' 'lol'],['O' 'B-' 'B-' 'B-' 'B-'],
870,2F_8,"essere vivente, animale, mammifero","cavallo nero, cavallo bianco, cavallo marrone",cavallo,"animale, mammifero, cavallo bianco, cavallo marrone",870_2F_8,"['essere vivente' 'animale' 'mammifero' 'cavallo' 'cavallo nero'
 'cavallo bianco' 'cavallo marrone']",['essere vivente' 'cavallo' 'cavallo nero'],['B-' 'O' 'O' 'B-' 'B-' 'O' 'O'],
2816,3B_13,"presente, futuro, passato",giorno,tempo,"presente, futuro, passato",2816_3B_13,['presente' 'futuro' 'passato' 'tempo' 'giorno'],['tempo' 'giorno'],['O' 'O' 'O' 'B-' 'B-'],
1918,5D_13,persona,,medico,,1918_5D_13,['persona' 'medico'],['persona' 'medico'],['B-' 'B-'],
2039,3B_12,,,mente,,2039_3B_12,[' mente'],[' mente'],['B-'],
600,1D_7,"professione, prendersi cura",,badante,prendersi cura,600_1D_7,['professione' 'prendersi cura' 'badante'],['professione' 'badante'],['B-' 'O' 'B-'],
2280,3C_9,"emozione, sentimento",paura,paura,"sentimento, paura",2280_3C_9,['emozione' 'sentimento' 'paura' 'paura'],['emozione' 'paura' 'paura'],['B-' 'O' 'B-' 'B-'],
13,1G_2,"sensazione, cosa astratta, entità",statua della libertà,libertà,statua della libertà,13_1G_2,['sensazione' 'cosa astratta' 'entità' 'libertà' 'statua della libertà'],['sensazione' 'cosa astratta' 'entità' 'libertà'],['B-' 'B-' 'B-' 'B-' 'O'],
596,5B_21,"emozione, pensiero, cosa, entità","paura delle verifiche, di matematica",paura,"pensiero, cosa, paura delle verifiche, di matematica",596_5B_21,"['emozione' 'pensiero' 'cosa' 'entità' 'paura' 'paura delle verifiche'
 'paura delle verifiche di matematica']",['emozione' 'entità' 'paura'],['B-' 'O' 'O' 'B-' 'B-' 'O' 'O'],di matematica|||paura delle verifiche di matematica___
2165,2F_22,"sentimento, emozione",terrore,paura,emozione,2165_2F_22,['sentimento' 'emozione' 'paura' 'terrore'],['sentimento' 'paura' 'terrore'],['B-' 'O' 'B-' 'B-'],
2029,2F_12,cronometro,"1 minuto, 1 minuto e 30 secondi",tempo,"cronometro, 1 minuto e 30 secondi",2029_2F_12,['cronometro' 'tempo' '1 minuto' '1 minuto e 30 secondi'],['tempo' '1 minuto'],['O' 'B-' 'B-' 'O'],
1620,2E_8,"basket, gaming, moto, emozione",,libertà,"basket, gaming, moto, emozione",1620_2E_8,['basket' 'gaming' 'moto' 'emozione' 'libertà'],['libertà'],['O' 'O' 'O' 'O' 'B-'],
222,1G_19,"animale, mammifero, essere vivente, abitante della terra",stallone,cavallo,mammifero,222_1G_19,"['animale' 'mammifero' 'essere vivente' 'abitante della terra' 'cavallo'
 'stallone']",['animale' 'essere vivente' 'abitante della terra' 'cavallo' 'stallone'],['B-' 'O' 'B-' 'B-' 'B-' 'B-'],
1223,1D_1,"mezzo di trasporto, veicolo, oggetto","nissan gtr, nissan 360",automobile,veicolo,1223_1D_1,"['mezzo di trasporto' 'veicolo' 'oggetto' 'automobile' 'nissan gtr'
 'nissan 360']",['mezzo di trasporto' 'oggetto' 'automobile' 'nissan gtr' 'nissan 360'],['B-' 'O' 'B-' 'B-' 'B-' 'B-'],
2026,2F_24,testa,,mente,testa,2026_2F_24,['testa' 'mente'],['mente'],['O' 'B-'],
2079,3C_25,ragione,cervello,mente,"ragione, cervello",2079_3C_25,['ragione' 'mente' 'cervello'],['mente'],['O' 'B-' 'O'],
1815,2E_9,"bipede, mammifero, persona, essere vivente","medico neurologo, medico giovanni",medico,persona,1815_2E_9,"['bipede' 'mammifero' 'persona' 'essere vivente' 'medico'
 'medico neurologo' 'medico giovanni']","['bipede' 'mammifero' 'essere vivente' 'medico' 'medico neurologo'
 'medico giovanni']",['B-' 'B-' 'O' 'B-' 'B-' 'B-' 'B-'],
670,2E_4,"lavoro, occupazione, forma di guadagno, cosa, entità","straniera, della polonia, del nord",badante,"forma di guadagno, cosa",670_2E_4,"['lavoro' 'occupazione' 'forma di guadagno' 'cosa' 'entità' 'badante'
 'straniera' 'straniera della polonia' 'straniera del nord']","['lavoro' 'occupazione' 'entità' 'badante' 'straniera'
 'straniera della polonia' 'straniera del nord']",['B-' 'B-' 'O' 'O' 'B-' 'B-' 'B-' 'B-' 'B-'],della polonia|||straniera della polonia___del nord|||straniera del nord___
2353,3C_20,emozione,,paura,,2353_3C_20,['emozione' 'paura'],['emozione' 'paura'],['B-' 'B-'],
449,5B_11,"gioco, divertimento, emozione, sentimento, modo di essere, entità","bambola, barbi, bionda",giocattolo,"divertimento, emozione, sentimento, modo di essere",449_5B_11,"['gioco' 'divertimento' 'emozione' 'sentimento' 'modo di essere' 'entità'
 'giocattolo' 'bambola' 'barbi' 'bionda']",['gioco' 'entità' 'giocattolo' 'bambola' 'barbi' 'bionda'],['B-' 'O' 'O' 'O' 'O' 'B-' 'B-' 'B-' 'B-' 'B-'],
2193,2E_23,"afflosciamento, sensazione, sentimento","in un gioco, di essere abbandonato",paura,"afflosciamento, sentimento, in un gioco",2193_2E_23,"['afflosciamento' 'sensazione' 'sentimento' 'paura' 'paura in un gioco'
 'paura di essere abbandonato']",['sensazione' 'paura' 'paura di essere abbandonato'],['O' 'B-' 'O' 'B-' 'O' 'B-'],in un gioco|||paura in un gioco___di essere abbandonato|||paura di essere abbandonato___
1315,1D_7,alimento,"cioccolato, fragole, banana",torta,"fragole, banana",1315_1D_7,['alimento' 'torta' 'cioccolato' 'fragole' 'banana'],['alimento' 'torta' 'cioccolato'],['B-' 'B-' 'B-' 'O' 'O'],
665,2F_21,"persona, aiutante",,badante,aiutante,665_2F_21,['persona' 'aiutante' 'badante'],['persona' 'badante'],['B-' 'O' 'B-'],
394,1D_16,mezzo di trasporto,"pandino 4x4, mercedes-benz, ferrari",automobile,"mercedes-benz, ferrari",394_1D_16,['mezzo di trasporto' 'automobile' 'pandino 4x4' 'mercedes-benz' 'ferrari'],['mezzo di trasporto' 'automobile' 'pandino 4x4'],['B-' 'B-' 'B-' 'O' 'O'],
1846,3B_13,"dottore, infermiere",cuore,medico,"dottore, infermiere, cuore",1846_3B_13,['dottore' 'infermiere' 'medico' 'cuore'],['medico'],['O' 'O' 'B-' 'O'],
2441,3C_25,,,affetto,,2441_3C_25,[' affetto'],[' affetto'],['B-'],
2959,2E_15,,"pollo, cibo, cosa",torta,"pollo, cibo, cosa",2959_2E_15,[' torta' 'pollo' 'cibo' 'cosa'],[' torta'],['B-' 'O' 'O' 'O'],
2840,3C_11,,"perso, perdere tempo",tempo,perdere tempo,2840_3C_11,[' tempo' 'perso' 'perdere tempo'],[' tempo' 'perso'],['B-' 'B-' 'O'],
897,2E_19,"pensiero, cosa astratta","desiderio, lavoro",sogno,"desiderio, lavoro",897_2E_19,['pensiero' 'cosa astratta' 'sogno' 'desiderio' 'lavoro'],['pensiero' 'cosa astratta' 'sogno'],['B-' 'B-' 'B-' 'O' 'O'],
1928,2F_5,sentimento,affetto fraterno,affetto,,1928_2F_5,['sentimento' 'affetto' 'affetto fraterno'],['sentimento' 'affetto' 'affetto fraterno'],['B-' 'B-' 'B-'],
1847,3B_14,"persona, pluricellulare, atomi",pediatra,medico,atomi,1847_3B_14,['persona' 'pluricellulare' 'atomi' 'medico' 'pediatra'],['persona' 'pluricellulare' 'medico' 'pediatra'],['B-' 'B-' 'O' 'B-' 'B-'],
588,5B_19,"emozione, concetto astratto",,rabbia,,588_5B_19,['emozione' 'concetto astratto' 'rabbia'],['emozione' 'concetto astratto' 'rabbia'],['B-' 'B-' 'B-'],
2219,2F_25,parte del corpo,,mente,parte del corpo,2219_2F_25,['parte del corpo' 'mente'],['mente'],['O' 'B-'],
251,1G_21,"alimento dolce, alimento",,torta,,251_1G_21,['alimento dolce' 'alimento' 'torta'],['alimento dolce' 'alimento' 'torta'],['B-' 'B-' 'B-'],
818,2E_14,"stato d'animo, emozione, reazione","furia, ira",rabbia,"emozione, reazione, ira",818_2E_14,"[""stato d'animo"" 'emozione' 'reazione' 'rabbia' 'furia' 'ira']","[""stato d'animo"" 'rabbia' 'furia']",['B-' 'O' 'O' 'B-' 'B-' 'O'],
746,2E_9,"dolce, cibo, cosa astratta, entità","di compleanno, al cioccolato, cioccolato al latte",torta,cosa astratta,746_2E_9,"['dolce' 'cibo' 'cosa astratta' 'entità' 'torta' 'torta di compleanno'
 'al cioccolato' 'cioccolato al latte']","['dolce' 'cibo' 'entità' 'torta' 'torta di compleanno' 'al cioccolato'
 'cioccolato al latte']",['B-' 'B-' 'O' 'B-' 'B-' 'B-' 'B-' 'B-'],di compleanno|||torta di compleanno___
278,1G_23,"lavoro, mestiere, persona","di servizio, di taxi",autista,"mestiere, persona",278_1G_23,"['lavoro' 'mestiere' 'persona' 'autista' 'autista di servizio'
 'autista di taxi']",['lavoro' 'autista' 'autista di servizio' 'autista di taxi'],['B-' 'O' 'O' 'B-' 'B-' 'B-'],di servizio|||autista di servizio___di taxi|||autista di taxi___
836,2E_15,"occupazione, lavoro","babysitter, babysitter per neonati, babysitter per infanti",badante,"lavoro, babysitter, babysitter per neonati, babysitter per infanti",836_2E_15,"['occupazione' 'lavoro' 'badante' 'babysitter' 'babysitter per neonati'
 'babysitter per infanti']",['occupazione' 'badante'],['B-' 'O' 'B-' 'O' 'O' 'O'],
1611,2E_23,"sentimento, emozione, sensazione",di espressione,libertà,"sentimento, emozione",1611_2E_23,['sentimento' 'emozione' 'sensazione' 'libertà' 'libertà di espressione'],['sensazione' 'libertà' 'libertà di espressione'],['O' 'O' 'B-' 'B-' 'B-'],di espressione|||libertà di espressione___
1444,1D_15,tempo,,libertà,tempo,1444_1D_15,['tempo' 'libertà'],['libertà'],['O' 'B-'],
1370,1D_22,mestiere,prof Gardenghi,insegnante,,1370_1D_22,['mestiere' 'insegnante' 'prof Gardenghi'],['mestiere' 'insegnante' 'prof Gardenghi'],['B-' 'B-' 'B-'],
2496,5D_1,emozione,,rabbia,,2496_5D_1,['emozione' 'rabbia'],['emozione' 'rabbia'],['B-' 'B-'],
2243,2F_27,"mestiere, persona, mammifero, essere vivente, entità",infermiere,medico,"persona, mammifero, essere vivente, infermiere",2243_2F_27,"['mestiere' 'persona' 'mammifero' 'essere vivente' 'entità' 'medico'
 'infermiere']",['mestiere' 'entità' 'medico'],['B-' 'O' 'O' 'O' 'B-' 'B-' 'O'],
1483,3C_12,,"di inglese, di spagnolo, di tedesco",insegnante,"di spagnolo, di tedesco",1483_3C_12,"[' insegnante' ' insegnante di inglese' ' insegnante di spagnolo'
 ' insegnante di tedesco']",[' insegnante' ' insegnante di inglese'],['B-' 'B-' 'O' 'O'],di inglese||| insegnante di inglese___di spagnolo||| insegnante di spagnolo___di tedesco||| insegnante di tedesco___
1894,5B_10,"persona, essere terrestre, essere vivente",pediatra,medico,,1894_5B_10,['persona' 'essere terrestre' 'essere vivente' 'medico' 'pediatra'],['persona' 'essere terrestre' 'essere vivente' 'medico' 'pediatra'],['B-' 'B-' 'B-' 'B-' 'B-'],
1696,5D_12,"oggetto, essere non vivente, materia, entità",bambole,giocattolo,,1696_5D_12,['oggetto' 'essere non vivente' 'materia' 'entità' 'giocattolo' 'bambole'],['oggetto' 'essere non vivente' 'materia' 'entità' 'giocattolo' 'bambole'],['B-' 'B-' 'B-' 'B-' 'B-' 'B-'],
72,1G_6,"animale, essere vivente ","cane, gatto, pesce",cavallo,"cane, gatto, pesce",72_1G_6,['animale' 'essere vivente ' 'cavallo' 'cane' 'gatto' 'pesce'],['animale' 'essere vivente ' 'cavallo'],['B-' 'B-' 'B-' 'O' 'O' 'O'],
1302,3C_24,"sentimento, sensazione, quello che tu fai",,gioia,quello che tu fai,1302_3C_24,['sentimento' 'sensazione' 'quello che tu fai' 'gioia'],['sentimento' 'sensazione' 'gioia'],['B-' 'B-' 'O' 'B-'],
296,5B_1,"pensiero, emozione, ragionamento, entità",gentilezza,affetto,"pensiero, ragionamento, gentilezza",296_5B_1,['pensiero' 'emozione' 'ragionamento' 'entità' 'affetto' 'gentilezza'],['emozione' 'entità' 'affetto'],['O' 'B-' 'O' 'B-' 'B-' 'O'],
1849,5D_23,mestiere,ortopedico,medico,,1849_5D_23,['mestiere' 'medico' 'ortopedico'],['mestiere' 'medico' 'ortopedico'],['B-' 'B-' 'B-'],
2131,5D_9,,geniale,mente,,2131_5D_9,[' mente' 'geniale'],[' mente' 'geniale'],['B-' 'B-'],
927,2E_21,"alimento, alimento dolce, cibo, entità","alla fragola, all'amarena",torta,"alimento dolce, all'amarena",927_2E_21,"['alimento' 'alimento dolce' 'cibo' 'entità' 'torta' 'torta alla fragola'
 ""all'amarena""]",['alimento' 'cibo' 'entità' 'torta' 'torta alla fragola'],['B-' 'O' 'B-' 'B-' 'B-' 'B-' 'O'],alla fragola|||torta alla fragola___
176,1G_16,"animale, essere vivente","di battaglia, quadrupede",cavallo,"di battaglia, quadrupede",176_1G_16,['animale' 'essere vivente' 'cavallo' 'cavallo di battaglia' 'quadrupede'],['animale' 'essere vivente' 'cavallo'],['B-' 'B-' 'B-' 'O' 'O'],di battaglia|||cavallo di battaglia___
2497,5D_10,emozione,furia,rabbia,,2497_5D_10,['emozione' 'rabbia' 'furia'],['emozione' 'rabbia' 'furia'],['B-' 'B-' 'B-'],
2922,1D_23,"tipo di pane, dolce, sapore",saint honoré,torta,"tipo di pane, sapore",2922_1D_23,['tipo di pane' 'dolce' 'sapore' 'torta' 'saint honoré'],['dolce' 'torta' 'saint honoré'],['O' 'B-' 'O' 'B-' 'B-'],
1692,5D_11,"cervello, entità",intelligente,mente,cervello,1692_5D_11,['cervello' 'entità' 'mente' 'intelligente'],['entità' 'mente' 'intelligente'],['O' 'B-' 'B-' 'B-'],
1463,1D_16,"persona, mammifero, onnivoro, vertebrato, essere pluricellulare, essere vivente, entità","di italiano, maria laura gardenghi",insegnante,,1463_1D_16,"['persona' 'mammifero' 'onnivoro' 'vertebrato' 'essere pluricellulare'
 'essere vivente' 'entità' 'insegnante' 'insegnante di italiano'
 'maria laura gardenghi']","['persona' 'mammifero' 'onnivoro' 'vertebrato' 'essere pluricellulare'
 'essere vivente' 'entità' 'insegnante' 'insegnante di italiano'
 'maria laura gardenghi']",['B-' 'B-' 'B-' 'B-' 'B-' 'B-' 'B-' 'B-' 'B-' 'B-'],di italiano|||insegnante di italiano___
1684,3C_19,"pensiero, mente",libertà di pensiero,libertà,"pensiero, mente",1684_3C_19,['pensiero' 'mente' 'libertà' 'libertà di pensiero'],['libertà' 'libertà di pensiero'],['O' 'O' 'B-' 'B-'],
570,5B_18,cosa carina,abbraccio,affetto,"cosa carina, abbraccio",570_5B_18,['cosa carina' 'affetto' 'abbraccio'],['affetto'],['O' 'B-' 'O'],
490,3B_14,"mezzo di trasporto, veicolo, quattro ruote, rottame","fiat, panda",automobile,"veicolo, quattro ruote, rottame",490_3B_14,"['mezzo di trasporto' 'veicolo' 'quattro ruote' 'rottame' 'automobile'
 'fiat' 'panda']",['mezzo di trasporto' 'automobile' 'fiat' 'panda'],['B-' 'O' 'O' 'O' 'B-' 'B-' 'B-'],
522,3C_2,"veicolo con quattro ruote, veicolo a motore, mezzo di trasporto, oggetto costruito dall'uomo, insieme di atomi, oggetto composto di materia","spider, fiat 12 valvole 1997, fiat 12 valvole turbo",automobile,insieme di atomi,522_3C_2,"['veicolo con quattro ruote' 'veicolo a motore' 'mezzo di trasporto'
 ""oggetto costruito dall'uomo"" 'insieme di atomi'
 'oggetto composto di materia' 'automobile' 'spider'
 'fiat 12 valvole 1997' 'fiat 12 valvole turbo']","['veicolo con quattro ruote' 'veicolo a motore' 'mezzo di trasporto'
 ""oggetto costruito dall'uomo"" 'oggetto composto di materia' 'automobile'
 'spider' 'fiat 12 valvole 1997' 'fiat 12 valvole turbo']",['B-' 'B-' 'B-' 'B-' 'O' 'B-' 'B-' 'B-' 'B-' 'B-'],
1559,1D_22,"convenzione, entità astratta",,tempo,,1559_1D_22,['convenzione' 'entità astratta' 'tempo'],['convenzione' 'entità astratta' 'tempo'],['B-' 'B-' 'B-'],
136,1G_10,"erbivoro, animale, essere vivente",cavallo di legno,cavallo,cavallo di legno,136_1G_10,['erbivoro' 'animale' 'essere vivente' 'cavallo' 'cavallo di legno'],['erbivoro' 'animale' 'essere vivente' 'cavallo'],['B-' 'B-' 'B-' 'B-' 'O'],
2109,2F_18,cosa,statua della libertà,libertà,"cosa, statua della libertà",2109_2F_18,['cosa' 'libertà' 'statua della libertà'],['libertà'],['O' 'B-' 'O'],
1517,5B_20,"mestiere, diritto",,insegnante,,1517_5B_20,['mestiere' 'diritto' 'insegnante'],['mestiere' 'diritto' 'insegnante'],['B-' 'B-' 'B-'],
1833,5D_22,"sentimento, voglia/volere","alla mamma, agli amici, al papà",affetto,"voglia/volere, agli amici, al papà",1833_5D_22,"['sentimento' 'voglia/volere' 'affetto' 'affetto alla mamma'
 'affetto agli amici' 'al papà']",['sentimento' 'affetto' 'affetto alla mamma'],['B-' 'O' 'B-' 'B-' 'O' 'O'],alla mamma|||affetto alla mamma___agli amici|||affetto agli amici___
1879,2F_2,"lavoro, professione, impegno, passatempo","per la nonna, per la zia",badante,"professione, passatempo, per la zia",1879_2F_2,"['lavoro' 'professione' 'impegno' 'passatempo' 'badante'
 'badante per la nonna' 'badante per la zia']",['lavoro' 'impegno' 'badante' 'badante per la nonna'],['B-' 'O' 'B-' 'O' 'B-' 'B-' 'O'],per la nonna|||badante per la nonna___per la zia|||badante per la zia___
2972,2E_3,"cibo, dolce, tonda",al cioccolato,torta,"dolce, tonda",2972_2E_3,['cibo' 'dolce' 'tonda' 'torta' 'al cioccolato'],['cibo' 'torta' 'al cioccolato'],['B-' 'O' 'O' 'B-' 'B-'],
473,5B_12,"sensazione, emozione, pensiero, idea, cosa astratta","dei ragni, aracnofobia",paura,"emozione, pensiero, idea, aracnofobia",473_5B_12,"['sensazione' 'emozione' 'pensiero' 'idea' 'cosa astratta' 'paura'
 'dei ragni' 'aracnofobia']",['sensazione' 'cosa astratta' 'paura' 'dei ragni'],['B-' 'O' 'O' 'O' 'B-' 'B-' 'B-' 'O'],
461,2F_11,oggetto,"fiat, panda",automobile,,461_2F_11,['oggetto' 'automobile' 'fiat' 'panda'],['oggetto' 'automobile' 'fiat' 'panda'],['B-' 'B-' 'B-' 'B-'],
2415,2F_25,ira,"esaurimento, nervosismo",rabbia,"ira, esaurimento, nervosismo",2415_2F_25,['ira' 'rabbia' 'esaurimento' 'nervosismo'],['rabbia'],['O' 'B-' 'O' 'O'],
782,2E_11,"persona, insegna, materie","matematica, scienze",insegnante,"insegna, materie, scienze",782_2E_11,['persona' 'insegna' 'materie' 'insegnante' 'matematica' 'scienze'],['persona' 'insegnante' 'matematica'],['B-' 'O' 'O' 'B-' 'B-' 'O'],
1778,5D_17,"dolce, cibo, alimento",gelato,torta,,1778_5D_17,['dolce' 'cibo' 'alimento' 'torta' 'gelato'],['dolce' 'cibo' 'alimento' 'torta' 'gelato'],['B-' 'B-' 'B-' 'B-' 'B-'],
1722,5D_11,diritto,scegliere,libertà,,1722_5D_11,['diritto' 'libertà' 'scegliere'],['diritto' 'libertà' 'scegliere'],['B-' 'B-' 'B-'],
0,1G_13,"sentimento, cosa","amore, bene",affetto,"cosa, bene",0_1G_13,['sentimento' 'cosa' 'affetto' 'amore' 'bene'],['sentimento' 'affetto' 'amore'],['B-' 'O' 'B-' 'B-' 'O'],
382,5B_6,"mestiere, persona, brava","silvia, oriana, marianna",insegnante,"persona, brava, oriana, marianna",382_5B_6,['mestiere' 'persona' 'brava' 'insegnante' 'silvia' 'oriana' 'marianna'],['mestiere' 'insegnante' 'silvia'],['B-' 'O' 'O' 'B-' 'B-' 'O' 'O'],
2324,3C_18,"alimento solido, cibo, sostanza",layer cake,torta,,2324_3C_18,['alimento solido' 'cibo' 'sostanza' 'torta' 'layer cake'],['alimento solido' 'cibo' 'sostanza' 'torta' 'layer cake'],['B-' 'B-' 'B-' 'B-' 'B-'],
771,2E_11,"emozione, persona",infuriato,rabbia,"persona, infuriato",771_2E_11,['emozione' 'persona' 'rabbia' 'infuriato'],['emozione' 'rabbia'],['B-' 'O' 'B-' 'O'],
3054,3C_8,"cibo, nutrimento, bisogno","tenerina, crostata, cheesecake",torta,"crostata, cheesecake",3054_3C_8,['cibo' 'nutrimento' 'bisogno' 'torta' 'tenerina' 'crostata' 'cheesecake'],['cibo' 'nutrimento' 'bisogno' 'torta' 'tenerina'],['B-' 'B-' 'B-' 'B-' 'B-' 'O' 'O'],
813,2E_13,,,sogno,,813_2E_13,[' sogno'],[' sogno'],['B-'],
3047,3C_24,"alimento, cibo, quello che si mangia","cheesecake, pan di stelle, alle mele",torta,"quello che si mangia, pan di stelle, alle mele",3047_3C_24,"['alimento' 'cibo' 'quello che si mangia' 'torta' 'cheesecake'
 'pan di stelle' 'pan di stelle alle mele']",['alimento' 'cibo' 'torta' 'cheesecake'],['B-' 'B-' 'O' 'B-' 'B-' 'O' 'O'],alle mele|||pan di stelle alle mele___
2222,2F_26,"trasporto, servizio","fiat, porsche, ferrari",automobile,"servizio, porsche, ferrari",2222_2F_26,['trasporto' 'servizio' 'automobile' 'fiat' 'porsche' 'ferrari'],['trasporto' 'automobile' 'fiat'],['B-' 'O' 'B-' 'B-' 'O' 'O'],
1185,1G_1,"psicologia, ridere",,gioia,"psicologia, ridere",1185_1G_1,['psicologia' 'ridere' 'gioia'],['gioia'],['O' 'O' 'B-'],
1666,5D_10,"misura, entità, oggetto, cosa","passato, passato remoto, trapassato remoto",tempo,"oggetto, cosa, trapassato remoto",1666_5D_10,"['misura' 'entità' 'oggetto' 'cosa' 'tempo' 'passato' 'passato remoto'
 'trapassato remoto']",['misura' 'entità' 'tempo' 'passato' 'passato remoto'],['B-' 'B-' 'O' 'O' 'B-' 'B-' 'B-' 'O'],
2335,1D_18,"emozione, stato d'animo",,rabbia,stato d'animo,2335_1D_18,"['emozione' ""stato d'animo"" 'rabbia']",['emozione' 'rabbia'],['B-' 'O' 'B-'],
1474,1D_17,"astrattezza, cosa, essere non vivente, entità",,affetto,"cosa, essere non vivente",1474_1D_17,['astrattezza' 'cosa' 'essere non vivente' 'entità' 'affetto'],['astrattezza' 'entità' 'affetto'],['B-' 'O' 'O' 'B-' 'B-'],
560,5B_18,"mestiere, azione, cosa",professoressa,insegnante,cosa,560_5B_18,['mestiere' 'azione' 'cosa' 'insegnante' 'professoressa'],['mestiere' 'azione' 'insegnante' 'professoressa'],['B-' 'B-' 'O' 'B-' 'B-'],
2332,3C_18,cervello astratto,,mente,cervello astratto,2332_3C_18,['cervello astratto' 'mente'],['mente'],['O' 'B-'],
1769,1G_11,"dottore, lavoro, professione",pediatra,medico,"dottore, professione",1769_1G_11,['dottore' 'lavoro' 'professione' 'medico' 'pediatra'],['lavoro' 'medico' 'pediatra'],['O' 'B-' 'O' 'B-' 'B-'],
1443,1D_15,,libero,tempo,,1443_1D_15,[' tempo' 'libero'],[' tempo' 'libero'],['B-' 'B-'],
2003,2F_11,oggetto,di plastica,giocattolo,,2003_2F_11,['oggetto' 'giocattolo' 'giocattolo di plastica'],['oggetto' 'giocattolo' 'giocattolo di plastica'],['B-' 'B-' 'B-'],di plastica|||giocattolo di plastica___
2209,2F_14,"emozione, pensiero",buio,paura,pensiero,2209_2F_14,['emozione' 'pensiero' 'paura' 'buio'],['emozione' 'paura' 'buio'],['B-' 'O' 'B-' 'B-'],
589,1D_18,"lavoro, attività",,badante,,589_1D_18,['lavoro' 'attività' 'badante'],['lavoro' 'attività' 'badante'],['B-' 'B-' 'B-'],
1105,3C_7,,,tempo,,1105_3C_7,[' tempo'],[' tempo'],['B-'],
20,1D_7,voler bene,,affetto,voler bene,20_1D_7,['voler bene' 'affetto'],['affetto'],['O' 'B-'],
1580,1D_23,"dimostrazione d'amore, voler bene",reciproco,affetto,"dimostrazione d'amore, voler bene",1580_1D_23,"[""dimostrazione d'amore"" 'voler bene' 'affetto' 'reciproco']",['affetto' 'reciproco'],['O' 'O' 'B-' 'B-'],
3096,5D_5,"dolce, salata","al cioccolato, tenerina",torta,salata,3096_5D_5,['dolce' 'salata' 'torta' 'al cioccolato' 'tenerina'],['dolce' 'torta' 'al cioccolato' 'tenerina'],['B-' 'O' 'B-' 'B-' 'B-'],
2409,3C_23,"oggetto, materia, sostanza",porsche,automobile,sostanza,2409_3C_23,['oggetto' 'materia' 'sostanza' 'automobile' 'porsche'],['oggetto' 'materia' 'automobile' 'porsche'],['B-' 'B-' 'O' 'B-' 'B-'],
2021,2F_2,,,mente,,2021_2F_2,[' mente'],[' mente'],['B-'],
708,2E_7,"sentimento, emozione","aracnofobia, ragni",paura,"emozione, ragni",708_2E_7,['sentimento' 'emozione' 'paura' 'aracnofobia' 'ragni'],['sentimento' 'paura' 'aracnofobia'],['B-' 'O' 'B-' 'B-' 'O'],
1638,5D_6,entità,guardia del corpo,badante,guardia del corpo,1638_5D_6,['entità' 'badante' 'guardia del corpo'],['entità' 'badante'],['B-' 'B-' 'O'],
1007,1G_3,amico,"prodotti chimici, mercuri, marìcurì",giocattolo,"amico, prodotti chimici, mercuri, marìcurì",1007_1G_3,['amico' 'giocattolo' 'prodotti chimici' 'mercuri' 'marìcurì'],['giocattolo'],['O' 'B-' 'O' 'O' 'O'],
179,5D_18,sentimento,d'amicizia,affetto,,179_5D_18,"['sentimento' 'affetto' ""d'amicizia""]","['sentimento' 'affetto' ""d'amicizia""]",['B-' 'B-' 'B-'],
189,5D_5,sentimento,amore,affetto,,189_5D_5,['sentimento' 'affetto' 'amore'],['sentimento' 'affetto' 'amore'],['B-' 'B-' 'B-'],
218,1G_19,"cosa astratta, pensiero",bello,sogno,pensiero,218_1G_19,['cosa astratta' 'pensiero' 'sogno' 'bello'],['cosa astratta' 'sogno' 'bello'],['B-' 'O' 'B-' 'B-'],
1852,3B_19,"dottore, mestiere, lavoro",dentista,medico,dottore,1852_3B_19,['dottore' 'mestiere' 'lavoro' 'medico' 'dentista'],['mestiere' 'lavoro' 'medico' 'dentista'],['O' 'B-' 'B-' 'B-' 'B-'],
2913,1D_15,cibo,torta cioccolato,torta,,2913_1D_15,['cibo' 'torta' 'torta cioccolato'],['cibo' 'torta' 'torta cioccolato'],['B-' 'B-' 'B-'],
1873,2F_2,"immaginazione, pensieri",incubo,sogno,,1873_2F_2,['immaginazione' 'pensieri' 'sogno' 'incubo'],['immaginazione' 'pensieri' 'sogno' 'incubo'],['B-' 'B-' 'B-' 'B-'],
853,2F_16,"mammifero, animale, essere vivente","corsa, salto, trotto",cavallo,"salto, trotto",853_2F_16,['mammifero' 'animale' 'essere vivente' 'cavallo' 'corsa' 'salto' 'trotto'],['mammifero' 'animale' 'essere vivente' 'cavallo' 'corsa'],['B-' 'B-' 'B-' 'B-' 'B-' 'O' 'O'],
2696,5D_15,"fantasia, dormire, persone inventate, mommetto",cane,sogno,"dormire, persone inventate, mommetto, cane",2696_5D_15,['fantasia' 'dormire' 'persone inventate' 'mommetto' 'sogno' 'cane'],['fantasia' 'sogno'],['B-' 'O' 'O' 'O' 'B-' 'O'],
44,1G_8,"emozione, sentimento, stato d'animo",dolcetto,affetto,"sentimento, stato d'animo, dolcetto",44_1G_8,"['emozione' 'sentimento' ""stato d'animo"" 'affetto' 'dolcetto']",['emozione' 'affetto'],['B-' 'O' 'O' 'B-' 'O'],
25,1G_11,"emozione, sentimento, stato d'animo",dolcezza,affetto,"sentimento, stato d'animo, dolcezza",25_1G_11,"['emozione' 'sentimento' ""stato d'animo"" 'affetto' 'dolcezza']",['emozione' 'affetto'],['B-' 'O' 'O' 'B-' 'O'],
1062,2F_6,"gioco, divertimento, oggetto","macchinina, bambola, trenino",giocattolo,"divertimento, bambola, trenino",1062_2F_6,"['gioco' 'divertimento' 'oggetto' 'giocattolo' 'macchinina' 'bambola'
 'trenino']",['gioco' 'oggetto' 'giocattolo' 'macchinina'],['B-' 'O' 'B-' 'B-' 'B-' 'O' 'O'],
1056,3C_4,"essere umano, mammifero, animale, essere vivente, insieme di tessuti e organi, composizione di atomi","badante nella casa di riposo, badante nella casa di riposo per handicap",badante,"insieme di tessuti e organi, composizione di atomi",1056_3C_4,"['essere umano' 'mammifero' 'animale' 'essere vivente'
 'insieme di tessuti e organi' 'composizione di atomi' 'badante'
 'badante nella casa di riposo'
 'badante nella casa di riposo per handicap']","['essere umano' 'mammifero' 'animale' 'essere vivente' 'badante'
 'badante nella casa di riposo'
 'badante nella casa di riposo per handicap']",['B-' 'B-' 'B-' 'B-' 'O' 'O' 'B-' 'B-' 'B-'],
1813,5D_21,entità,mente locale,mente,mente locale,1813_5D_21,['entità' 'mente' 'mente locale'],['entità' 'mente'],['B-' 'B-' 'O'],
397,5B_7,"ruolo, lavoro, occupazione",degli anziani,badante,,397_5B_7,['ruolo' 'lavoro' 'occupazione' 'badante' 'badante degli anziani'],['ruolo' 'lavoro' 'occupazione' 'badante' 'badante degli anziani'],['B-' 'B-' 'B-' 'B-' 'B-'],degli anziani|||badante degli anziani___
2654,3C_19,"pensiero, fantasia, creazione",per il futuro,sogno,"fantasia, creazione",2654_3C_19,['pensiero' 'fantasia' 'creazione' 'sogno' 'sogno per il futuro'],['pensiero' 'sogno' 'sogno per il futuro'],['B-' 'O' 'O' 'B-' 'B-'],per il futuro|||sogno per il futuro___
391,1D_13,"camion, autobus, moto, bici, monopattino","elettrica, benzina, gas, mezzo",automobile,"camion, autobus, moto, bici, monopattino, benzina, gas, mezzo",391_1D_13,"['camion' 'autobus' 'moto' 'bici' 'monopattino' 'automobile' 'elettrica'
 'benzina' 'gas' 'mezzo']",['automobile' 'elettrica'],['O' 'O' 'O' 'O' 'O' 'B-' 'B-' 'O' 'O' 'O'],
1740,5D_6,,ricreazione,libertà,ricreazione,1740_5D_6,[' libertà' 'ricreazione'],[' libertà'],['B-' 'O'],
2406,3C_23,"sentimento, sensazione",di esprimersi,libertà,sentimento,2406_3C_23,['sentimento' 'sensazione' 'libertà' 'libertà di esprimersi'],['sensazione' 'libertà' 'libertà di esprimersi'],['O' 'B-' 'B-' 'B-'],di esprimersi|||libertà di esprimersi___
563,5B_18,"mestiere, azione",della casa di riposo,badante,,563_5B_18,['mestiere' 'azione' 'badante' 'badante della casa di riposo'],['mestiere' 'azione' 'badante' 'badante della casa di riposo'],['B-' 'B-' 'B-' 'B-'],della casa di riposo|||badante della casa di riposo___
2343,3C_19,"emozione, sensazione",,paura,,2343_3C_19,['emozione' 'sensazione' 'paura'],['emozione' 'sensazione' 'paura'],['B-' 'B-' 'B-'],
46,1G_4,"persona laureata in medicina che viene pagato un sacco di soldi per salvare vite di persone, lavoro",paramedico,medico,persona laureata in medicina che viene pagato un sacco di soldi per salvare vite di persone,46_1G_4,"['persona laureata in medicina che viene pagato un sacco di soldi per salvare vite di persone'
 'lavoro' 'medico' 'paramedico']",['lavoro' 'medico' 'paramedico'],['O' 'B-' 'B-' 'B-'],
340,3C_8,"lavoro, impegno, mettere in gioco le proprie conoscenze","uomo che guida una macchina, un uomo che è attento a non fare incidenti",autista,"uomo che guida una macchina, mettere in gioco le proprie conoscenze, un uomo che è attento a non fare incidenti",340_3C_8,"['lavoro' 'impegno' 'mettere in gioco le proprie conoscenze' 'autista'
 'uomo che guida una macchina'
 'un uomo che è attento a non fare incidenti']",['lavoro' 'impegno' 'autista'],['B-' 'B-' 'O' 'B-' 'O' 'O'],
1583,5D_2,"cosa, entità","bambola, nenuco",giocattolo,,1583_5D_2,['cosa' 'entità' 'giocattolo' 'bambola' 'nenuco'],['cosa' 'entità' 'giocattolo' 'bambola' 'nenuco'],['B-' 'B-' 'B-' 'B-' 'B-'],
95,1G_7,"emozione, sentimento, cosa astratta","gioia, tristezza",rabbia,"sentimento, gioia, tristezza",95_1G_7,['emozione' 'sentimento' 'cosa astratta' 'rabbia' 'gioia' 'tristezza'],['emozione' 'cosa astratta' 'rabbia'],['B-' 'O' 'B-' 'B-' 'O' 'O'],
1297,1D_6,"oggetto, materiale","peluche, orsetto di peluche",giocattolo,materiale,1297_1D_6,['oggetto' 'materiale' 'giocattolo' 'peluche' 'orsetto di peluche'],['oggetto' 'giocattolo' 'peluche' 'orsetto di peluche'],['B-' 'O' 'B-' 'B-' 'B-'],
558,5B_17,lavoro,nanny katty,badante,,558_5B_17,['lavoro' 'badante' 'nanny katty'],['lavoro' 'badante' 'nanny katty'],['B-' 'B-' 'B-'],
876,3B_13,"sella, ostacoli","mammifero, essere vivente, animale",cavallo,"sella, ostacoli, mammifero, essere vivente, animale",876_3B_13,['sella' 'ostacoli' 'cavallo' 'mammifero' 'essere vivente' 'animale'],['cavallo'],['O' 'O' 'B-' 'O' 'O' 'O'],
2269,3C_21,sentimento,terrore,paura,,2269_3C_21,['sentimento' 'paura' 'terrore'],['sentimento' 'paura' 'terrore'],['B-' 'B-' 'B-'],
1427,2E_9,"bipede, mammifero, persona, essere vivente","insegnante di italiano, insegnante Francesca",insegnante,persona,1427_2E_9,"['bipede' 'mammifero' 'persona' 'essere vivente' 'insegnante'
 'insegnante di italiano' 'insegnante Francesca']","['bipede' 'mammifero' 'essere vivente' 'insegnante'
 'insegnante di italiano' 'insegnante Francesca']",['B-' 'B-' 'O' 'B-' 'B-' 'B-' 'B-'],
2153,1D_8,emozione,"del buio, dei ragni, degli insetti",paura,"dei ragni, degli insetti",2153_1D_8,['emozione' 'paura' 'paura del buio' 'dei ragni' 'dei ragni degli insetti'],['emozione' 'paura' 'paura del buio'],['B-' 'B-' 'B-' 'O' 'O'],del buio|||paura del buio___degli insetti|||dei ragni degli insetti___
1914,2F_4,"quadrupede, animale, essere vivente, entità","cavallo arabo, cavallo arabo nero, cavallo arabo nero con macchie bianche",cavallo,,1914_2F_4,"['quadrupede' 'animale' 'essere vivente' 'entità' 'cavallo'
 'cavallo arabo' 'cavallo arabo nero'
 'cavallo arabo nero con macchie bianche']","['quadrupede' 'animale' 'essere vivente' 'entità' 'cavallo'
 'cavallo arabo' 'cavallo arabo nero'
 'cavallo arabo nero con macchie bianche']",['B-' 'B-' 'B-' 'B-' 'B-' 'B-' 'B-' 'B-'],
540,5B_16,lavoro,simona,badante,,540_5B_16,['lavoro' 'badante' 'simona'],['lavoro' 'badante' 'simona'],['B-' 'B-' 'B-'],
2690,5D_1,,incubo,sogno,,2690_5D_1,[' sogno' 'incubo'],[' sogno' 'incubo'],['B-' 'B-'],
1568,1D_23,"persona, essere vivente, entità",di lettere,insegnante,,1568_1D_23,['persona' 'essere vivente' 'entità' 'insegnante' 'insegnante di lettere'],['persona' 'essere vivente' 'entità' 'insegnante' 'insegnante di lettere'],['B-' 'B-' 'B-' 'B-' 'B-'],di lettere|||insegnante di lettere___
728,3C_9,"persona, essere vivente",,badante,,728_3C_9,['persona' 'essere vivente' 'badante'],['persona' 'essere vivente' 'badante'],['B-' 'B-' 'B-'],
2100,5B_21,"cervello di ragionamento, organo",nervi,mente,"cervello di ragionamento, organo, nervi",2100_5B_21,['cervello di ragionamento' 'organo' 'mente' 'nervi'],['mente'],['O' 'O' 'B-' 'O'],
591,1D_2,,,badante,,591_1D_2,[' badante'],[' badante'],['B-'],
1057,3C_4,"equino, carne, alimento animale proteico, alimento naturale, alimento/cibo, oggetto consumabile, oggetto","purosangue, purosangue arabo, purosangue arabo bianco",cavallo,"carne, alimento animale proteico, alimento naturale, alimento/cibo, oggetto consumabile, oggetto",1057_3C_4,"['equino' 'carne' 'alimento animale proteico' 'alimento naturale'
 'alimento/cibo' 'oggetto consumabile' 'oggetto' 'cavallo' 'purosangue'
 'purosangue arabo' 'purosangue arabo bianco']","['equino' 'cavallo' 'purosangue' 'purosangue arabo'
 'purosangue arabo bianco']",['B-' 'O' 'O' 'O' 'O' 'O' 'O' 'B-' 'B-' 'B-' 'B-'],
2063,3C_10,pensiero,un tipo di mente,mente,"pensiero, un tipo di mente",2063_3C_10,['pensiero' 'mente' 'un tipo di mente'],['mente'],['O' 'B-' 'O'],
1404,1D_12,"entità astratta, entità",futuro,tempo,,1404_1D_12,['entità astratta' 'entità' 'tempo' 'futuro'],['entità astratta' 'entità' 'tempo' 'futuro'],['B-' 'B-' 'B-' 'B-'],
728,2E_8,emozione,momento,affetto,momento,728_2E_8,['emozione' 'affetto' 'momento'],['emozione' 'affetto'],['B-' 'B-' 'O'],
596,1D_3,persona,lavoro,badante,lavoro,596_1D_3,['persona' 'badante' 'lavoro'],['persona' 'badante'],['B-' 'B-' 'O'],
113,1G_9,"sentimento, emozione negativa, cosa astratta",da stress,rabbia,emozione negativa,113_1G_9,"['sentimento' 'emozione negativa' 'cosa astratta' 'rabbia'
 'rabbia da stress']",['sentimento' 'cosa astratta' 'rabbia' 'rabbia da stress'],['B-' 'O' 'B-' 'B-' 'B-'],da stress|||rabbia da stress___
2417,2F_3,"pensiero, cervello, emozione","ira, furia, malattia",rabbia,"pensiero, cervello, furia, malattia",2417_2F_3,['pensiero' 'cervello' 'emozione' 'rabbia' 'ira' 'furia' 'malattia'],['emozione' 'rabbia' 'ira'],['O' 'O' 'B-' 'B-' 'B-' 'O' 'O'],
791,1D_4,animale,"essere vivente, mammifero, colorato",cavallo,"essere vivente, mammifero",791_1D_4,['animale' 'cavallo' 'essere vivente' 'mammifero' 'colorato'],['animale' 'cavallo' 'colorato'],['B-' 'B-' 'O' 'O' 'B-'],
136,3C_20,,,affetto,,136_3C_20,[' affetto'],[' affetto'],['B-'],
932,5B_18,animale,"pony, mustang",cavallo,mustang,932_5B_18,['animale' 'cavallo' 'pony' 'mustang'],['animale' 'cavallo' 'pony'],['B-' 'B-' 'B-' 'O'],
1501,3C_6,"mestiere, lavoro",,insegnante,,1501_3C_6,['mestiere' 'lavoro' 'insegnante'],['mestiere' 'lavoro' 'insegnante'],['B-' 'B-' 'B-'],
2949,1G_6,"ristorante, città, regione",dessert,torta,"ristorante, città, regione, dessert",2949_1G_6,['ristorante' 'città' 'regione' 'torta' 'dessert'],['torta'],['O' 'O' 'O' 'B-' 'O'],
1556,1D_15,spensieratezza,,libertà,spensieratezza,1556_1D_15,['spensieratezza' 'libertà'],['libertà'],['O' 'B-'],
488,5B_13,cosa astratta,,affetto,,488_5B_13,['cosa astratta' 'affetto'],['cosa astratta' 'affetto'],['B-' 'B-'],
429,5B_9,"animale, mammifero, essere vivente, materia","puledro, puledro italiano",cavallo,mammifero,429_5B_9,"['animale' 'mammifero' 'essere vivente' 'materia' 'cavallo' 'puledro'
 'puledro italiano']","['animale' 'essere vivente' 'materia' 'cavallo' 'puledro'
 'puledro italiano']",['B-' 'O' 'B-' 'B-' 'B-' 'B-' 'B-'],
523,5B_15,"senso, cosa astratta, cosa, entità","fantasiosa, catastrofica",mente,"senso, cosa, catastrofica",523_5B_15,"['senso' 'cosa astratta' 'cosa' 'entità' 'mente' 'fantasiosa'
 'catastrofica']",['cosa astratta' 'entità' 'mente' 'fantasiosa'],['O' 'B-' 'O' 'B-' 'B-' 'B-' 'O'],
1909,5B_5,"persona, lavoro",neurologo,medico,lavoro,1909_5B_5,['persona' 'lavoro' 'medico' 'neurologo'],['persona' 'medico' 'neurologo'],['B-' 'O' 'B-' 'B-'],
1688,3C_22,"diritto, obbligo","spaventosa, nota",libertà,"obbligo, spaventosa, nota",1688_3C_22,['diritto' 'obbligo' 'libertà' 'spaventosa' 'nota'],['diritto' 'libertà'],['B-' 'O' 'B-' 'O' 'O'],
2808,2F_6,,"tempesta, temporale, pioggia",tempo,"temporale, pioggia",2808_2F_6,[' tempo' 'tempesta' 'temporale' 'pioggia'],[' tempo' 'tempesta'],['B-' 'B-' 'O' 'O'],
1154,5D_24,oggetto,barbie,giocattolo,,1154_5D_24,['oggetto' 'giocattolo' 'barbie'],['oggetto' 'giocattolo' 'barbie'],['B-' 'B-' 'B-'],
2120,5D_20,organo,idee,mente,"organo, idee",2120_5D_20,['organo' 'mente' 'idee'],['mente'],['O' 'B-' 'O'],
472,2F_21,"macchina, sportello, finestrino, fiat logo",,automobile,"macchina, sportello, finestrino, fiat logo",472_2F_21,['macchina' 'sportello' 'finestrino' 'fiat logo' 'automobile'],['automobile'],['O' 'O' 'O' 'O' 'B-'],
378,5B_6,"cibo, cosa, gustosa, commestibile","fragola, pesche, vaniglia",torta,"gustosa, commestibile, pesche, vaniglia",378_5B_6,"['cibo' 'cosa' 'gustosa' 'commestibile' 'torta' 'fragola' 'pesche'
 'vaniglia']",['cibo' 'cosa' 'torta' 'fragola'],['B-' 'B-' 'O' 'O' 'B-' 'B-' 'O' 'O'],
1932,5D_4,"essere umano, essere vivente, si prede cura, ti cura, ti aiuta","oculista, pediatra, dottore di famiglia",medico,"si prede cura, ti cura, ti aiuta, pediatra, dottore di famiglia",1932_5D_4,"['essere umano' 'essere vivente' 'si prede cura' 'ti cura' 'ti aiuta'
 'medico' 'oculista' 'pediatra' 'dottore di famiglia']",['essere umano' 'essere vivente' 'medico' 'oculista'],['B-' 'B-' 'O' 'O' 'O' 'B-' 'B-' 'O' 'O'],
1109,3C_25,,,giocattolo,,1109_3C_25,[' giocattolo'],[' giocattolo'],['B-'],
2511,5D_23,sentimento,furia,rabbia,,2511_5D_23,['sentimento' 'rabbia' 'furia'],['sentimento' 'rabbia' 'furia'],['B-' 'B-' 'B-'],
1872,3C_13,persona laureata,chirurgo,medico,,1872_3C_13,['persona laureata' 'medico' 'chirurgo'],['persona laureata' 'medico' 'chirurgo'],['B-' 'B-' 'B-'],
171,5D_10,emozione,"amore, gioia",affetto,gioia,171_5D_10,['emozione' 'affetto' 'amore' 'gioia'],['emozione' 'affetto' 'amore'],['B-' 'B-' 'B-' 'O'],
2390,3C_22,emozione,,affetto,,2390_3C_22,['emozione' 'affetto'],['emozione' 'affetto'],['B-' 'B-'],
1550,1D_22,"persona, essere umano, ominide, onnivoro, bipide, pluricellulare, essere vivente, entità","chirurgo, dentista",medico,dentista,1550_1D_22,"['persona' 'essere umano' 'ominide' 'onnivoro' 'bipide' 'pluricellulare'
 'essere vivente' 'entità' 'medico' 'chirurgo' 'dentista']","['persona' 'essere umano' 'ominide' 'onnivoro' 'bipide' 'pluricellulare'
 'essere vivente' 'entità' 'medico' 'chirurgo']",['B-' 'B-' 'B-' 'B-' 'B-' 'B-' 'B-' 'B-' 'B-' 'B-' 'O'],
2382,3C_22,"persona, essere vivente","insegnante di motoria, insegnante di educazione fisica",insegnante,insegnante di educazione fisica,2382_3C_22,"['persona' 'essere vivente' 'insegnante' 'insegnante di motoria'
 'insegnante di educazione fisica']",['persona' 'essere vivente' 'insegnante' 'insegnante di motoria'],['B-' 'B-' 'B-' 'B-' 'O'],
1217,2E_18,emozione,,gioia,,1217_2E_18,['emozione' 'gioia'],['emozione' 'gioia'],['B-' 'B-'],
2958,2E_14,"dolce, cibo, nutrimento","alle mele, con zucchero filato",torta,con zucchero filato,2958_2E_14,"['dolce' 'cibo' 'nutrimento' 'torta' 'torta alle mele'
 'torta con zucchero filato']",['dolce' 'cibo' 'nutrimento' 'torta' 'torta alle mele'],['B-' 'B-' 'B-' 'B-' 'B-' 'O'],alle mele|||torta alle mele___con zucchero filato|||torta con zucchero filato___
1615,2E_3,"casa, fuori, statua della libertà",al parco,libertà,"casa, fuori, statua della libertà, al parco",1615_2E_3,['casa' 'fuori' 'statua della libertà' 'libertà' 'al parco'],['libertà'],['O' 'O' 'O' 'B-' 'O'],
900,3C_11,"animale, essere vivente","pony, mini pony",cavallo,,900_3C_11,['animale' 'essere vivente' 'cavallo' 'pony' 'mini pony'],['animale' 'essere vivente' 'cavallo' 'pony' 'mini pony'],['B-' 'B-' 'B-' 'B-' 'B-'],
1701,5D_12,"emozione, entità",libertà finanziaria,libertà,"emozione, entità",1701_5D_12,['emozione' 'entità' 'libertà' 'libertà finanziaria'],['libertà' 'libertà finanziaria'],['O' 'O' 'B-' 'B-'],
1748,5D_15,"persona, mammifero, essere vivente, entità","di musica, flauto",insegnante,,1748_5D_15,"['persona' 'mammifero' 'essere vivente' 'entità' 'insegnante'
 'insegnante di musica' 'flauto']","['persona' 'mammifero' 'essere vivente' 'entità' 'insegnante'
 'insegnante di musica' 'flauto']",['B-' 'B-' 'B-' 'B-' 'B-' 'B-' 'B-'],di musica|||insegnante di musica___
695,3B_25,"mestiere, lavoro, occupazione",persona,badante,persona,695_3B_25,['mestiere' 'lavoro' 'occupazione' 'badante' 'persona'],['mestiere' 'lavoro' 'occupazione' 'badante'],['B-' 'B-' 'B-' 'B-' 'O'],
2316,5D_22,"emozione, sentimento, timore, fobia","di svenire, di cadere, di non farcela",paura,"sentimento, timore, fobia, di cadere, di non farcela",2316_5D_22,"['emozione' 'sentimento' 'timore' 'fobia' 'paura' 'paura di svenire'
 'paura di cadere' 'paura di non farcela']",['emozione' 'paura' 'paura di svenire'],['B-' 'O' 'O' 'O' 'B-' 'B-' 'O' 'O'],di svenire|||paura di svenire___di cadere|||paura di cadere___di non farcela|||paura di non farcela___
1134,3C_8,"cibo, alimento","alle pesche, al cioccolato, alle mele",torta,"al cioccolato, alle mele ",1134_3C_8,"['cibo' 'alimento' 'torta' 'torta alle pesche' 'al cioccolato'
 'al cioccolato alle mele']",['cibo' 'alimento' 'torta' 'torta alle pesche' 'al cioccolato alle mele'],['B-' 'B-' 'B-' 'B-' 'O' 'B-'],alle pesche|||torta alle pesche___alle mele|||al cioccolato alle mele___
1554,1D_13,"animali, volanti, farfalle, api, calabroni, cimici","evadere, correre",libertà,"animali, volanti, farfalle, api, calabroni, cimici, evadere, correre",1554_1D_13,"['animali' 'volanti' 'farfalle' 'api' 'calabroni' 'cimici' 'libertà'
 'evadere' 'correre']",['libertà'],['O' 'O' 'O' 'O' 'O' 'O' 'B-' 'O' 'O'],
619,1G_3,"persona, adulto, premura","abbandono, solitudine, tristezza",badante,"adulto, premura, abbandono, solitudine, tristezza",619_1G_3,"['persona' 'adulto' 'premura' 'badante' 'abbandono' 'solitudine'
 'tristezza']",['persona' 'badante'],['B-' 'O' 'O' 'B-' 'O' 'O' 'O'],
1582,1G_18,"sentimento, sensazione",spensieratezza,libertà,"sentimento, spensieratezza",1582_1G_18,['sentimento' 'sensazione' 'libertà' 'spensieratezza'],['sensazione' 'libertà'],['O' 'B-' 'B-' 'O'],
2200,2F_24,"lavoro, mestiere",persona,autista,"mestiere, persona",2200_2F_24,['lavoro' 'mestiere' 'autista' 'persona'],['lavoro' 'autista'],['B-' 'O' 'B-' 'O'],
243,1G_21,"emozione, sentimento",personaggio di inside out,rabbia,"sentimento, personaggio di inside out",243_1G_21,['emozione' 'sentimento' 'rabbia' 'personaggio di inside out'],['emozione' 'rabbia'],['B-' 'O' 'B-' 'O'],
2119,2F_19,"emozione, sentimento",felicità,gioia,"sentimento, felicità",2119_2F_19,['emozione' 'sentimento' 'gioia' 'felicità'],['emozione' 'gioia'],['B-' 'O' 'B-' 'O'],
1212,3C_13,"dolce, cibo, nutriente, alimento","alla vaniglia, alla vaniglia del madagascar",torta,alimento,1212_3C_13,"['dolce' 'cibo' 'nutriente' 'alimento' 'torta' 'torta alla vaniglia'
 'torta alla vaniglia del madagascar']","['dolce' 'cibo' 'nutriente' 'torta' 'torta alla vaniglia'
 'torta alla vaniglia del madagascar']",['B-' 'B-' 'B-' 'O' 'B-' 'B-' 'B-'],alla vaniglia|||torta alla vaniglia___alla vaniglia del madagascar|||torta alla vaniglia del madagascar___
320,5B_3,"alimento dolce, cibo","al cioccolato, al cioccolato fondente, al cioccolato fondente della lidl",torta,,320_5B_3,"['alimento dolce' 'cibo' 'torta' 'al cioccolato' 'al cioccolato fondente'
 'al cioccolato fondente della lidl']","['alimento dolce' 'cibo' 'torta' 'al cioccolato' 'al cioccolato fondente'
 'al cioccolato fondente della lidl']",['B-' 'B-' 'B-' 'B-' 'B-' 'B-'],
1437,1D_14,"emozione, personalità",aggressiva,rabbia,personalità,1437_1D_14,['emozione' 'personalità' 'rabbia' 'aggressiva'],['emozione' 'rabbia' 'aggressiva'],['B-' 'O' 'B-' 'B-'],
567,5D_2,"macchina, ruote, metallo","ferrari, lamborghini, panda",automobile,"macchina, ruote, metallo, lamborghini, panda",567_5D_2,['macchina' 'ruote' 'metallo' 'automobile' 'ferrari' 'lamborghini' 'panda'],['automobile' 'ferrari'],['O' 'O' 'O' 'B-' 'B-' 'O' 'O'],
859,2F_21,animale,,cavallo,,859_2F_21,['animale' 'cavallo'],['animale' 'cavallo'],['B-' 'B-'],
2569,2E_12,pensiero,"incubo, non reale",sogno,,2569_2E_12,['pensiero' 'sogno' 'incubo' 'non reale'],['pensiero' 'sogno' 'incubo' 'non reale'],['B-' 'B-' 'B-' 'B-'],
2667,3C_8,"pensiero, mente, cervello","incubo, mostri",sogno,"cervello, mostri",2667_3C_8,['pensiero' 'mente' 'cervello' 'sogno' 'incubo' 'mostri'],['pensiero' 'mente' 'sogno' 'incubo'],['B-' 'B-' 'O' 'B-' 'B-' 'O'],
1487,1D_18,"emozione, stato d'animo",felicità,gioia,"stato d'animo, felicità",1487_1D_18,"['emozione' ""stato d'animo"" 'gioia' 'felicità']",['emozione' 'gioia'],['B-' 'O' 'B-' 'O'],
2070,2F_15,"organo, parte del corpo, entità",mente aperta,mente,"organo, parte del corpo",2070_2F_15,['organo' 'parte del corpo' 'entità' 'mente' 'mente aperta'],['entità' 'mente' 'mente aperta'],['O' 'O' 'B-' 'B-' 'B-'],
1511,5B_15,"persona, essere umano, essere terrestre, organismo, essere vivente","maestra, maestra di italiano, silvia",insegnante,essere terrestre,1511_5B_15,"['persona' 'essere umano' 'essere terrestre' 'organismo' 'essere vivente'
 'insegnante' 'maestra' 'maestra di italiano' 'silvia']","['persona' 'essere umano' 'organismo' 'essere vivente' 'insegnante'
 'maestra' 'maestra di italiano' 'silvia']",['B-' 'B-' 'O' 'B-' 'B-' 'B-' 'B-' 'B-' 'B-'],
674,2F_6,,"bambini, paziente, babysitter",badante,"bambini, babysitter",674_2F_6,[' badante' 'bambini' 'paziente' 'babysitter'],[' badante' 'paziente'],['B-' 'O' 'B-' 'O'],
1578,1G_14,"statua, costruzione, edificio, palazzo, abitazione",,libertà,"statua, costruzione, edificio, palazzo, abitazione",1578_1G_14,['statua' 'costruzione' 'edificio' 'palazzo' 'abitazione' 'libertà'],['libertà'],['O' 'O' 'O' 'O' 'O' 'B-'],
754,5D_13,"persona, mammifero, animale, essere vivente",,badante,,754_5D_13,['persona' 'mammifero' 'animale' 'essere vivente' 'badante'],['persona' 'mammifero' 'animale' 'essere vivente' 'badante'],['B-' 'B-' 'B-' 'B-' 'B-'],
1426,2E_8,lavoro,matematica,insegnante,,1426_2E_8,['lavoro' 'insegnante' 'matematica'],['lavoro' 'insegnante' 'matematica'],['B-' 'B-' 'B-'],
2592,2F_1,,incubo,sogno,,2592_2F_1,[' sogno' 'incubo'],[' sogno' 'incubo'],['B-' 'B-'],
1604,2E_17,diritto,parola,libertà,,1604_2E_17,['diritto' 'libertà' 'parola'],['diritto' 'libertà' 'parola'],['B-' 'B-' 'B-'],
343,5B_4,"lavoro, occupazione, cosa, entità","dei bambini, dei bambini reali",badante,"cosa, dei bambini, dei bambini reali",343_5B_4,"['lavoro' 'occupazione' 'cosa' 'entità' 'badante' 'dei bambini'
 'dei bambini reali']",['lavoro' 'occupazione' 'entità' 'badante'],['B-' 'B-' 'O' 'B-' 'B-' 'O' 'O'],
1562,1D_22,"emozione, pensiero",di vivere ,gioia,pensiero,1562_1D_22,['emozione' 'pensiero' 'gioia' 'gioia di vivere'],['emozione' 'gioia' 'gioia di vivere'],['B-' 'O' 'B-' 'B-'],di vivere|||gioia di vivere___
494,3B_18,"veicolo, trasporto",smart,automobile,,494_3B_18,['veicolo' 'trasporto' 'automobile' 'smart'],['veicolo' 'trasporto' 'automobile' 'smart'],['B-' 'B-' 'B-' 'B-'],
825,2E_14,"animale, essere vivente",bianco,cavallo,,825_2E_14,['animale' 'essere vivente' 'cavallo' 'bianco'],['animale' 'essere vivente' 'cavallo' 'bianco'],['B-' 'B-' 'B-' 'B-'],
1662,5D_10,"dottore, persona, mammifero, entità","chirurgo, farmacista",medico,"dottore, farmacista",1662_5D_10,['dottore' 'persona' 'mammifero' 'entità' 'medico' 'chirurgo' 'farmacista'],['persona' 'mammifero' 'entità' 'medico' 'chirurgo'],['O' 'B-' 'B-' 'B-' 'B-' 'B-' 'O'],
190,1G_16,pensiero computazionale,parte del corpo,mente,"pensiero computazionale, parte del corpo",190_1G_16,['pensiero computazionale' 'mente' 'parte del corpo'],['mente'],['O' 'B-' 'O'],
1361,1D_14,"essere vivente, lavoratore, lavoro, sono persone non tanto amichevoli","di volo, di guida",insegnante,"lavoratore, lavoro, sono persone non tanto amichevoli, di guida",1361_1D_14,"['essere vivente' 'lavoratore' 'lavoro'
 'sono persone non tanto amichevoli' 'insegnante' 'insegnante di volo'
 'insegnante di guida']",['essere vivente' 'insegnante' 'insegnante di volo'],['B-' 'O' 'O' 'O' 'B-' 'B-' 'O'],di volo|||insegnante di volo___di guida|||insegnante di guida___
1017,3C_1,passatempo,"gioco di carte, uno, uno flip",giocattolo,passatempo,1017_3C_1,['passatempo' 'giocattolo' 'gioco di carte' 'uno' 'uno flip'],['giocattolo' 'gioco di carte' 'uno' 'uno flip'],['O' 'B-' 'B-' 'B-' 'B-'],
2599,2F_16,,"notte, cadere",sogno,notte,2599_2F_16,[' sogno' 'notte' 'cadere'],[' sogno' 'cadere'],['B-' 'O' 'B-'],
98,1G_8,"cosa astratta, entità",libertà di testo,libertà,libertà di testo,98_1G_8,['cosa astratta' 'entità' 'libertà' 'libertà di testo'],['cosa astratta' 'entità' 'libertà'],['B-' 'B-' 'B-' 'O'],
1627,5D_5,"animale, mammifero, essere vivente, cellule",pony,cavallo,"mammifero, cellule",1627_5D_5,['animale' 'mammifero' 'essere vivente' 'cellule' 'cavallo' 'pony'],['animale' 'essere vivente' 'cavallo' 'pony'],['B-' 'O' 'B-' 'O' 'B-' 'B-'],
791,2E_12,,"ammirazione, amicizia, amore",affetto,"ammirazione, amore",791_2E_12,[' affetto' 'ammirazione' 'amicizia' 'amore'],[' affetto' 'amicizia'],['B-' 'O' 'B-' 'O'],
1092,3C_1,"divertimento, intrattenimento","gioco, casa delle bambole, bambola, vestitino",giocattolo,"divertimento, intrattenimento, gioco, bambola, vestitino",1092_3C_1,"['divertimento' 'intrattenimento' 'giocattolo' 'gioco'
 'casa delle bambole' 'bambola' 'vestitino']",['giocattolo' 'casa delle bambole'],['O' 'O' 'B-' 'O' 'B-' 'O' 'O'],
2253,3B_7,"sentimento, emozione",,paura,emozione,2253_3B_7,['sentimento' 'emozione' 'paura'],['sentimento' 'paura'],['B-' 'O' 'B-'],
1755,1D_2,"chi cura, persone che mi hanno terrorizzato",,medico,"chi cura, persone che mi hanno terrorizzato",1755_1D_2,['chi cura' 'persone che mi hanno terrorizzato' 'medico'],['medico'],['O' 'O' 'B-'],
1531,5D_14,"persona, essere vivente","Simona, Giulia",insegnante,Giulia,1531_5D_14,['persona' 'essere vivente' 'insegnante' 'Simona' 'Giulia'],['persona' 'essere vivente' 'insegnante' 'Simona'],['B-' 'B-' 'B-' 'B-' 'O'],
1371,1D_23,"mestiere, lavoro",professoressa,insegnante,,1371_1D_23,['mestiere' 'lavoro' 'insegnante' 'professoressa'],['mestiere' 'lavoro' 'insegnante' 'professoressa'],['B-' 'B-' 'B-' 'B-'],
2995,2F_24,dolce,,torta,,2995_2F_24,['dolce' 'torta'],['dolce' 'torta'],['B-' 'B-'],
2300,3C_16,,,mente,,2300_3C_16,[' mente'],[' mente'],['B-'],
2553,1G_19,"immaginazione, cosa finta",opera immaginaria,sogno,opera immaginaria,2553_1G_19,['immaginazione' 'cosa finta' 'sogno' 'opera immaginaria'],['immaginazione' 'cosa finta' 'sogno'],['B-' 'B-' 'B-' 'O'],
2878,5B_5,numero,misura,tempo,"numero, misura",2878_5B_5,['numero' 'tempo' 'misura'],['tempo'],['O' 'B-' 'O'],
1572,1D_9,"libero, felicità, allegria, sentimento, emozione","libertà di leggere, libertà di vivere, libertà di mangiare",libertà,"libero, felicità, allegria, sentimento, emozione, libertà di leggere, libertà di mangiare",1572_1D_9,"['libero' 'felicità' 'allegria' 'sentimento' 'emozione' 'libertà'
 'libertà di leggere' 'libertà di vivere' 'libertà di mangiare']",['libertà' 'libertà di vivere'],['O' 'O' 'O' 'O' 'O' 'B-' 'O' 'B-' 'O'],
1455,3B_10,"persona, essere vivente",professore,insegnante,,1455_3B_10,['persona' 'essere vivente' 'insegnante' 'professore'],['persona' 'essere vivente' 'insegnante' 'professore'],['B-' 'B-' 'B-' 'B-'],
611,2E_1,"cibo, dolce, dessert","tenerina, al cioccolato",torta,"dolce, dessert, al cioccolato",611_2E_1,['cibo' 'dolce' 'dessert' 'torta' 'tenerina' 'al cioccolato'],['cibo' 'torta' 'tenerina'],['B-' 'O' 'O' 'B-' 'B-' 'O'],
1586,5D_2,"persona, mammifero, essere vivente",chirurgo,medico,,1586_5D_2,['persona' 'mammifero' 'essere vivente' 'medico' 'chirurgo'],['persona' 'mammifero' 'essere vivente' 'medico' 'chirurgo'],['B-' 'B-' 'B-' 'B-' 'B-'],
742,5B_21,"persona, essere vivente, mammifero","casa, mobili",badante,"mammifero, casa, mobili",742_5B_21,['persona' 'essere vivente' 'mammifero' 'badante' 'casa' 'mobili'],['persona' 'essere vivente' 'badante'],['B-' 'B-' 'O' 'B-' 'O' 'O'],
960,5D_24,"mammifero, animale, essere vivente",pony,cavallo,,960_5D_24,['mammifero' 'animale' 'essere vivente' 'cavallo' 'pony'],['mammifero' 'animale' 'essere vivente' 'cavallo' 'pony'],['B-' 'B-' 'B-' 'B-' 'B-'],
2541,1D_8,"emozione, sensazione","fantastico, realistico",sogno,"emozione, sensazione, realistico",2541_1D_8,['emozione' 'sensazione' 'sogno' 'fantastico' 'realistico'],['sogno' 'fantastico'],['O' 'O' 'B-' 'B-' 'O'],
1516,1D_19,"cibo, nutrimento, alimento","al cioccolato, cheesecake",torta,"alimento, cheesecake",1516_1D_19,['cibo' 'nutrimento' 'alimento' 'torta' 'al cioccolato' 'cheesecake'],['cibo' 'nutrimento' 'torta' 'al cioccolato'],['B-' 'B-' 'O' 'B-' 'B-' 'O'],
2945,1G_23,"dolce, cibo, commestibile",di compleanno,torta,,2945_1G_23,['dolce' 'cibo' 'commestibile' 'torta' 'torta di compleanno'],['dolce' 'cibo' 'commestibile' 'torta' 'torta di compleanno'],['B-' 'B-' 'B-' 'B-' 'B-'],di compleanno|||torta di compleanno___
699,3B_5,"persona, bipede, mammifero, essere vivente",babysitter,badante,babysitter,699_3B_5,['persona' 'bipede' 'mammifero' 'essere vivente' 'badante' 'babysitter'],['persona' 'bipede' 'mammifero' 'essere vivente' 'badante'],['B-' 'B-' 'B-' 'B-' 'B-' 'O'],
1447,1D_15,mezzo di trasporto,"ruote, motore, mercedes",automobile,"ruote, motore",1447_1D_15,['mezzo di trasporto' 'automobile' 'ruote' 'motore' 'mercedes'],['mezzo di trasporto' 'automobile' 'mercedes'],['B-' 'B-' 'O' 'O' 'B-'],
1003,2E_25,"pensiero, cosa astratta, cosa, entità",caramelle,sogno,"cosa, caramelle",1003_2E_25,['pensiero' 'cosa astratta' 'cosa' 'entità' 'sogno' 'caramelle'],['pensiero' 'cosa astratta' 'entità' 'sogno'],['B-' 'B-' 'O' 'B-' 'B-' 'O'],
1077,3C_5,diritto,libertà di espressione,libertà,,1077_3C_5,['diritto' 'libertà' 'libertà di espressione'],['diritto' 'libertà' 'libertà di espressione'],['B-' 'B-' 'B-'],
1122,3C_8,"oggetto, materiale, di insieme","giocattolo per bambini, giocattolo per cani, giocattolo per gatti",giocattolo,"materiale, di insieme, giocattolo per cani, giocattolo per gatti",1122_3C_8,"['oggetto' 'materiale' 'materiale di insieme' 'giocattolo'
 'giocattolo per bambini' 'giocattolo per cani' 'giocattolo per gatti']",['oggetto' 'giocattolo' 'giocattolo per bambini'],['B-' 'O' 'O' 'B-' 'B-' 'O' 'O'],di insieme|||materiale di insieme___
306,3B_23,,,autista,,306_3B_23,[' autista'],[' autista'],['B-'],
259,2E_4,"persona, mammifero, essere vivente","camion, autostrada",autista,autostrada,259_2E_4,['persona' 'mammifero' 'essere vivente' 'autista' 'camion' 'autostrada'],['persona' 'mammifero' 'essere vivente' 'autista' 'camion'],['B-' 'B-' 'B-' 'B-' 'B-' 'O'],
802,2E_13,"animale, mammifero, essere vivente",da corsa,cavallo,mammifero,802_2E_13,['animale' 'mammifero' 'essere vivente' 'cavallo' 'cavallo da corsa'],['animale' 'essere vivente' 'cavallo' 'cavallo da corsa'],['B-' 'O' 'B-' 'B-' 'B-'],da corsa|||cavallo da corsa___
2171,2F_22,avvenimento,studiare,libertà,"avvenimento, studiare",2171_2F_22,['avvenimento' 'libertà' 'studiare'],['libertà'],['O' 'B-' 'O'],
493,5B_13,"maestra, persona, essere vivente",silvia,insegnante,maestra,493_5B_13,['maestra' 'persona' 'essere vivente' 'insegnante' 'silvia'],['persona' 'essere vivente' 'insegnante' 'silvia'],['O' 'B-' 'B-' 'B-' 'B-'],
562,5D_15,"inquinare, veloce, finestrini","panda, lamborghini, bmw",automobile,"inquinare, veloce, finestrini, lamborghini, bmw",562_5D_15,"['inquinare' 'veloce' 'finestrini' 'automobile' 'panda' 'lamborghini'
 'bmw']",['automobile' 'panda'],['O' 'O' 'O' 'B-' 'B-' 'O' 'O'],
635,2E_2,"dimostrare bene, emozione, sentimento, cosa astratta",familiare ,affetto,"dimostrare bene, sentimento",635_2E_2,"['dimostrare bene' 'emozione' 'sentimento' 'cosa astratta' 'affetto'
 'familiare']",['emozione' 'cosa astratta' 'affetto' 'familiare'],['O' 'B-' 'O' 'B-' 'B-' 'B-'],
2833,3B_5,unità di misura,,tempo,,2833_3B_5,['unità di misura' 'tempo'],['unità di misura' 'tempo'],['B-' 'B-'],
2102,5B_4,cervello,,mente,cervello,2102_5B_4,['cervello' 'mente'],['mente'],['O' 'B-'],
2434,3C_25,,"mezzo di trasporto, devo andare a Bolo",automobile,"mezzo di trasporto, devo andare a Bolo",2434_3C_25,[' automobile' 'mezzo di trasporto' 'devo andare a Bolo'],[' automobile'],['B-' 'O' 'O'],
2495,5B_9,,,rabbia,,2495_5B_9,[' rabbia'],[' rabbia'],['B-'],
1478,1D_17,"lavoratore, persona, mammifero, vertebrato, organismo pluricellulare, essere vivente, entità","chirurgo, dentista",medico,dentista,1478_1D_17,"['lavoratore' 'persona' 'mammifero' 'vertebrato'
 'organismo pluricellulare' 'essere vivente' 'entità' 'medico' 'chirurgo'
 'dentista']","['lavoratore' 'persona' 'mammifero' 'vertebrato'
 'organismo pluricellulare' 'essere vivente' 'entità' 'medico' 'chirurgo']",['B-' 'B-' 'B-' 'B-' 'B-' 'B-' 'B-' 'B-' 'B-' 'O'],
2463,3C_21,sentimento,furia,rabbia,,2463_3C_21,['sentimento' 'rabbia' 'furia'],['sentimento' 'rabbia' 'furia'],['B-' 'B-' 'B-'],
2282,5B_10,"emozione, sentimento",spavento,paura,sentimento,2282_5B_10,['emozione' 'sentimento' 'paura' 'spavento'],['emozione' 'paura' 'spavento'],['B-' 'O' 'B-' 'B-'],
197,1D_12,"persona, guidare, portare gente","autobus, macchina, motorino",autista,"guidare, portare gente, macchina, motorino",197_1D_12,"['persona' 'guidare' 'portare gente' 'autista' 'autobus' 'macchina'
 'motorino']",['persona' 'autista' 'autobus'],['B-' 'O' 'O' 'B-' 'B-' 'O' 'O'],
335,3C_3,"persona, donna, essere vivente, insieme di cellule",taxista,autista,"donna, insieme di cellule",335_3C_3,"['persona' 'donna' 'essere vivente' 'insieme di cellule' 'autista'
 'taxista']",['persona' 'essere vivente' 'autista' 'taxista'],['B-' 'O' 'B-' 'O' 'B-' 'B-'],
380,5D_3,persona che guida mezzo di trasporto,persona,autista,persona,380_5D_3,['persona che guida mezzo di trasporto' 'autista' 'persona'],['persona che guida mezzo di trasporto' 'autista'],['B-' 'B-' 'O'],
200,1D_15,"macchina, professione","taxista, macchinista",autista,"macchina, macchinista",200_1D_15,['macchina' 'professione' 'autista' 'taxista' 'macchinista'],['professione' 'autista' 'taxista'],['O' 'B-' 'B-' 'B-' 'O'],
187,5D_3,amore,,affetto,amore,187_5D_3,['amore' 'affetto'],['affetto'],['O' 'B-'],
3038,3C_16,"dolce, cibo","tenerina, cheesecake al pistacchio",torta,cheesecake al pistacchio,3038_3C_16,['dolce' 'cibo' 'torta' 'tenerina' 'cheesecake al pistacchio'],['dolce' 'cibo' 'torta' 'tenerina'],['B-' 'B-' 'B-' 'B-' 'O'],
1545,5D_5,persona,mestiere,insegnante,mestiere,1545_5D_5,['persona' 'insegnante' 'mestiere'],['persona' 'insegnante'],['B-' 'B-' 'O'],
1152,3C_10,"persona, essere umano, essere vivente",medico di famiglia,medico,,1152_3C_10,['persona' 'essere umano' 'essere vivente' 'medico' 'medico di famiglia'],['persona' 'essere umano' 'essere vivente' 'medico' 'medico di famiglia'],['B-' 'B-' 'B-' 'B-' 'B-'],
557,5B_17,parte del corpo,sveglia,mente,parte del corpo ,557_5B_17,['parte del corpo' 'mente' 'sveglia'],['parte del corpo' 'mente' 'sveglia'],['B-' 'B-' 'B-'],
424,5B_9,"emozione, pensiero, cosa astratta","dei ragni, aracnofobia",paura,"pensiero, aracnofobia",424_5B_9,['emozione' 'pensiero' 'cosa astratta' 'paura' 'dei ragni' 'aracnofobia'],['emozione' 'cosa astratta' 'paura' 'dei ragni'],['B-' 'O' 'B-' 'B-' 'B-' 'O'],
511,5B_15,"mezzo di spostamento, cosa","scoda, blu",automobile,,511_5B_15,['mezzo di spostamento' 'cosa' 'automobile' 'scoda' 'blu'],['mezzo di spostamento' 'cosa' 'automobile' 'scoda' 'blu'],['B-' 'B-' 'B-' 'B-' 'B-'],
1008,3C_1,"professione, lavoro, occupazione, passatempo","professoressa, prof di spagnolo, prof cilli",insegnante,passatempo,1008_3C_1,"['professione' 'lavoro' 'occupazione' 'passatempo' 'insegnante'
 'professoressa' 'prof di spagnolo' 'prof cilli']","['professione' 'lavoro' 'occupazione' 'insegnante' 'professoressa'
 'prof di spagnolo' 'prof cilli']",['B-' 'B-' 'B-' 'O' 'B-' 'B-' 'B-' 'B-'],
649,2E_7,"essere vivente, mammifero, persona",babysitter,badante,"mammifero, persona, babysitter",649_2E_7,['essere vivente' 'mammifero' 'persona' 'badante' 'babysitter'],['essere vivente' 'badante'],['B-' 'O' 'O' 'B-' 'O'],
1951,2F_7,"donna, lavoro, professione, impegno, passatempo",,badante,"lavoro, professione, impegno, passatempo",1951_2F_7,['donna' 'lavoro' 'professione' 'impegno' 'passatempo' 'badante'],['donna' 'badante'],['B-' 'O' 'O' 'O' 'O' 'B-'],
1163,1D_10,sentimento,,gioia,,1163_1D_10,['sentimento' 'gioia'],['sentimento' 'gioia'],['B-' 'B-'],
1218,1D_1,parte del corpo,cervello,mente,"parte del corpo, cervello",1218_1D_1,['parte del corpo' 'mente' 'cervello'],['mente'],['O' 'B-' 'O'],
1884,3C_24,"lavoro, organizzazione",legale,medico,organizzazione,1884_3C_24,['lavoro' 'organizzazione' 'medico' 'legale'],['lavoro' 'medico' 'legale'],['B-' 'O' 'B-' 'B-'],
935,5B_20,"mammifero, animale, essere vivente",,cavallo,,935_5B_20,['mammifero' 'animale' 'essere vivente' 'cavallo'],['mammifero' 'animale' 'essere vivente' 'cavallo'],['B-' 'B-' 'B-' 'B-'],
1454,3B_1,"mestiere, lavoro, guadagno, sopravvivenza, bisogno, dovere","matematica, italiano, motoria",insegnante,"guadagno, sopravvivenza, bisogno, italiano, motoria",1454_3B_1,"['mestiere' 'lavoro' 'guadagno' 'sopravvivenza' 'bisogno' 'dovere'
 'insegnante' 'matematica' 'italiano' 'motoria']",['mestiere' 'lavoro' 'dovere' 'insegnante' 'matematica'],['B-' 'B-' 'O' 'O' 'O' 'B-' 'B-' 'B-' 'O' 'O'],
628,2E_2,"eucariote, mammifero, animale, essere vivente, entità","pony, bianco",cavallo,eucariote,628_2E_2,"['eucariote' 'mammifero' 'animale' 'essere vivente' 'entità' 'cavallo'
 'pony' 'bianco']",['mammifero' 'animale' 'essere vivente' 'entità' 'cavallo' 'pony' 'bianco'],['O' 'B-' 'B-' 'B-' 'B-' 'B-' 'B-' 'B-'],
1750,5D_15,camionista,,autista,camionista,1750_5D_15,['camionista' 'autista'],['autista'],['O' 'B-'],
2388,2E_24,emozione,,rabbia,,2388_2E_24,['emozione' 'rabbia'],['emozione' 'rabbia'],['B-' 'B-'],
543,5B_16,"mezzo di trasporto, manufatto",kia,automobile,,543_5B_16,['mezzo di trasporto' 'manufatto' 'automobile' 'kia'],['mezzo di trasporto' 'manufatto' 'automobile' 'kia'],['B-' 'B-' 'B-' 'B-'],
2370,1G_8,"sentimento, emozione, stato d'animo",furia,rabbia,"emozione, stato d'animo",2370_1G_8,"['sentimento' 'emozione' ""stato d'animo"" 'rabbia' 'furia']",['sentimento' 'rabbia' 'furia'],['B-' 'O' 'O' 'B-' 'B-'],
2427,3B_12,urlo,violento,rabbia,"urlo, violento",2427_3B_12,['urlo' 'rabbia' 'violento'],['rabbia'],['O' 'B-' 'O'],
1849,3B_16,"lavoratore, umano, bipede, pluricellulare, essere vivente",ortopedico,medico,,1849_3B_16,"['lavoratore' 'umano' 'bipede' 'pluricellulare' 'essere vivente' 'medico'
 'ortopedico']","['lavoratore' 'umano' 'bipede' 'pluricellulare' 'essere vivente' 'medico'
 'ortopedico']",['B-' 'B-' 'B-' 'B-' 'B-' 'B-' 'B-'],
1502,3C_7,"professione, intelligenza, studio, scuola",,insegnante,"intelligenza, studio, scuola",1502_3C_7,['professione' 'intelligenza' 'studio' 'scuola' 'insegnante'],['professione' 'insegnante'],['B-' 'O' 'O' 'O' 'B-'],
1671,5D_10,"animale, mammifero, entità",pony,cavallo,mammifero,1671_5D_10,['animale' 'mammifero' 'entità' 'cavallo' 'pony'],['animale' 'entità' 'cavallo' 'pony'],['B-' 'O' 'B-' 'B-' 'B-'],
682,2E_5,"persona, mammifero, essere vivente, entità",ostetrica,medico,,682_2E_5,['persona' 'mammifero' 'essere vivente' 'entità' 'medico' 'ostetrica'],['persona' 'mammifero' 'essere vivente' 'entità' 'medico' 'ostetrica'],['B-' 'B-' 'B-' 'B-' 'B-' 'B-'],
409,5B_8,"emozione, cosa astratta, cosa ",ira,rabbia,,409_5B_8,['emozione' 'cosa astratta' 'cosa ' 'rabbia' 'ira'],['emozione' 'cosa astratta' 'cosa ' 'rabbia' 'ira'],['B-' 'B-' 'B-' 'B-' 'B-'],
1542,5D_24,"mestiere, persona, essere vivente",matematico,insegnante,"persona, essere vivente",1542_5D_24,['mestiere' 'persona' 'essere vivente' 'insegnante' 'matematico'],['mestiere' 'insegnante' 'matematico'],['B-' 'O' 'O' 'B-' 'B-'],
277,1G_23,"dolce, cibo, oggetto","torta gelato, alla fragola",torta,,277_1G_23,"['dolce' 'cibo' 'oggetto' 'torta' 'torta gelato'
 'torta gelato alla fragola']","['dolce' 'cibo' 'oggetto' 'torta' 'torta gelato'
 'torta gelato alla fragola']",['B-' 'B-' 'B-' 'B-' 'B-' 'B-'],alla fragola|||torta gelato alla fragola___
1950,2F_7,"animale, mammifero, quadrupede",pony,cavallo,"mammifero, quadrupede",1950_2F_7,['animale' 'mammifero' 'quadrupede' 'cavallo' 'pony'],['animale' 'cavallo' 'pony'],['B-' 'O' 'O' 'B-' 'B-'],
2123,5D_23,,,mente,,2123_5D_23,[' mente'],[' mente'],['B-'],
1877,2F_2,"emozione, sentimento","abbraccio, amore",affetto,"sentimento, abbraccio",1877_2F_2,['emozione' 'sentimento' 'affetto' 'abbraccio' 'amore'],['emozione' 'affetto' 'amore'],['B-' 'O' 'B-' 'O' 'B-'],
1062,3C_4,"intrattenimento materiale, intrattenimento, passatempo, oggetto, insieme di molecole, insieme di atomi, entità","modellino, modellino statico, schwere panzer spaiawegen sonderkraftfahtzeug mits 50 centimiter panzerkampfkanone",giocattolo,"intrattenimento materiale, intrattenimento, passatempo,  insieme di molecole, insieme di atomi",1062_3C_4,"['intrattenimento materiale' 'intrattenimento' 'passatempo' 'oggetto'
 'insieme di molecole' 'insieme di atomi' 'entità' 'giocattolo'
 'modellino' 'modellino statico'
 'schwere panzer spaiawegen sonderkraftfahtzeug mits 50 centimiter panzerkampfkanone']","['oggetto' 'insieme di molecole' 'entità' 'giocattolo' 'modellino'
 'modellino statico'
 'schwere panzer spaiawegen sonderkraftfahtzeug mits 50 centimiter panzerkampfkanone']",['O' 'O' 'O' 'B-' 'B-' 'O' 'B-' 'B-' 'B-' 'B-' 'B-'],
2307,5D_14,"sentimento, emozione",aracnofobia,paura,emozione,2307_5D_14,['sentimento' 'emozione' 'paura' 'aracnofobia'],['sentimento' 'paura' 'aracnofobia'],['B-' 'O' 'B-' 'B-'],
1342,1D_8,"alimento dolce o salato, cibo",tenerina,torta,,1342_1D_8,['alimento dolce o salato' 'cibo' 'torta' 'tenerina'],['alimento dolce o salato' 'cibo' 'torta' 'tenerina'],['B-' 'B-' 'B-' 'B-'],
2438,3C_25,"testa, cervello",,mente,"testa, cervello",2438_3C_25,['testa' 'cervello' 'mente'],['mente'],['O' 'O' 'B-'],
1168,3C_11,emozione,del mare,paura,,1168_3C_11,['emozione' 'paura' 'paura del mare'],['emozione' 'paura' 'paura del mare'],['B-' 'B-' 'B-'],del mare|||paura del mare___
2754,1G_4,"orologio, oggetto, cosa",,tempo,"orologio, oggetto, cosa",2754_1G_4,['orologio' 'oggetto' 'cosa' 'tempo'],['tempo'],['O' 'O' 'O' 'B-'],
1443,2F_23,"lavoro, passatempo",Di Lallo,insegnante,passatempo,1443_2F_23,['lavoro' 'passatempo' 'insegnante' 'Di Lallo'],['lavoro' 'insegnante' 'Di Lallo'],['B-' 'O' 'B-' 'B-'],
1170,1D_17,"stato d'animo, emozione",felicità,gioia,"emozione, felicità",1170_1D_17,"[""stato d'animo"" 'emozione' 'gioia' 'felicità']","[""stato d'animo"" 'gioia']",['B-' 'O' 'B-' 'O'],
1538,1D_21,scatola piena di pensieri,vuota,mente,scatola piena di pensieri,1538_1D_21,['scatola piena di pensieri' 'mente' 'vuota'],['mente' 'vuota'],['O' 'B-' 'B-'],
607,1G_13,"persona, essere vivente, babysitter per anziani",aiutante,badante,"babysitter per anziani, aiutante",607_1G_13,['persona' 'essere vivente' 'babysitter per anziani' 'badante' 'aiutante'],['persona' 'essere vivente' 'badante'],['B-' 'B-' 'O' 'B-' 'O'],
676,2E_5,"sensazione, entità",di pensare,libertà,entità,676_2E_5,['sensazione' 'entità' 'libertà' 'libertà di pensare'],['sensazione' 'libertà' 'libertà di pensare'],['B-' 'O' 'B-' 'B-'],di pensare|||libertà di pensare___
1498,3C_3,"persona, lavoratore",italiano,insegnante,lavoratore,1498_3C_3,['persona' 'lavoratore' 'insegnante' 'italiano'],['persona' 'insegnante' 'italiano'],['B-' 'O' 'B-' 'B-'],
534,3C_8,"veicolo, mezzo, trasporto","lamborghini, ferrari, porche",automobile,"ferrari, porche",534_3C_8,"['veicolo' 'mezzo' 'trasporto' 'automobile' 'lamborghini' 'ferrari'
 'porche']",['veicolo' 'mezzo' 'trasporto' 'automobile' 'lamborghini'],['B-' 'B-' 'B-' 'B-' 'B-' 'O' 'O'],
1317,5B_15,sentimento,"emozione, felicità",gioia,"sentimento, felicità",1317_5B_15,['sentimento' 'gioia' 'emozione' 'felicità'],['gioia' 'emozione'],['O' 'B-' 'B-' 'O'],
992,2E_25,"persona, essere vivente, entità",carmen,badante,,992_2E_25,['persona' 'essere vivente' 'entità' 'badante' 'carmen'],['persona' 'essere vivente' 'entità' 'badante' 'carmen'],['B-' 'B-' 'B-' 'B-' 'B-'],
1469,1D_16,"persona, mammifero, vertebrato, essere vivente pluricellulare, entità",,badante,,1469_1D_16,"['persona' 'mammifero' 'vertebrato' 'essere vivente pluricellulare'
 'entità' 'badante']","['persona' 'mammifero' 'vertebrato' 'essere vivente pluricellulare'
 'entità' 'badante']",['B-' 'B-' 'B-' 'B-' 'B-' 'B-'],
1015,3C_1,"operatore sanitario, persona, essere umano, essere vivente","chirurgo, chirurgo spec pancreas, ludovico",medico,,1015_3C_1,"['operatore sanitario' 'persona' 'essere umano' 'essere vivente' 'medico'
 'chirurgo' 'chirurgo spec pancreas' 'ludovico']","['operatore sanitario' 'persona' 'essere umano' 'essere vivente' 'medico'
 'chirurgo' 'chirurgo spec pancreas' 'ludovico']",['B-' 'B-' 'B-' 'B-' 'B-' 'B-' 'B-' 'B-'],
955,2E_22,,,sogno,,955_2E_22,[' sogno'],[' sogno'],['B-'],
363,5D_1,,camionista,autista,,363_5D_1,[' autista' 'camionista'],[' autista' 'camionista'],['B-' 'B-'],
1874,2F_2,"guidatore, persona, essere umano, mammifero, anima, essere vivente, un tipo di cosa","taxi, uber, fake taxi",autista,"anima, un tipo di cosa, fake taxi",1874_2F_2,"['guidatore' 'persona' 'essere umano' 'mammifero' 'anima' 'essere vivente'
 'un tipo di cosa' 'autista' 'taxi' 'uber' 'fake taxi']","['guidatore' 'persona' 'essere umano' 'mammifero' 'essere vivente'
 'autista' 'taxi' 'uber']",['B-' 'B-' 'B-' 'B-' 'O' 'B-' 'O' 'B-' 'B-' 'B-' 'O'],
1475,1D_17,"malattia, cosa, essere non vivente, entità",,rabbia,"cosa, essere non vivente",1475_1D_17,['malattia' 'cosa' 'essere non vivente' 'entità' 'rabbia'],['malattia' 'entità' 'rabbia'],['B-' 'O' 'O' 'B-' 'B-'],
1608,5D_3,unicorno,cavalcare un cavallo,cavallo,"unicorno, cavalcare un cavallo",1608_5D_3,['unicorno' 'cavallo' 'cavalcare un cavallo'],['cavallo'],['O' 'B-' 'O'],
525,3C_22,"macchina, mezzo di trasporto, veicolo","rossa, blu, verde",automobile,"macchina, veicolo, blu, verde",525_3C_22,"['macchina' 'mezzo di trasporto' 'veicolo' 'automobile' 'rossa' 'blu'
 'verde']",['mezzo di trasporto' 'automobile' 'rossa'],['O' 'B-' 'O' 'B-' 'B-' 'O' 'O'],
1155,5D_3,oggetto,"macchinina, robot, barbie",giocattolo,"robot, barbie",1155_5D_3,['oggetto' 'giocattolo' 'macchinina' 'robot' 'barbie'],['oggetto' 'giocattolo' 'macchinina'],['B-' 'B-' 'B-' 'O' 'O'],
500,5B_14,controllante,severa,badante,"controllante, severa",500_5B_14,['controllante' 'badante' 'severa'],['badante'],['O' 'B-' 'O'],
525,5B_15,"emozione, sentimento, modo di essere, entità",,affetto,"sentimento, modo di essere",525_5B_15,['emozione' 'sentimento' 'modo di essere' 'entità' 'affetto'],['emozione' 'entità' 'affetto'],['B-' 'O' 'O' 'B-' 'B-'],
2089,5B_11,,,mente,,2089_5B_11,[' mente'],[' mente'],['B-'],
1537,5D_2,"prof, maestra","mate, ita, geog",insegnante,"prof, maestra, ita, geog",1537_5D_2,['prof' 'maestra' 'insegnante' 'mate' 'ita' 'geog'],['insegnante' 'mate'],['O' 'O' 'B-' 'B-' 'O' 'O'],
3071,5B_4,"dolce, cibo, fonte di energia, risorsa, cosa",cupcake al cioccolato,torta,cupcake al cioccolato,3071_5B_4,"['dolce' 'cibo' 'fonte di energia' 'risorsa' 'cosa' 'torta'
 'cupcake al cioccolato']",['dolce' 'cibo' 'fonte di energia' 'risorsa' 'cosa' 'torta'],['B-' 'B-' 'B-' 'B-' 'B-' 'B-' 'O'],
614,1G_2,"persona, essere vivente",vigilante,badante,vigilante,614_1G_2,['persona' 'essere vivente' 'badante' 'vigilante'],['persona' 'essere vivente' 'badante'],['B-' 'B-' 'B-' 'O'],
128,1G_10,pubblico ufficiale,,medico,pubblico ufficiale,128_1G_10,['pubblico ufficiale' 'medico'],['medico'],['O' 'B-'],
2613,2F_5,,incubo,sogno,,2613_2F_5,[' sogno' 'incubo'],[' sogno' 'incubo'],['B-' 'B-'],
1788,1G_8,"dottore, lavoro, professione",pediatra,medico,"dottore, professione",1788_1G_8,['dottore' 'lavoro' 'professione' 'medico' 'pediatra'],['lavoro' 'medico' 'pediatra'],['O' 'B-' 'O' 'B-' 'B-'],
812,1G_23,"animale, essere vivente",,cavallo,,812_1G_23,['animale' 'essere vivente' 'cavallo'],['animale' 'essere vivente' 'cavallo'],['B-' 'B-' 'B-'],
23,1G_1,,,affetto,,23_1G_1,[' affetto'],[' affetto'],['B-'],
410,1G_1,"oggetto, automobilista",,automobile,automobilista,410_1G_1,['oggetto' 'automobilista' 'automobile'],['oggetto' 'automobile'],['B-' 'O' 'B-'],
814,2E_13,,"voler bene, amare",affetto,amare,814_2E_13,[' affetto' 'voler bene' 'amare'],[' affetto' 'voler bene'],['B-' 'B-' 'O'],
1725,5D_14,sentimento,diritto,libertà,"sentimento, diritto",1725_5D_14,['sentimento' 'libertà' 'diritto'],['libertà'],['O' 'B-' 'O'],
1399,1G_7,persona,"matematica, scienze, italiano",insegnante,"scienze, italiano",1399_1G_7,['persona' 'insegnante' 'matematica' 'scienze' 'italiano'],['persona' 'insegnante' 'matematica'],['B-' 'B-' 'B-' 'O' 'O'],
594,5B_21,"immaginazione, cosa, entità","incubo, mostro, blue",sogno,cosa,594_5B_21,['immaginazione' 'cosa' 'entità' 'sogno' 'incubo' 'mostro' 'blue'],['immaginazione' 'entità' 'sogno' 'incubo' 'mostro' 'blue'],['B-' 'O' 'B-' 'B-' 'B-' 'B-' 'B-'],
1537,1D_21,"emozione, sensazione, sentimento ","spazi chiusi, claustrofobia",paura,sentimento,1537_1D_21,"['emozione' 'sensazione' 'sentimento ' 'paura' 'spazi chiusi'
 'claustrofobia']","['emozione' 'sensazione' 'sentimento ' 'paura' 'spazi chiusi'
 'claustrofobia']",['B-' 'B-' 'B-' 'B-' 'B-' 'B-'],
1274,1D_4,"atteggiamento, azione",amore,affetto,"atteggiamento, azione",1274_1D_4,['atteggiamento' 'azione' 'affetto' 'amore'],['affetto' 'amore'],['O' 'O' 'B-' 'B-'],
193,5D_9,,,affetto,,193_5D_9,[' affetto'],[' affetto'],['B-'],
2892,5D_18,periodo,"ora, minuto, secondo",tempo,"minuto, secondo",2892_5D_18,['periodo' 'tempo' 'ora' 'minuto' 'secondo'],['periodo' 'tempo' 'ora'],['B-' 'B-' 'B-' 'O' 'O'],
1345,5D_21,emozione,,gioia,,1345_5D_21,['emozione' 'gioia'],['emozione' 'gioia'],['B-' 'B-'],
1978,1G_4,"cervello, organo, stomaco",,mente,"cervello, organo, stomaco",1978_1G_4,['cervello' 'organo' 'stomaco' 'mente'],['mente'],['O' 'O' 'O' 'B-'],
968,2E_23,"ansia, emozione, cosa astratta","dei ragni, claustrofobia, aracnofobia",paura,"ansia, claustrofobia, aracnofobia",968_2E_23,"['ansia' 'emozione' 'cosa astratta' 'paura' 'dei ragni' 'claustrofobia'
 'aracnofobia']",['emozione' 'cosa astratta' 'paura' 'dei ragni'],['O' 'B-' 'B-' 'B-' 'B-' 'O' 'O'],
2239,2F_27,intrattenimento,barbie,giocattolo,intrattenimento,2239_2F_27,['intrattenimento' 'giocattolo' 'barbie'],['giocattolo' 'barbie'],['O' 'B-' 'B-'],
717,3C_21,"lavoro, persona, essere vivente",,badante,"persona, essere vivente",717_3C_21,['lavoro' 'persona' 'essere vivente' 'badante'],['lavoro' 'badante'],['B-' 'O' 'O' 'B-'],
1234,1D_2,sentimento,,libertà,sentimento,1234_1D_2,['sentimento' 'libertà'],['libertà'],['O' 'B-'],
2056,3B_4,cervello,testa,mente,"cervello, testa",2056_3B_4,['cervello' 'mente' 'testa'],['mente'],['O' 'B-' 'O'],
598,5B_21,"misura, calcolo, numero, cosa, entità","orologio, nero, nero e bianco",tempo,"calcolo, numero, cosa, orologio, nero, nero e bianco",598_5B_21,"['misura' 'calcolo' 'numero' 'cosa' 'entità' 'tempo' 'orologio' 'nero'
 'nero e bianco']",['misura' 'entità' 'tempo'],['B-' 'O' 'O' 'O' 'B-' 'B-' 'O' 'O' 'O'],
1108,3C_7,,no pregiudizi,libertà,no pregiudizi,1108_3C_7,[' libertà' 'no pregiudizi'],[' libertà'],['B-' 'O'],
295,3B_13,"autobus, treno",pilota,autista,"autobus, treno",295_3B_13,['autobus' 'treno' 'autista' 'pilota'],['autista' 'pilota'],['O' 'O' 'B-' 'B-'],
1717,5D_13,"lavoro, obbligo, ordine, comandamento, legge","pediatra, femmina",medico,"obbligo, ordine, comandamento, legge, femmina",1717_5D_13,"['lavoro' 'obbligo' 'ordine' 'comandamento' 'legge' 'medico' 'pediatra'
 'femmina']",['lavoro' 'medico' 'pediatra'],['B-' 'O' 'O' 'O' 'O' 'B-' 'B-' 'O'],
2757,1G_7,linee del tempo,"storico, reale, inreale",tempo,"linee del tempo, reale, inreale",2757_1G_7,['linee del tempo' 'tempo' 'storico' 'reale' 'inreale'],['tempo' 'storico'],['O' 'B-' 'B-' 'O' 'O'],
1039,3C_3,"immaginazione, inconscio",incubo,sogno,inconscio,1039_3C_3,['immaginazione' 'inconscio' 'sogno' 'incubo'],['immaginazione' 'sogno' 'incubo'],['B-' 'O' 'B-' 'B-'],
1320,1D_7,"inquinante, benzina, veicolo, mezzo, mezzo comodo, mezzo di trasporto","audi rs6, lamborghini, ferrari",automobile,"inquinante, benzina, mezzo comodo, mezzo di trasporto, lamborghini, ferrari",1320_1D_7,"['inquinante' 'benzina' 'veicolo' 'mezzo' 'mezzo comodo'
 'mezzo di trasporto' 'automobile' 'audi rs6' 'lamborghini' 'ferrari']",['veicolo' 'mezzo' 'automobile' 'audi rs6'],['O' 'O' 'B-' 'B-' 'O' 'O' 'B-' 'B-' 'O' 'O'],
1313,1D_7,,,affetto,,1313_1D_7,[' affetto'],[' affetto'],['B-'],
1388,1G_18,"persona, umano, essere vivente, animale","maestra/o di geografia, professoressa/o di sostegno, professoressa di lettere",insegnante,"animale, professoressa/o di sostegno, professoressa di lettere",1388_1G_18,"['persona' 'umano' 'essere vivente' 'animale' 'insegnante'
 'maestra/o di geografia' 'professoressa/o di sostegno'
 'professoressa di lettere']",['persona' 'umano' 'essere vivente' 'insegnante' 'maestra/o di geografia'],['B-' 'B-' 'B-' 'O' 'B-' 'B-' 'O' 'O'],
397,1D_19,mezzo di trasporto,,automobile,,397_1D_19,['mezzo di trasporto' 'automobile'],['mezzo di trasporto' 'automobile'],['B-' 'B-'],
14,1D_22,emozione,"amore, amicizia",affetto,amicizia,14_1D_22,['emozione' 'affetto' 'amore' 'amicizia'],['emozione' 'affetto' 'amore'],['B-' 'B-' 'B-' 'O'],
1684,5D_11,"mestiere, entità",tassista,autista,,1684_5D_11,['mestiere' 'entità' 'autista' 'tassista'],['mestiere' 'entità' 'autista' 'tassista'],['B-' 'B-' 'B-' 'B-'],
445,2E_20,"benzina, miscela, olio, gas, acqua",macchina,automobile,"benzina, miscela, olio, gas, acqua, macchina",445_2E_20,['benzina' 'miscela' 'olio' 'gas' 'acqua' 'automobile' 'macchina'],['automobile'],['O' 'O' 'O' 'O' 'O' 'B-' 'O'],
326,5B_3,"emozione, cosa astratta",amoroso,affetto,,326_5B_3,['emozione' 'cosa astratta' 'affetto' 'amoroso'],['emozione' 'cosa astratta' 'affetto' 'amoroso'],['B-' 'B-' 'B-' 'B-'],
1193,1G_17,"emozione, sensazione, stato d'animo","nome, giovannino",gioia,"stato d'animo, nome, giovannino",1193_1G_17,"['emozione' 'sensazione' ""stato d'animo"" 'gioia' 'nome' 'giovannino']",['emozione' 'sensazione' 'gioia'],['B-' 'B-' 'O' 'B-' 'O' 'O'],
1193,3C_12,,,mente,,1193_3C_12,[' mente'],[' mente'],['B-'],
203,1G_18,"parte del corpo, cosa essenziale, entità",mente contorta,mente,"cosa essenziale, parte del corpo",203_1G_18,['parte del corpo' 'cosa essenziale' 'entità' 'mente' 'mente contorta'],['entità' 'mente' 'mente contorta'],['O' 'O' 'B-' 'B-' 'B-'],
1888,2F_3,"condizione di uno stato, condizione di vita","diritto, libertà di pensiero",libertà,"condizione di uno stato, diritto",1888_2F_3,"['condizione di uno stato' 'condizione di vita' 'libertà' 'diritto'
 'libertà di pensiero']",['condizione di vita' 'libertà' 'libertà di pensiero'],['O' 'B-' 'B-' 'O' 'B-'],
2479,5B_13,"emozione, sentimento",sfogamento,rabbia,"sentimento, sfogamento",2479_5B_13,['emozione' 'sentimento' 'rabbia' 'sfogamento'],['emozione' 'rabbia'],['B-' 'O' 'B-' 'O'],
812,2E_13,"lavoro, mammifero, essere umano, essere vivente",,badante,"mammifero, essere umano, essere vivente",812_2E_13,['lavoro' 'mammifero' 'essere umano' 'essere vivente' 'badante'],['lavoro' 'badante'],['B-' 'O' 'O' 'O' 'B-'],
1301,1D_6,"lavoratore, persona, essere vivente",taxista,autista,,1301_1D_6,['lavoratore' 'persona' 'essere vivente' 'autista' 'taxista'],['lavoratore' 'persona' 'essere vivente' 'autista' 'taxista'],['B-' 'B-' 'B-' 'B-' 'B-'],
2357,1G_17,"emozione, sentimento, stato d'animo","furia, clash royal, super ceel",rabbia,"sentimento, stato d'animo, clash royal, super ceel",2357_1G_17,"['emozione' 'sentimento' ""stato d'animo"" 'rabbia' 'furia' 'clash royal'
 'super ceel']",['emozione' 'rabbia' 'furia'],['B-' 'O' 'O' 'B-' 'B-' 'O' 'O'],
2312,3C_17,immaginazione,incubo,sogno,,2312_3C_17,['immaginazione' 'sogno' 'incubo'],['immaginazione' 'sogno' 'incubo'],['B-' 'B-' 'B-'],
1087,3C_6,"persona che guida, professione, mestiere, passatempo, azione",,autista,"mestiere, passatempo",1087_3C_6,"['persona che guida' 'professione' 'mestiere' 'passatempo' 'azione'
 'autista']",['persona che guida' 'professione' 'azione' 'autista'],['B-' 'B-' 'O' 'O' 'B-' 'B-'],
1369,1D_21,professione,matematica,insegnante,,1369_1D_21,['professione' 'insegnante' 'matematica'],['professione' 'insegnante' 'matematica'],['B-' 'B-' 'B-'],
1211,2E_12,"emozione, stato d'animo, cosa astratta","bei momenti, ricordi",gioia,"stato d'animo, bei momenti, ricordi",1211_2E_12,"['emozione' ""stato d'animo"" 'cosa astratta' 'gioia' 'bei momenti'
 'ricordi']",['emozione' 'cosa astratta' 'gioia'],['B-' 'O' 'B-' 'B-' 'O' 'O'],
1425,2E_7,"persona, essere vivente, mammifero",Enrico,insegnante,mammifero,1425_2E_7,['persona' 'essere vivente' 'mammifero' 'insegnante' 'Enrico'],['persona' 'essere vivente' 'insegnante' 'Enrico'],['B-' 'B-' 'O' 'B-' 'B-'],
1320,5B_18,"emozione, benessere","armonia, cose belle",gioia,"benessere, armonia, cose belle",1320_5B_18,['emozione' 'benessere' 'gioia' 'armonia' 'cose belle'],['emozione' 'gioia'],['B-' 'O' 'B-' 'O' 'O'],
1601,2E_14,piacere,diritto,libertà,"piacere, diritto",1601_2E_14,['piacere' 'libertà' 'diritto'],['libertà'],['O' 'B-' 'O'],
468,2F_18,"ruote, sportelli, tencologia, luci","macchina, ferrari, lamborghini",automobile,"ruote, sportelli, tencologia, luci, macchina, lamborghini",468_2F_18,"['ruote' 'sportelli' 'tencologia' 'luci' 'automobile' 'macchina' 'ferrari'
 'lamborghini']",['automobile' 'ferrari'],['O' 'O' 'O' 'O' 'B-' 'O' 'B-' 'O'],
2813,3B_10,misura,,tempo,,2813_3B_10,['misura' 'tempo'],['misura' 'tempo'],['B-' 'B-'],
509,3B_8,"veicolo, mezzo di trasporto",,automobile,,509_3B_8,['veicolo' 'mezzo di trasporto' 'automobile'],['veicolo' 'mezzo di trasporto' 'automobile'],['B-' 'B-' 'B-'],
2359,1G_19,emozione,stress,rabbia,stress,2359_1G_19,['emozione' 'rabbia' 'stress'],['emozione' 'rabbia'],['B-' 'B-' 'O'],
1198,1G_21,personalità,"ricordo, passato",gioia,"personalità, ricordo, passato",1198_1G_21,['personalità' 'gioia' 'ricordo' 'passato'],['gioia'],['O' 'B-' 'O' 'O'],
974,2E_23,"oggetto, gioco","per bambini, per 18+, puzzle ",giocattolo,"gioco, per 18+",974_2E_23,"['oggetto' 'gioco' 'giocattolo' 'giocattolo per bambini'
 'giocattolo per 18+' 'puzzle']",['oggetto' 'giocattolo' 'giocattolo per bambini' 'puzzle'],['B-' 'O' 'B-' 'B-' 'O' 'B-'],per bambini|||giocattolo per bambini___per 18+|||giocattolo per 18+___
2805,2F_3,"orologio, incontrollabile, misura",futuro,tempo,"orologio, incontrollabile",2805_2F_3,['orologio' 'incontrollabile' 'misura' 'tempo' 'futuro'],['misura' 'tempo' 'futuro'],['O' 'O' 'B-' 'B-' 'B-'],
884,2E_18,"lavoro, occupazione, entità",di base,medico,,884_2E_18,['lavoro' 'occupazione' 'entità' 'medico' 'medico di base'],['lavoro' 'occupazione' 'entità' 'medico' 'medico di base'],['B-' 'B-' 'B-' 'B-' 'B-'],di base|||medico di base___
76,2F_13,"sensazione, sentimento","baci, abbracci",affetto,"sentimento, baci, abbracci",76_2F_13,['sensazione' 'sentimento' 'affetto' 'baci' 'abbracci'],['sensazione' 'affetto'],['B-' 'O' 'B-' 'O' 'O'],
521,3C_19,mezzo di trasporto,macchina,automobile,macchina,521_3C_19,['mezzo di trasporto' 'automobile' 'macchina'],['mezzo di trasporto' 'automobile'],['B-' 'B-' 'O'],
2909,1D_11,"farina, cioccolato, uova, zucchero a velo, glassa, zucchero","carote, cioccolato, al gelato",torta,"farina, cioccolato, uova, zucchero a velo, glassa, zucchero, cioccolato, al gelato",2909_1D_11,"['farina' 'cioccolato' 'uova' 'zucchero a velo' 'glassa' 'zucchero'
 'torta' 'carote' 'cioccolato' 'al gelato']",['torta' 'carote'],['O' 'O' 'O' 'O' 'O' 'O' 'B-' 'B-' 'O' 'O'],
1049,3C_3,"emozione, sentimento, sensazione",gioia di vivere,gioia,sentimento,1049_3C_3,['emozione' 'sentimento' 'sensazione' 'gioia' 'gioia di vivere'],['emozione' 'sensazione' 'gioia' 'gioia di vivere'],['B-' 'O' 'B-' 'B-' 'B-'],
62,2E_24,mamma,,affetto,mamma,62_2E_24,['mamma' 'affetto'],['affetto'],['O' 'B-'],
33,1G_19,"emozione, sentimento",amore,affetto,sentimento,33_1G_19,['emozione' 'sentimento' 'affetto' 'amore'],['emozione' 'affetto' 'amore'],['B-' 'O' 'B-' 'B-'],
1475,3B_5,professionalità,la professoressa,insegnante,professionalità,1475_3B_5,['professionalità' 'insegnante' 'la professoressa'],['insegnante' 'la professoressa'],['O' 'B-' 'B-'],
2663,3C_4,desiderio,"pensiero, mente, pensare",sogno,"desiderio, pensiero, mente, pensare",2663_3C_4,['desiderio' 'sogno' 'pensiero' 'mente' 'pensare'],['sogno'],['O' 'B-' 'O' 'O' 'O'],
1318,5B_16,"emozione, sentimento",felicità,gioia,"sentimento, felicità",1318_5B_16,['emozione' 'sentimento' 'gioia' 'felicità'],['emozione' 'gioia'],['B-' 'O' 'B-' 'O'],
541,5B_16,concetto astratto,"incubo, litigare con la mia migliore amica",sogno,,541_5B_16,['concetto astratto' 'sogno' 'incubo' 'litigare con la mia migliore amica'],['concetto astratto' 'sogno' 'incubo' 'litigare con la mia migliore amica'],['B-' 'B-' 'B-' 'B-'],
1296,3C_19,"felicità, emozione, sentimento",,gioia,"sentimento, felicità",1296_3C_19,['felicità' 'emozione' 'sentimento' 'gioia'],['emozione' 'gioia'],['O' 'B-' 'O' 'B-'],
2605,2F_21,incubo,,sogno,incubo,2605_2F_21,['incubo' 'sogno'],['sogno'],['O' 'B-'],
1209,3C_13,"mammifero, animale, essere vivente",purosangue,cavallo,,1209_3C_13,['mammifero' 'animale' 'essere vivente' 'cavallo' 'purosangue'],['mammifero' 'animale' 'essere vivente' 'cavallo' 'purosangue'],['B-' 'B-' 'B-' 'B-' 'B-'],
950,2E_22,orologio,"passato, presente, futuro",tempo,"orologio, passato, futuro",950_2E_22,['orologio' 'tempo' 'passato' 'presente' 'futuro'],['tempo' 'presente'],['O' 'B-' 'O' 'B-' 'O'],
1160,5D_8,"oggetto, artificiale, divertimento","macchine, pupazzi, lego",giocattolo,"divertimento, pupazzi, lego",1160_5D_8,"['oggetto' 'artificiale' 'divertimento' 'giocattolo' 'macchine' 'pupazzi'
 'lego']",['oggetto' 'artificiale' 'giocattolo' 'macchine'],['B-' 'B-' 'O' 'B-' 'B-' 'O' 'O'],
2,1D_11,"emozione, sentimento, amore, felicità","abbraccio, bacio",affetto,"sentimento, amore, felicità, abbraccio, bacio",2_1D_11,['emozione' 'sentimento' 'amore' 'felicità' 'affetto' 'abbraccio' 'bacio'],['emozione' 'affetto'],['B-' 'O' 'O' 'O' 'B-' 'O' 'O'],
487,5B_13,"persona, essere umano",babysitter,badante,babysitter,487_5B_13,['persona' 'essere umano' 'badante' 'babysitter'],['persona' 'essere umano' 'badante'],['B-' 'B-' 'B-' 'O'],
1081,3B_23,,,giocattolo,,1081_3B_23,[' giocattolo'],[' giocattolo'],['B-'],
2381,2E_18,emozione,uno sfogo,rabbia,uno sfogo,2381_2E_18,['emozione' 'rabbia' 'uno sfogo'],['emozione' 'rabbia'],['B-' 'B-' 'O'],
2076,3C_22,intelligenza,vuota,mente,intelligenza,2076_3C_22,['intelligenza' 'mente' 'vuota'],['mente' 'vuota'],['O' 'B-' 'B-'],
1857,5D_24,pensiero,,sogno,,1857_5D_24,['pensiero' 'sogno'],['pensiero' 'sogno'],['B-' 'B-'],
1705,5D_12,"oggetto artificiale, oggetto inquinante, cosa animata, cosa, entità","panda, mini",automobile,"oggetto inquinante, cosa animata",1705_5D_12,"['oggetto artificiale' 'oggetto inquinante' 'cosa animata' 'cosa' 'entità'
 'automobile' 'panda' 'mini']",['oggetto artificiale' 'cosa' 'entità' 'automobile' 'panda' 'mini'],['B-' 'O' 'O' 'B-' 'B-' 'B-' 'B-' 'B-'],
475,2F_24,"veicolo, mezzo di trasporto",lamborghini,automobile,,475_2F_24,['veicolo' 'mezzo di trasporto' 'automobile' 'lamborghini'],['veicolo' 'mezzo di trasporto' 'automobile' 'lamborghini'],['B-' 'B-' 'B-' 'B-'],
2161,2F_22,"sentimento, emozione",bestemmia,rabbia,"emozione, bestemmia",2161_2F_22,['sentimento' 'emozione' 'rabbia' 'bestemmia'],['sentimento' 'rabbia'],['B-' 'O' 'B-' 'O'],
960,2E_23,"dimostrare amore, emozione, sentimento, astratto","familiare, amichevole, personale",affetto,"dimostrare amore, sentimento, amichevole, personale",960_2E_23,"['dimostrare amore' 'emozione' 'sentimento' 'astratto' 'affetto'
 'familiare' 'amichevole' 'personale']",['emozione' 'astratto' 'affetto' 'familiare'],['O' 'B-' 'O' 'B-' 'B-' 'B-' 'O' 'O'],
990,2E_24,fantasia,"incubo, strano",sogno,,990_2E_24,['fantasia' 'sogno' 'incubo' 'strano'],['fantasia' 'sogno' 'incubo' 'strano'],['B-' 'B-' 'B-' 'B-'],
129,1G_10,"attività mentale, entità astratta",incubo,sogno,,129_1G_10,['attività mentale' 'entità astratta' 'sogno' 'incubo'],['attività mentale' 'entità astratta' 'sogno' 'incubo'],['B-' 'B-' 'B-' 'B-'],
179,1G_16,"movimento, veicolo, mezzo di trasporto, oggetto",macchina,automobile,"movimento, macchina",179_1G_16,"['movimento' 'veicolo' 'mezzo di trasporto' 'oggetto' 'automobile'
 'macchina']",['veicolo' 'mezzo di trasporto' 'oggetto' 'automobile'],['O' 'B-' 'B-' 'B-' 'B-' 'O'],
1991,2E_16,"cervello, testa","pensiero, mente pensante",mente,"cervello, testa, pensiero",1991_2E_16,['cervello' 'testa' 'mente' 'pensiero' 'mente pensante'],['mente' 'mente pensante'],['O' 'O' 'B-' 'O' 'B-'],
1505,1D_19,"oggetto, divertimento",orsacchiotto,giocattolo,divertimento,1505_1D_19,['oggetto' 'divertimento' 'giocattolo' 'orsacchiotto'],['oggetto' 'giocattolo' 'orsacchiotto'],['B-' 'O' 'B-' 'B-'],
1337,5D_14,sentimento,di vivere,gioia,,1337_5D_14,['sentimento' 'gioia' 'gioia di vivere'],['sentimento' 'gioia' 'gioia di vivere'],['B-' 'B-' 'B-'],di vivere|||gioia di vivere___
1053,3C_3,"parte del corpo, organismo, entità",mente malata,mente,"parte del corpo, organismo",1053_3C_3,['parte del corpo' 'organismo' 'entità' 'mente' 'mente malata'],['entità' 'mente' 'mente malata'],['O' 'O' 'B-' 'B-' 'B-'],
925,5B_11,"mammifero, animale, essere vivente","pony, nano",cavallo,,925_5B_11,['mammifero' 'animale' 'essere vivente' 'cavallo' 'pony' 'nano'],['mammifero' 'animale' 'essere vivente' 'cavallo' 'pony' 'nano'],['B-' 'B-' 'B-' 'B-' 'B-' 'B-'],
1035,3C_2,pensiero che simula eventi i quali non avvengono realmente,incubo,sogno,pensiero che simula eventi i quali non avvengono realmente,1035_3C_2,"['pensiero che simula eventi i quali non avvengono realmente' 'sogno'
 'incubo']",['sogno' 'incubo'],['O' 'B-' 'B-'],
2303,3C_17,"mestiere, lavoro",taxista,autista,,2303_3C_17,['mestiere' 'lavoro' 'autista' 'taxista'],['mestiere' 'lavoro' 'autista' 'taxista'],['B-' 'B-' 'B-' 'B-'],
2040,2F_13,"materiale, oggetto",macchina,giocattolo,materiale,2040_2F_13,['materiale' 'oggetto' 'giocattolo' 'macchina'],['oggetto' 'giocattolo' 'macchina'],['O' 'B-' 'B-' 'B-'],
648,2E_6,"bada, persona, vivente",anziani,badante,bada,648_2E_6,['bada' 'persona' 'vivente' 'badante' 'anziani'],['persona' 'vivente' 'badante' 'anziani'],['O' 'B-' 'B-' 'B-' 'B-'],
1433,2F_14,"persona, mammifero, essere vivente",insegnante di matematica,insegnante,,1433_2F_14,"['persona' 'mammifero' 'essere vivente' 'insegnante'
 'insegnante di matematica']","['persona' 'mammifero' 'essere vivente' 'insegnante'
 'insegnante di matematica']",['B-' 'B-' 'B-' 'B-' 'B-'],
1709,5D_12,"emozione, entità",estrema,rabbia,,1709_5D_12,['emozione' 'entità' 'rabbia' 'estrema'],['emozione' 'entità' 'rabbia' 'estrema'],['B-' 'B-' 'B-' 'B-'],
1818,2F_11,lavoro,pediatra,medico,,1818_2F_11,['lavoro' 'medico' 'pediatra'],['lavoro' 'medico' 'pediatra'],['B-' 'B-' 'B-'],
2321,5D_5,"emozione, sentimento",spavento,paura,sentimento,2321_5D_5,['emozione' 'sentimento' 'paura' 'spavento'],['emozione' 'paura' 'spavento'],['B-' 'O' 'B-' 'B-'],
1480,3C_1,"professione, soldi, guadagno, business, lavoro","grammatica, italiano",insegnante,"soldi, guadagno, business, italiano",1480_3C_1,"['professione' 'soldi' 'guadagno' 'business' 'lavoro' 'insegnante'
 'grammatica' 'italiano']",['professione' 'lavoro' 'insegnante' 'grammatica'],['B-' 'O' 'O' 'O' 'B-' 'B-' 'B-' 'O'],
1091,3C_6,"mestiere, professione, passatempo, azione","di strumenti, di canto, di musica",insegnante,"professione, passatempo, di canto, di musica",1091_3C_6,"['mestiere' 'professione' 'passatempo' 'azione' 'insegnante'
 'insegnante di strumenti' 'insegnante di canto' 'insegnante di musica']",['mestiere' 'azione' 'insegnante' 'insegnante di strumenti'],['B-' 'O' 'O' 'B-' 'B-' 'B-' 'O' 'O'],di strumenti|||insegnante di strumenti___di canto|||insegnante di canto___di musica|||insegnante di musica___
2738,1G_10,"lento, lumaca, guscio, tana, covo","durata, minuto, secondo",tempo,"lento, lumaca, guscio, tana, covo, durata, secondo",2738_1G_10,"['lento' 'lumaca' 'guscio' 'tana' 'covo' 'tempo' 'durata' 'minuto'
 'secondo']",['tempo' 'minuto'],['O' 'O' 'O' 'O' 'O' 'B-' 'O' 'B-' 'O'],
2268,3C_20,"emozione, sentimento",,paura,sentimento,2268_3C_20,['emozione' 'sentimento' 'paura'],['emozione' 'paura'],['B-' 'O' 'B-'],
423,5B_9,"oggetto di divertimento, oggetto, entità, materia","videogioco, sparatutto, fortnite",giocattolo,materia ,423_5B_9,"['oggetto di divertimento' 'oggetto' 'entità' 'materia' 'giocattolo'
 'videogioco' 'sparatutto' 'fortnite']","['oggetto di divertimento' 'oggetto' 'entità' 'materia' 'giocattolo'
 'videogioco' 'sparatutto' 'fortnite']",['B-' 'B-' 'B-' 'B-' 'B-' 'B-' 'B-' 'B-'],
2246,3B_24,,,paura,,2246_3B_24,[' paura'],[' paura'],['B-'],
606,1G_12,"lavoro, dovere, impegno, obbligo","donna, dolce, zuccherata",badante,"obbligo, donna, dolce, zuccherata",606_1G_12,"['lavoro' 'dovere' 'impegno' 'obbligo' 'badante' 'donna' 'dolce'
 'zuccherata']",['lavoro' 'dovere' 'impegno' 'badante'],['B-' 'B-' 'B-' 'O' 'B-' 'O' 'O' 'O'],
1761,5D_16,"sentimento, entità",amicizia,affetto,,1761_5D_16,['sentimento' 'entità' 'affetto' 'amicizia'],['sentimento' 'entità' 'affetto' 'amicizia'],['B-' 'B-' 'B-' 'B-'],
2430,3C_25,cibo,"al cioccolato, dolce",torta,dolce,2430_3C_25,['cibo' 'torta' 'al cioccolato' 'dolce'],['cibo' 'torta' 'al cioccolato'],['B-' 'B-' 'B-' 'O'],
712,3C_17,"assistente, aiuto","anziani, bambini",badante,"aiuto, bambini",712_3C_17,['assistente' 'aiuto' 'badante' 'anziani' 'bambini'],['assistente' 'badante' 'anziani'],['B-' 'O' 'B-' 'B-' 'O'],
1798,2E_17,persona,pediatra,medico,,1798_2E_17,['persona' 'medico' 'pediatra'],['persona' 'medico' 'pediatra'],['B-' 'B-' 'B-'],
2389,3C_22,intelligenza,cervello,mente,"intelligenza, cervello",2389_3C_22,['intelligenza' 'mente' 'cervello'],['mente'],['O' 'B-' 'O'],
2244,2F_27,"dolce, cibo, nutriente",al cioccolato,torta,,2244_2F_27,['dolce' 'cibo' 'nutriente' 'torta' 'al cioccolato'],['dolce' 'cibo' 'nutriente' 'torta' 'al cioccolato'],['B-' 'B-' 'B-' 'B-' 'B-'],
2857,3C_5,,passato,tempo,,2857_3C_5,[' tempo' 'passato'],[' tempo' 'passato'],['B-' 'B-'],
1424,2E_6,"scuola, persona, vivente",di tecnologia,insegnante,scuola,1424_2E_6,['scuola' 'persona' 'vivente' 'insegnante' 'insegnante di tecnologia'],['persona' 'vivente' 'insegnante' 'insegnante di tecnologia'],['O' 'B-' 'B-' 'B-' 'B-'],di tecnologia|||insegnante di tecnologia___
1809,5D_21,"oggetto, essere non vivente, entità","lego, lego dublo, lego duplo rosa",giocattolo,,1809_5D_21,"['oggetto' 'essere non vivente' 'entità' 'giocattolo' 'lego' 'lego dublo'
 'lego duplo rosa']","['oggetto' 'essere non vivente' 'entità' 'giocattolo' 'lego' 'lego dublo'
 'lego duplo rosa']",['B-' 'B-' 'B-' 'B-' 'B-' 'B-' 'B-'],
869,2F_7,,,cavallo,,869_2F_7,[' cavallo'],[' cavallo'],['B-'],
683,2E_5,"pensiero, cosa stramba, cosa, entità","sogno, scuro",mente,"pensiero, cosa stramba, cosa, sogno, scuro",683_2E_5,['pensiero' 'cosa stramba' 'cosa' 'entità' 'mente' 'sogno' 'scuro'],['entità' 'mente'],['O' 'O' 'O' 'B-' 'B-' 'O' 'O'],
243,2E_13,"mammifero, persona, essere vivente",,autista,persona,243_2E_13,['mammifero' 'persona' 'essere vivente' 'autista'],['mammifero' 'essere vivente' 'autista'],['B-' 'O' 'B-' 'B-'],
110,3B_20,sensazione,abbraccio,affetto,abbraccio,110_3B_20,['sensazione' 'affetto' 'abbraccio'],['sensazione' 'affetto'],['B-' 'B-' 'O'],
1630,2F_17,"infinità, sogno, pensiero",sfogarsi,libertà,"infinità, sogno, pensiero",1630_2F_17,['infinità' 'sogno' 'pensiero' 'libertà' 'sfogarsi'],['libertà' 'sfogarsi'],['O' 'O' 'O' 'B-' 'B-'],
924,5B_10,"mammifero, animale, essere vivente",puledro,cavallo,,924_5B_10,['mammifero' 'animale' 'essere vivente' 'cavallo' 'puledro'],['mammifero' 'animale' 'essere vivente' 'cavallo' 'puledro'],['B-' 'B-' 'B-' 'B-' 'B-'],
264,1G_22,oggetto che costa molto di più di quel che vale creato per far fare qualcosa ai bambini che utilizzeranno poche volte per poi lasciarlo nella scatola,barbie,giocattolo,oggetto che costa molto di più di quel che vale creato per far fare qualcosa ai bambini che utilizzeranno poche volte per poi lasciarlo nella scatola,264_1G_22,"['oggetto che costa molto di più di quel che vale creato per far fare qualcosa ai bambini che utilizzeranno poche volte per poi lasciarlo nella scatola'
 'giocattolo' 'barbie']",['giocattolo' 'barbie'],['O' 'B-' 'B-'],
2306,3C_17,"emozione, sentimento, sensazione",,rabbia,sentimento,2306_3C_17,['emozione' 'sentimento' 'sensazione' 'rabbia'],['emozione' 'sensazione' 'rabbia'],['B-' 'O' 'B-' 'B-'],
1862,5D_24,"mammifero, animale, essere vivente","a macchie, a macchie nere, a macchie nere e sporche",cavallo,a macchie nere e sporche,1862_5D_24,"['mammifero' 'animale' 'essere vivente' 'cavallo' 'cavallo a macchie'
 'cavallo a macchie nere' 'cavallo a macchie nere e sporche']","['mammifero' 'animale' 'essere vivente' 'cavallo' 'cavallo a macchie'
 'cavallo a macchie nere']",['B-' 'B-' 'B-' 'B-' 'B-' 'B-' 'O'],a macchie|||cavallo a macchie___a macchie nere|||cavallo a macchie nere___a macchie nere e sporche|||cavallo a macchie nere e sporche___
1846,5D_23,emozione,di cadere,paura,,1846_5D_23,['emozione' 'paura' 'paura di cadere'],['emozione' 'paura' 'paura di cadere'],['B-' 'B-' 'B-'],di cadere|||paura di cadere___
2786,2F_1,meteorologico,,tempo,meteorologico,2786_2F_1,['meteorologico' 'tempo'],['tempo'],['O' 'B-'],
1489,3C_18,"mestiere, lavoro, modo per vivere",insegnante dell'asilo,insegnante,modo per vivere,1489_3C_18,"['mestiere' 'lavoro' 'modo per vivere' 'insegnante'
 ""insegnante dell'asilo""]","['mestiere' 'lavoro' 'insegnante' ""insegnante dell'asilo""]",['B-' 'B-' 'O' 'B-' 'B-'],
572,5D_24,"mezzo di trasporto, oggetto",ferrari,automobile,,572_5D_24,['mezzo di trasporto' 'oggetto' 'automobile' 'ferrari'],['mezzo di trasporto' 'oggetto' 'automobile' 'ferrari'],['B-' 'B-' 'B-' 'B-'],
225,1G_20,"sentimento, emozione, cosa astratta, entità",libertà dalla scuola,libertà,"sentimento, emozione, libertà dalla scuola",225_1G_20,"['sentimento' 'emozione' 'cosa astratta' 'entità' 'libertà'
 'libertà dalla scuola']",['cosa astratta' 'entità' 'libertà'],['O' 'O' 'B-' 'B-' 'B-' 'O'],
2051,3B_23,,,mente,,2051_3B_23,[' mente'],[' mente'],['B-'],
2202,2F_24,lavoro,pediatra,medico,,2202_2F_24,['lavoro' 'medico' 'pediatra'],['lavoro' 'medico' 'pediatra'],['B-' 'B-' 'B-'],
1221,1D_1,sentimento,furia,rabbia,,1221_1D_1,['sentimento' 'rabbia' 'furia'],['sentimento' 'rabbia' 'furia'],['B-' 'B-' 'B-'],
808,2E_13,"dolce, cibo",di compleanno ,torta,,808_2E_13,['dolce' 'cibo' 'torta' 'torta di compleanno'],['dolce' 'cibo' 'torta' 'torta di compleanno'],['B-' 'B-' 'B-' 'B-'],di compleanno|||torta di compleanno___
2961,2E_17,"dolce, salata",cheesecake,torta,salata,2961_2E_17,['dolce' 'salata' 'torta' 'cheesecake'],['dolce' 'torta' 'cheesecake'],['B-' 'O' 'B-' 'B-'],
637,2E_2,"seconda mamma, casa, lavoro, persona",babysitter,badante,"seconda mamma, casa, persona, babysitter",637_2E_2,['seconda mamma' 'casa' 'lavoro' 'persona' 'badante' 'babysitter'],['lavoro' 'badante'],['O' 'O' 'B-' 'O' 'B-' 'O'],
1925,2F_5,divertimento,macchinina,giocattolo,divertimento,1925_2F_5,['divertimento' 'giocattolo' 'macchinina'],['giocattolo' 'macchinina'],['O' 'B-' 'B-'],
2794,2F_17,"sogno, pensiero",persone,tempo,"sogno, pensiero, persone",2794_2F_17,['sogno' 'pensiero' 'tempo' 'persone'],['tempo'],['O' 'O' 'B-' 'O'],
2571,2E_14,"coma, trauma","incubo, trauma",sogno,"coma, trauma, trauma",2571_2E_14,['coma' 'trauma' 'sogno' 'incubo' 'trauma'],['sogno' 'incubo'],['O' 'O' 'B-' 'B-' 'O'],
1000,1G_18,oggetto,"bambola, macchinina",giocattolo,macchinina,1000_1G_18,['oggetto' 'giocattolo' 'bambola' 'macchinina'],['oggetto' 'giocattolo' 'bambola'],['B-' 'B-' 'B-' 'O'],
1524,5B_8,,,insegnante,,1524_5B_8,[' insegnante'],[' insegnante'],['B-'],
751,5D_10,persona,"babysitter, la signora delle pulizie",badante,"babysitter, la signora delle pulizie",751_5D_10,['persona' 'badante' 'babysitter' 'la signora delle pulizie'],['persona' 'badante'],['B-' 'B-' 'O' 'O'],
1875,2F_2,"cosa astratta, una cosa che non puoi toccare, cosa astratt","uscire di scuola, uscire di casa, andare in moto",libertà,"una cosa che non puoi toccare, cosa astratt, uscire di scuola, uscire di casa, andare in moto",1875_2F_2,"['cosa astratta' 'una cosa che non puoi toccare' 'cosa astratt' 'libertà'
 'uscire di scuola' 'uscire di casa' 'andare in moto']",['cosa astratta' 'libertà'],['B-' 'O' 'O' 'B-' 'O' 'O' 'O'],
2314,5D_20,"sentimento, fobia",,paura,fobia,2314_5D_20,['sentimento' 'fobia' 'paura'],['sentimento' 'paura'],['B-' 'O' 'B-'],
1972,1G_2,"cervello, intelletto",testa,mente,"cervello, intelletto, testa",1972_1G_2,['cervello' 'intelletto' 'mente' 'testa'],['mente'],['O' 'O' 'B-' 'O'],
2328,3C_18,,libero,tempo,,2328_3C_18,[' tempo' 'libero'],[' tempo' 'libero'],['B-' 'B-'],
1157,5D_5,oggetto,videogame,giocattolo,,1157_5D_5,['oggetto' 'giocattolo' 'videogame'],['oggetto' 'giocattolo' 'videogame'],['B-' 'B-' 'B-'],
1801,2E_2,"salvatore di vite, operazioni, medicina, studi, lavoro",chirurgo,medico,"salvatore di vite, operazioni, medicina, studi",1801_2E_2,"['salvatore di vite' 'operazioni' 'medicina' 'studi' 'lavoro' 'medico'
 'chirurgo']",['lavoro' 'medico' 'chirurgo'],['O' 'O' 'O' 'O' 'B-' 'B-' 'B-'],
2134,2F_20,oggetto,playstation,giocattolo,,2134_2F_20,['oggetto' 'giocattolo' 'playstation'],['oggetto' 'giocattolo' 'playstation'],['B-' 'B-' 'B-'],
846,2E_15,diritto ,"democrazia, democrazia parlamentare, democrazia parlamentare federale",libertà,"democrazia, democrazia parlamentare, democrazia parlamentare federale",846_2E_15,"['diritto ' 'libertà' 'democrazia' 'democrazia parlamentare'
 'democrazia parlamentare federale']",['diritto ' 'libertà'],['B-' 'B-' 'O' 'O' 'O'],
1833,2F_25,,"pediatra, chirurgo",medico,chirurgo,1833_2F_25,[' medico' 'pediatra' 'chirurgo'],[' medico' 'pediatra'],['B-' 'B-' 'O'],
2930,1G_1,"cose da mangiare, cibo",,torta,cose da mangiare,2930_1G_1,['cose da mangiare' 'cibo' 'torta'],['cibo' 'torta'],['O' 'B-' 'B-'],
3002,2F_7,"dolce, festa, cibo","cioccolato, vaniglia",torta,"festa, vaniglia",3002_2F_7,['dolce' 'festa' 'cibo' 'torta' 'cioccolato' 'vaniglia'],['dolce' 'cibo' 'torta' 'cioccolato'],['B-' 'O' 'B-' 'B-' 'B-' 'O'],
2542,1D_9,"avvera, immaginare","ballare, felice",sogno,avvera,2542_1D_9,['avvera' 'immaginare' 'sogno' 'ballare' 'felice'],['immaginare' 'sogno' 'ballare' 'felice'],['O' 'B-' 'B-' 'B-' 'B-'],
1988,2F_10,"servizio, lavoro, persona",,badante,"servizio, persona",1988_2F_10,['servizio' 'lavoro' 'persona' 'badante'],['lavoro' 'badante'],['O' 'B-' 'O' 'B-'],
462,5B_11,"persona, essere vivente",oriana,insegnante,,462_5B_11,['persona' 'essere vivente' 'insegnante' 'oriana'],['persona' 'essere vivente' 'insegnante' 'oriana'],['B-' 'B-' 'B-' 'B-'],
2802,2F_24,orologio,,tempo,orologio,2802_2F_24,['orologio' 'tempo'],['tempo'],['O' 'B-'],
599,5B_21,"parte del corpo, cosa, corpo","mente animale, del cane",mente,"parte del corpo, cosa, corpo",599_5B_21,"['parte del corpo' 'cosa' 'corpo' 'mente' 'mente animale'
 'mente animale del cane']",['mente' 'mente animale' 'mente animale del cane'],['O' 'O' 'O' 'B-' 'B-' 'B-'],del cane|||mente animale del cane___
1839,2F_7,,,medico,,1839_2F_7,[' medico'],[' medico'],['B-'],
2104,5B_6,"geniale, intellettuale, attenta, brillante, sfavillante",,mente,"geniale, intellettuale, attenta, brillante, sfavillante",2104_5B_6,['geniale' 'intellettuale' 'attenta' 'brillante' 'sfavillante' 'mente'],['mente'],['O' 'O' 'O' 'O' 'O' 'B-'],
1647,5D_8,"gioco, oggetto, cosa, entità","macchina telecomandata, monstertrak, redbull",giocattolo,redbull,1647_5D_8,"['gioco' 'oggetto' 'cosa' 'entità' 'giocattolo' 'macchina telecomandata'
 'monstertrak' 'redbull']","['gioco' 'oggetto' 'cosa' 'entità' 'giocattolo' 'macchina telecomandata'
 'monstertrak']",['B-' 'B-' 'B-' 'B-' 'B-' 'B-' 'B-' 'O'],
1483,1D_17,"emozione, astrattezza, entità",,gioia,,1483_1D_17,['emozione' 'astrattezza' 'entità' 'gioia'],['emozione' 'astrattezza' 'entità' 'gioia'],['B-' 'B-' 'B-' 'B-'],
1081,3C_5,"mestiere, lavoro, occupazione",taxista,autista,,1081_3C_5,['mestiere' 'lavoro' 'occupazione' 'autista' 'taxista'],['mestiere' 'lavoro' 'occupazione' 'autista' 'taxista'],['B-' 'B-' 'B-' 'B-' 'B-'],
2911,1D_13,"caffè, cioccolato, pistacchio, piani, panna, foto","pasticceria, supermercato",torta,"caffè, cioccolato, pistacchio, piani, panna, foto, pasticceria, supermercato",2911_1D_13,"['caffè' 'cioccolato' 'pistacchio' 'piani' 'panna' 'foto' 'torta'
 'pasticceria' 'supermercato']",['torta'],['O' 'O' 'O' 'O' 'O' 'O' 'B-' 'O' 'O'],
2550,1G_16,pensiero,,sogno,,2550_1G_16,['pensiero' 'sogno'],['pensiero' 'sogno'],['B-' 'B-'],
1416,1D_13,"lavoro, mestiere",babysitter,badante,"mestiere, babysitter",1416_1D_13,['lavoro' 'mestiere' 'badante' 'babysitter'],['lavoro' 'badante'],['B-' 'O' 'B-' 'O'],
1498,1D_18,mezzo di trasporto,ferrari,automobile,,1498_1D_18,['mezzo di trasporto' 'automobile' 'ferrari'],['mezzo di trasporto' 'automobile' 'ferrari'],['B-' 'B-' 'B-'],
1283,1D_5,"persona, mammifero, vertebrato, essere vivente pluricellulare, entità",,badante,,1283_1D_5,"['persona' 'mammifero' 'vertebrato' 'essere vivente pluricellulare'
 'entità' 'badante']","['persona' 'mammifero' 'vertebrato' 'essere vivente pluricellulare'
 'entità' 'badante']",['B-' 'B-' 'B-' 'B-' 'B-' 'B-'],
818,1G_8,"animale, mammifero, essere vivente","cucciolo di cavallo, pony",cavallo,pony,818_1G_8,"['animale' 'mammifero' 'essere vivente' 'cavallo' 'cucciolo di cavallo'
 'pony']",['animale' 'mammifero' 'essere vivente' 'cavallo' 'cucciolo di cavallo'],['B-' 'B-' 'B-' 'B-' 'B-' 'O'],
522,5B_15,"persona, essere umano, bipede, essere vivente, essere terrestre, corpo celeste, entità","femmina, femmina giovane, bionda",medico,corpo celeste,522_5B_15,"['persona' 'essere umano' 'bipede' 'essere vivente' 'essere terrestre'
 'corpo celeste' 'entità' 'medico' 'femmina' 'femmina giovane' 'bionda']","['persona' 'essere umano' 'bipede' 'essere vivente' 'essere terrestre'
 'entità' 'medico' 'femmina' 'femmina giovane' 'bionda']",['B-' 'B-' 'B-' 'B-' 'B-' 'O' 'B-' 'B-' 'B-' 'B-' 'B-'],
1080,3B_22,oggetto,bambole,giocattolo,,1080_3B_22,['oggetto' 'giocattolo' 'bambole'],['oggetto' 'giocattolo' 'bambole'],['B-' 'B-' 'B-'],
591,5B_21,"alimento festivo, cibo, corpo, cosa, entità","torta gelato, torta gelato al cioccolato, torta gelato al cioccolato al latte",torta,corpo,591_5B_21,"['alimento festivo' 'cibo' 'corpo' 'cosa' 'entità' 'torta' 'torta gelato'
 'torta gelato al cioccolato' 'torta gelato al cioccolato al latte']","['alimento festivo' 'cibo' 'cosa' 'entità' 'torta' 'torta gelato'
 'torta gelato al cioccolato' 'torta gelato al cioccolato al latte']",['B-' 'B-' 'O' 'B-' 'B-' 'B-' 'B-' 'B-' 'B-'],
3091,5D_22,"dolce, quadrata, rotonda, decorata, zuccherata, panna, cioccolato","di compleanno, di anniversario, di mesiversario",torta,"quadrata, rotonda, decorata, zuccherata, panna, cioccolato, di anniversario, di mesiversario",3091_5D_22,"['dolce' 'quadrata' 'rotonda' 'decorata' 'zuccherata' 'panna' 'cioccolato'
 'torta' 'torta di compleanno' 'torta di anniversario'
 'torta di mesiversario']",['dolce' 'torta' 'torta di compleanno'],['B-' 'O' 'O' 'O' 'O' 'O' 'O' 'B-' 'B-' 'O' 'O'],di compleanno|||torta di compleanno___di anniversario|||torta di anniversario___di mesiversario|||torta di mesiversario___
509,5B_14,cosa astratta,locale,mente,locale,509_5B_14,['cosa astratta' 'mente' 'locale'],['cosa astratta' 'mente'],['B-' 'B-' 'O'],
1025,2E_2,"bambini, orsacchiotto, oggetto",peluche,giocattolo,"bambini, orsacchiotto",1025_2E_2,['bambini' 'orsacchiotto' 'oggetto' 'giocattolo' 'peluche'],['oggetto' 'giocattolo' 'peluche'],['O' 'O' 'B-' 'B-' 'B-'],
1092,3C_6,"oggetto, cosa concreta","pupazzi, macchinine, passatempo",giocattolo,"macchinine, passatempo",1092_3C_6,"['oggetto' 'cosa concreta' 'giocattolo' 'pupazzi' 'macchinine'
 'passatempo']",['oggetto' 'cosa concreta' 'giocattolo' 'pupazzi'],['B-' 'B-' 'B-' 'B-' 'O' 'O'],
1795,5D_18,"dolce, alimento, cibo","di mele, golden",torta,,1795_5D_18,['dolce' 'alimento' 'cibo' 'torta' 'torta di mele' 'golden'],['dolce' 'alimento' 'cibo' 'torta' 'torta di mele' 'golden'],['B-' 'B-' 'B-' 'B-' 'B-' 'B-'],di mele|||torta di mele___
1931,2F_5,lavoro,autista privato,autista,,1931_2F_5,['lavoro' 'autista' 'autista privato'],['lavoro' 'autista' 'autista privato'],['B-' 'B-' 'B-'],
2108,2F_18,pensiero,,mente,pensiero,2108_2F_18,['pensiero' 'mente'],['mente'],['O' 'B-'],
1140,5D_11,"divertimento, oggetto, artificiale",bambola,giocattolo,divertimento,1140_5D_11,['divertimento' 'oggetto' 'artificiale' 'giocattolo' 'bambola'],['oggetto' 'artificiale' 'giocattolo' 'bambola'],['O' 'B-' 'B-' 'B-' 'B-'],
906,3C_17,"mammifero, animale, essere vivente",bianco,cavallo,,906_3C_17,['mammifero' 'animale' 'essere vivente' 'cavallo' 'bianco'],['mammifero' 'animale' 'essere vivente' 'cavallo' 'bianco'],['B-' 'B-' 'B-' 'B-' 'B-'],
639,2E_3,"lavoro, occupazione","chirurgo, chirurgo plastico",medico,,639_2E_3,['lavoro' 'occupazione' 'medico' 'chirurgo' 'chirurgo plastico'],['lavoro' 'occupazione' 'medico' 'chirurgo' 'chirurgo plastico'],['B-' 'B-' 'B-' 'B-' 'B-'],
2344,3C_19,"emozione, sensazione",,gioia,,2344_3C_19,['emozione' 'sensazione' 'gioia'],['emozione' 'sensazione' 'gioia'],['B-' 'B-' 'B-'],
798,2E_12,"sensazione, emozione, stato d'animo, entità astratta",,gioia,"emozione, stato d'animo",798_2E_12,"['sensazione' 'emozione' ""stato d'animo"" 'entità astratta' 'gioia']",['sensazione' 'entità astratta' 'gioia'],['B-' 'O' 'O' 'B-' 'B-'],
1881,2F_2,"macchina, cosa a 4 ruote, mezzo di trasporto","bmw, charger 1970, nissan skyline gtr r34",automobile,"macchina, cosa a 4 ruote, charger 1970, nissan skyline gtr r34",1881_2F_2,"['macchina' 'cosa a 4 ruote' 'mezzo di trasporto' 'automobile' 'bmw'
 'charger 1970' 'nissan skyline gtr r34']",['mezzo di trasporto' 'automobile' 'bmw'],['O' 'O' 'B-' 'B-' 'B-' 'O' 'O'],
1636,5D_6,entità,incubo,sogno,,1636_5D_6,['entità' 'sogno' 'incubo'],['entità' 'sogno' 'incubo'],['B-' 'B-' 'B-'],
3007,3B_11,"dolce, alimento, risorsa","aliment, cibo, risors",torta,"aliment, cibo, risors",3007_3B_11,['dolce' 'alimento' 'risorsa' 'torta' 'aliment' 'cibo' 'risors'],['dolce' 'alimento' 'risorsa' 'torta'],['B-' 'B-' 'B-' 'B-' 'O' 'O' 'O'],
1126,5B_18,cosa ,"paw patrol, toy center",giocattolo,toy center,1126_5B_18,['cosa ' 'giocattolo' 'paw patrol' 'toy center'],['cosa ' 'giocattolo' 'paw patrol'],['B-' 'B-' 'B-' 'O'],
809,1G_20,"mammifero, essere vivente",,cavallo,,809_1G_20,['mammifero' 'essere vivente' 'cavallo'],['mammifero' 'essere vivente' 'cavallo'],['B-' 'B-' 'B-'],
2099,2F_18,"lavoro, persona, cameriera",cameriera,badante,"persona, cameriera, cameriera",2099_2F_18,['lavoro' 'persona' 'cameriera' 'badante' 'cameriera'],['lavoro' 'badante'],['B-' 'O' 'O' 'B-' 'O'],
1888,3C_5,"persona, umano, essere vivente, terrestre","ortopedico, ossa",medico,ossa,1888_3C_5,"['persona' 'umano' 'essere vivente' 'terrestre' 'medico' 'ortopedico'
 'ossa']",['persona' 'umano' 'essere vivente' 'terrestre' 'medico' 'ortopedico'],['B-' 'B-' 'B-' 'B-' 'B-' 'B-' 'O'],
1190,1G_14,"emozione, sensazione","sorridere, ridere",gioia,"sorridere, ridere",1190_1G_14,['emozione' 'sensazione' 'gioia' 'sorridere' 'ridere'],['emozione' 'sensazione' 'gioia'],['B-' 'B-' 'B-' 'O' 'O'],
1169,3C_11,"oggetto, materia","bambola, bionda",giocattolo,,1169_3C_11,['oggetto' 'materia' 'giocattolo' 'bambola' 'bionda'],['oggetto' 'materia' 'giocattolo' 'bambola' 'bionda'],['B-' 'B-' 'B-' 'B-' 'B-'],
686,2E_5,"alimento, cibo, entità",al gelato,torta,,686_2E_5,['alimento' 'cibo' 'entità' 'torta' 'al gelato'],['alimento' 'cibo' 'entità' 'torta' 'al gelato'],['B-' 'B-' 'B-' 'B-' 'B-'],
716,2E_7,"mestiere, lavoro",di taxi,autista,,716_2E_7,['mestiere' 'lavoro' 'autista' 'autista di taxi'],['mestiere' 'lavoro' 'autista' 'autista di taxi'],['B-' 'B-' 'B-' 'B-'],di taxi|||autista di taxi___
2011,2F_10,"pensare, studiare","cervello, testa",mente,"pensare, studiare, cervello, testa",2011_2F_10,['pensare' 'studiare' 'mente' 'cervello' 'testa'],['mente'],['O' 'O' 'B-' 'O' 'O'],
3075,5B_8,"cibo, fonte di energia","tenerina, cioccolato, cacao",torta,"cioccolato, cacao",3075_5B_8,['cibo' 'fonte di energia' 'torta' 'tenerina' 'cioccolato' 'cacao'],['cibo' 'fonte di energia' 'torta' 'tenerina'],['B-' 'B-' 'B-' 'B-' 'O' 'O'],
2523,1D_12,"fantasia, notte, sentimento, un fatto che si vuole realizzare","mondo, unicorni",sogno,"notte, sentimento, un fatto che si vuole realizzare, mondo, unicorni",2523_1D_12,"['fantasia' 'notte' 'sentimento' 'un fatto che si vuole realizzare'
 'sogno' 'mondo' 'unicorni']",['fantasia' 'sogno'],['B-' 'O' 'O' 'O' 'B-' 'O' 'O'],
97,2F_9,emozione,amore,affetto,,97_2F_9,['emozione' 'affetto' 'amore'],['emozione' 'affetto' 'amore'],['B-' 'B-' 'B-'],
112,3B_22,sentimento,familiare,affetto,,112_3B_22,['sentimento' 'affetto' 'familiare'],['sentimento' 'affetto' 'familiare'],['B-' 'B-' 'B-'],
2402,2F_13,"sentimento, nervosismo","mal di testa, piangere, furia",rabbia,"nervosismo, mal di testa, piangere",2402_2F_13,['sentimento' 'nervosismo' 'rabbia' 'mal di testa' 'piangere' 'furia'],['sentimento' 'rabbia' 'furia'],['B-' 'O' 'B-' 'O' 'O' 'B-'],
1417,1D_13,"animale, essere vivente","pony, sauro",cavallo,sauro,1417_1D_13,['animale' 'essere vivente' 'cavallo' 'pony' 'sauro'],['animale' 'essere vivente' 'cavallo' 'pony'],['B-' 'B-' 'B-' 'B-' 'O'],
637,2E_2,"sentimento, emozione, cosa astratta, entità","ingiustizie, corruzione",rabbia,emozione,637_2E_2,"['sentimento' 'emozione' 'cosa astratta' 'entità' 'rabbia' 'ingiustizie'
 'corruzione']",['sentimento' 'cosa astratta' 'entità' 'rabbia' 'ingiustizie' 'corruzione'],['B-' 'O' 'B-' 'B-' 'B-' 'B-' 'B-'],
3084,5D_16,"dolce, zuccherata, cibo, alimento","cioccolato, panna, fragola",torta,"zuccherata, panna, fragola",3084_5D_16,"['dolce' 'zuccherata' 'cibo' 'alimento' 'torta' 'cioccolato' 'panna'
 'fragola']",['dolce' 'cibo' 'alimento' 'torta' 'cioccolato'],['B-' 'O' 'B-' 'B-' 'B-' 'B-' 'O' 'O'],
485,3B_1,"mezzo, trasporto, mezzo pubblico, oggetto, materia, atomo, unicellulare","ferrari, fiat uno, fiat uno gialla",automobile,"mezzo pubblico, atomo, unicellulare, fiat uno, fiat uno gialla",485_3B_1,"['mezzo' 'trasporto' 'mezzo pubblico' 'oggetto' 'materia' 'atomo'
 'unicellulare' 'automobile' 'ferrari' 'fiat uno' 'fiat uno gialla']",['mezzo' 'trasporto' 'oggetto' 'materia' 'automobile' 'ferrari'],['B-' 'B-' 'O' 'B-' 'B-' 'O' 'O' 'B-' 'B-' 'O' 'O'],
625,2E_2,"dono, offerta, privilegio, astratto, entità","di voto, delle donne",libertà,"dono, offerta, privilegio",625_2E_2,"['dono' 'offerta' 'privilegio' 'astratto' 'entità' 'libertà'
 'libertà di voto' 'libertà delle donne']",['astratto' 'entità' 'libertà' 'libertà di voto' 'libertà delle donne'],['O' 'O' 'O' 'B-' 'B-' 'B-' 'B-' 'B-'],di voto|||libertà di voto___delle donne|||libertà delle donne___
396,5B_7,"cibo, alimento, fonte di energia","torta dolce, torta al cioccolato, torta al cioccolato fondente",torta,,396_5B_7,"['cibo' 'alimento' 'fonte di energia' 'torta' 'torta dolce'
 'torta al cioccolato' 'torta al cioccolato fondente']","['cibo' 'alimento' 'fonte di energia' 'torta' 'torta dolce'
 'torta al cioccolato' 'torta al cioccolato fondente']",['B-' 'B-' 'B-' 'B-' 'B-' 'B-' 'B-'],
226,1G_19,"macchina, volante, oggetto a ruote, taxista, mestiere",,autista,"macchina, volante, oggetto a ruote, taxista",226_1G_19,['macchina' 'volante' 'oggetto a ruote' 'taxista' 'mestiere' 'autista'],['mestiere' 'autista'],['O' 'O' 'O' 'O' 'B-' 'B-'],
2083,2F_17,"lavoratore, persona, mammifero, essere vivente, entità",infermiere,medico,infermiere,2083_2F_17,"['lavoratore' 'persona' 'mammifero' 'essere vivente' 'entità' 'medico'
 'infermiere']",['lavoratore' 'persona' 'mammifero' 'essere vivente' 'entità' 'medico'],['B-' 'B-' 'B-' 'B-' 'B-' 'B-' 'O'],
2242,3B_20,emozione,terrore,paura,,2242_3B_20,['emozione' 'paura' 'terrore'],['emozione' 'paura' 'terrore'],['B-' 'B-' 'B-'],
1641,2F_3,"storia, etnia, persone, esseri viventi","donne, statua",libertà,"storia, etnia, persone, esseri viventi, statua",1641_2F_3,['storia' 'etnia' 'persone' 'esseri viventi' 'libertà' 'donne' 'statua'],['libertà' 'donne'],['O' 'O' 'O' 'O' 'B-' 'B-' 'O'],
877,2E_17,parte del corpo,aperta,mente,parte del corpo ,877_2E_17,['parte del corpo' 'mente' 'aperta'],['parte del corpo' 'mente' 'aperta'],['B-' 'B-' 'B-'],
1007,3C_1,unità di misura,minuti,tempo,,1007_3C_1,['unità di misura' 'tempo' 'minuti'],['unità di misura' 'tempo' 'minuti'],['B-' 'B-' 'B-'],
1316,5B_14,"emozione, sentimento",felicità,gioia,"sentimento, felicità",1316_5B_14,['emozione' 'sentimento' 'gioia' 'felicità'],['emozione' 'gioia'],['B-' 'O' 'B-' 'O'],
2404,2F_15,malattia,,rabbia,,2404_2F_15,['malattia' 'rabbia'],['malattia' 'rabbia'],['B-' 'B-'],
642,2E_3,"pistola, entità",nerf,giocattolo,pistola,642_2E_3,['pistola' 'entità' 'giocattolo' 'nerf'],['entità' 'giocattolo' 'nerf'],['O' 'B-' 'B-' 'B-'],
1876,2F_2,"divertimento, sentimento, emozione","monopoly, pistola, peluche",giocattolo,"divertimento, sentimento, emozione, pistola, peluche",1876_2F_2,"['divertimento' 'sentimento' 'emozione' 'giocattolo' 'monopoly' 'pistola'
 'peluche']",['giocattolo' 'monopoly'],['O' 'O' 'O' 'B-' 'B-' 'O' 'O'],
689,3B_2,"mantenitore, persona",,badante,mantenitore,689_3B_2,['mantenitore' 'persona' 'badante'],['persona' 'badante'],['O' 'B-' 'B-'],
3008,3B_12,"mele, cioccolato",,torta,"mele, cioccolato",3008_3B_12,['mele' 'cioccolato' 'torta'],['torta'],['O' 'O' 'B-'],
2117,5D_18,corpo,cervello,mente,"corpo, cervello",2117_5D_18,['corpo' 'mente' 'cervello'],['mente'],['O' 'B-' 'O'],
208,1G_19,tipo di gioia,"dalla guerra, uscire con magda, niente grammatica",libertà,"tipo di gioia, uscire con magda, niente grammatica",208_1G_19,"['tipo di gioia' 'libertà' 'libertà dalla guerra' 'uscire con magda'
 'niente grammatica']",['libertà' 'libertà dalla guerra'],['O' 'B-' 'B-' 'O' 'O'],dalla guerra|||libertà dalla guerra___
2013,2F_12,parte del corpo,cervello,mente,"parte del corpo, cervello",2013_2F_12,['parte del corpo' 'mente' 'cervello'],['mente'],['O' 'B-' 'O'],
2924,1D_4,"cibo, farina, uova, lievito, zuccherini, ingredienti, cioccolato","caramellata, buona, frutta",torta,"farina, uova, lievito, zuccherini, ingredienti, cioccolato, buona, frutta",2924_1D_4,"['cibo' 'farina' 'uova' 'lievito' 'zuccherini' 'ingredienti' 'cioccolato'
 'torta' 'caramellata' 'buona' 'frutta']",['cibo' 'torta' 'caramellata'],['B-' 'O' 'O' 'O' 'O' 'O' 'O' 'B-' 'B-' 'O' 'O'],
389,1D_11,"autista, persona, taxista, pilota","taxi, macchina da corsa, limousine",automobile,"autista, persona, taxista, pilota, macchina da corsa, limousine",389_1D_11,"['autista' 'persona' 'taxista' 'pilota' 'automobile' 'taxi'
 'macchina da corsa' 'limousine']",['automobile' 'taxi'],['O' 'O' 'O' 'O' 'B-' 'B-' 'O' 'O'],
1741,5D_7,,"ricreazione, parlare",libertà,ricreazione,1741_5D_7,[' libertà' 'ricreazione' 'parlare'],[' libertà' 'parlare'],['B-' 'O' 'B-'],
14,1G_2,"lavoro, dovere",di italiano,insegnante,,14_1G_2,['lavoro' 'dovere' 'insegnante' 'insegnante di italiano'],['lavoro' 'dovere' 'insegnante' 'insegnante di italiano'],['B-' 'B-' 'B-' 'B-'],di italiano|||insegnante di italiano___
61,2E_23,"persone, animali, sensazione","amorevole, amichevole",affetto,"persone, animali, amichevole",61_2E_23,['persone' 'animali' 'sensazione' 'affetto' 'amorevole' 'amichevole'],['sensazione' 'affetto' 'amorevole'],['O' 'O' 'B-' 'B-' 'B-' 'O'],
989,1D_8,oggetto,"spada, lego",giocattolo,lego,989_1D_8,['oggetto' 'giocattolo' 'spada' 'lego'],['oggetto' 'giocattolo' 'spada'],['B-' 'B-' 'B-' 'O'],
736,2E_9,"oggetto, non vivente","di plastica, di plastica riciclata, di plastica riciclata da aruba",giocattolo,,736_2E_9,"['oggetto' 'non vivente' 'giocattolo' 'giocattolo di plastica'
 'giocattolo di plastica riciclata'
 'giocattolo di plastica riciclata da aruba']","['oggetto' 'non vivente' 'giocattolo' 'giocattolo di plastica'
 'giocattolo di plastica riciclata'
 'giocattolo di plastica riciclata da aruba']",['B-' 'B-' 'B-' 'B-' 'B-' 'B-'],di plastica|||giocattolo di plastica___di plastica riciclata|||giocattolo di plastica riciclata___di plastica riciclata da aruba|||giocattolo di plastica riciclata da aruba___
128,3C_13,"empatia, emozione, sentimento","dimostrazione, baci, abbracci",affetto,"empatia, sentimento, dimostrazione, baci, abbracci",128_3C_13,"['empatia' 'emozione' 'sentimento' 'affetto' 'dimostrazione' 'baci'
 'abbracci']",['emozione' 'affetto'],['O' 'B-' 'O' 'B-' 'O' 'O' 'O'],
1,1G_2,"emozione, sogno, cosa astratta",,affetto,sogno,1_1G_2,['emozione' 'sogno' 'cosa astratta' 'affetto'],['emozione' 'cosa astratta' 'affetto'],['B-' 'O' 'B-' 'B-'],
323,5B_3,"lavoratore, essere umano, essere vivente","sebastian, sebastian orlando",autista,,323_5B_3,"['lavoratore' 'essere umano' 'essere vivente' 'autista' 'sebastian'
 'sebastian orlando']","['lavoratore' 'essere umano' 'essere vivente' 'autista' 'sebastian'
 'sebastian orlando']",['B-' 'B-' 'B-' 'B-' 'B-' 'B-'],
1955,1D_4,cervello,"una parte della testa, muscolo, cosa",mente,"cervello, una parte della testa, muscolo, cosa",1955_1D_4,['cervello' 'mente' 'una parte della testa' 'muscolo' 'cosa'],['mente'],['O' 'B-' 'O' 'O' 'O'],
87,1G_7,cosa astratta,dalla guerra,libertà,,87_1G_7,['cosa astratta' 'libertà' 'libertà dalla guerra'],['cosa astratta' 'libertà' 'libertà dalla guerra'],['B-' 'B-' 'B-'],dalla guerra|||libertà dalla guerra___
1588,5D_2,"persona, mammifero, essere vivente",tassista,autista,,1588_5D_2,['persona' 'mammifero' 'essere vivente' 'autista' 'tassista'],['persona' 'mammifero' 'essere vivente' 'autista' 'tassista'],['B-' 'B-' 'B-' 'B-' 'B-'],
2563,1G_7,"emozione, sentimento","pauroso, fantastico",sogno,"emozione, sentimento, fantastico",2563_1G_7,['emozione' 'sentimento' 'sogno' 'pauroso' 'fantastico'],['sogno' 'pauroso'],['O' 'O' 'B-' 'B-' 'O'],
2806,2F_4,misura,,tempo,,2806_2F_4,['misura' 'tempo'],['misura' 'tempo'],['B-' 'B-'],
2578,2E_20,"volare, pistola, non andare a scuola",volare,sogno,"volare, pistola, non andare a scuola, volare",2578_2E_20,['volare' 'pistola' 'non andare a scuola' 'sogno' 'volare'],['sogno'],['O' 'O' 'O' 'B-' 'O'],
2113,2F_19,"pensiero, cosa astratta",volare,sogno,,2113_2F_19,['pensiero' 'cosa astratta' 'sogno' 'volare'],['pensiero' 'cosa astratta' 'sogno' 'volare'],['B-' 'B-' 'B-' 'B-'],
2059,2F_14,"lavoratore, persona, mammifero, essere vivente, eucariota, entità",badante per anziani,badante,eucariota,2059_2F_14,"['lavoratore' 'persona' 'mammifero' 'essere vivente' 'eucariota' 'entità'
 'badante' 'badante per anziani']","['lavoratore' 'persona' 'mammifero' 'essere vivente' 'entità' 'badante'
 'badante per anziani']",['B-' 'B-' 'B-' 'B-' 'O' 'B-' 'B-' 'B-'],
917,2E_20,emozione,con una persona,rabbia,,917_2E_20,['emozione' 'rabbia' 'rabbia con una persona'],['emozione' 'rabbia' 'rabbia con una persona'],['B-' 'B-' 'B-'],con una persona|||rabbia con una persona___
6,1D_15,"voler bene, amare",,affetto,"voler bene, amare",6_1D_15,['voler bene' 'amare' 'affetto'],['affetto'],['O' 'O' 'B-'],
1996,2E_20,cervello,cervello,mente,"cervello, cervello",1996_2E_20,['cervello' 'mente' 'cervello'],['mente'],['O' 'B-' 'O'],
1293,3C_16,sentimento,,gioia,,1293_3C_16,['sentimento' 'gioia'],['sentimento' 'gioia'],['B-' 'B-'],
1439,1D_15,"professione, lavoro, entità","medicina, dentista, psicologo",medico,"medicina, psicologo",1439_1D_15,"['professione' 'lavoro' 'entità' 'medico' 'medicina' 'dentista'
 'psicologo']",['professione' 'lavoro' 'entità' 'medico' 'dentista'],['B-' 'B-' 'B-' 'B-' 'O' 'B-' 'O'],
1956,1D_5,,muscolo del cervello,mente,muscolo del cervello,1956_1D_5,[' mente' 'muscolo del cervello'],[' mente'],['B-' 'O'],
1507,5B_11,,"maestra, sostegno, silvia",insegnante,,1507_5B_11,[' insegnante' 'maestra' 'sostegno' 'silvia'],[' insegnante' 'maestra' 'sostegno' 'silvia'],['B-' 'B-' 'B-' 'B-'],
1179,3C_11,pensiero,felice,sogno,,1179_3C_11,['pensiero' 'sogno' 'felice'],['pensiero' 'sogno' 'felice'],['B-' 'B-' 'B-'],
71,2E_9,emozione,amore,affetto,,71_2E_9,['emozione' 'affetto' 'amore'],['emozione' 'affetto' 'amore'],['B-' 'B-' 'B-'],
364,5D_10,persona,pilota,autista,,364_5D_10,['persona' 'autista' 'pilota'],['persona' 'autista' 'pilota'],['B-' 'B-' 'B-'],
2650,3C_15,"immaginazione, irreale",erotico,sogno,irreale,2650_3C_15,['immaginazione' 'irreale' 'sogno' 'erotico'],['immaginazione' 'sogno' 'erotico'],['B-' 'O' 'B-' 'B-'],
2225,2F_5,,,paura,,2225_2F_5,[' paura'],[' paura'],['B-'],
2526,1D_15,pensiero,,sogno,,2526_1D_15,['pensiero' 'sogno'],['pensiero' 'sogno'],['B-' 'B-'],
229,1G_21,"lavoro, occupazione",taxi,autista,,229_1G_21,['lavoro' 'occupazione' 'autista' 'taxi'],['lavoro' 'occupazione' 'autista' 'taxi'],['B-' 'B-' 'B-' 'B-'],
2914,1D_16,"dolce, cibo",alla cioccolata,torta,,2914_1D_16,['dolce' 'cibo' 'torta' 'torta alla cioccolata'],['dolce' 'cibo' 'torta' 'torta alla cioccolata'],['B-' 'B-' 'B-' 'B-'],alla cioccolata|||torta alla cioccolata___
382,5D_5,"persona, mestiere",pilota,autista,mestiere,382_5D_5,['persona' 'mestiere' 'autista' 'pilota'],['persona' 'autista' 'pilota'],['B-' 'O' 'B-' 'B-'],
2557,1G_22,"sonno, letto, stanza",incubo,sogno,"sonno, letto, stanza",2557_1G_22,['sonno' 'letto' 'stanza' 'sogno' 'incubo'],['sogno' 'incubo'],['O' 'O' 'O' 'B-' 'B-'],
831,2E_15,"pensieri della mente, pensiero, cosa astratta, cosa, entità","sogno lucido, sogno lucido dark",sogno,,831_2E_15,"['pensieri della mente' 'pensiero' 'cosa astratta' 'cosa' 'entità' 'sogno'
 'sogno lucido' 'sogno lucido dark']","['pensieri della mente' 'pensiero' 'cosa astratta' 'cosa' 'entità' 'sogno'
 'sogno lucido' 'sogno lucido dark']",['B-' 'B-' 'B-' 'B-' 'B-' 'B-' 'B-' 'B-'],
851,2F_14,"mammifero, animale, essere vivente",frisone,cavallo,,851_2F_14,['mammifero' 'animale' 'essere vivente' 'cavallo' 'frisone'],['mammifero' 'animale' 'essere vivente' 'cavallo' 'frisone'],['B-' 'B-' 'B-' 'B-' 'B-'],
882,3B_19,"mammifero, animale, essere vivente",pony,cavallo,,882_3B_19,['mammifero' 'animale' 'essere vivente' 'cavallo' 'pony'],['mammifero' 'animale' 'essere vivente' 'cavallo' 'pony'],['B-' 'B-' 'B-' 'B-' 'B-'],
1235,2F_10,sentimento,"felicità, divertimento",gioia,"felicità, divertimento",1235_2F_10,['sentimento' 'gioia' 'felicità' 'divertimento'],['sentimento' 'gioia'],['B-' 'B-' 'O' 'O'],
1307,1D_6,cosa astratta,sogno bello,sogno,,1307_1D_6,['cosa astratta' 'sogno' 'sogno bello'],['cosa astratta' 'sogno' 'sogno bello'],['B-' 'B-' 'B-'],
433,5B_10,"emozione, concetto astratto",euforia,gioia,,433_5B_10,['emozione' 'concetto astratto' 'gioia' 'euforia'],['emozione' 'concetto astratto' 'gioia' 'euforia'],['B-' 'B-' 'B-' 'B-'],
303,5B_2,"lavoro, dovere, diritto",,insegnante,diritto,303_5B_2,['lavoro' 'dovere' 'diritto' 'insegnante'],['lavoro' 'dovere' 'insegnante'],['B-' 'B-' 'O' 'B-'],
984,2E_24,cibo,"al cioccolato, fatta in pasticceria",torta,,984_2E_24,['cibo' 'torta' 'al cioccolato' 'fatta in pasticceria'],['cibo' 'torta' 'al cioccolato' 'fatta in pasticceria'],['B-' 'B-' 'B-' 'B-'],
59,1G_5,"pensiero, computazionale","mente aperta, come la mente di un filosofo",mente,"pensiero, computazionale",59_1G_5,"['pensiero' 'computazionale' 'mente' 'mente aperta'
 'come la mente di un filosofo']",['mente' 'mente aperta' 'come la mente di un filosofo'],['O' 'O' 'B-' 'B-' 'B-'],
953,2E_22,,,affetto,,953_2E_22,[' affetto'],[' affetto'],['B-'],
1855,5D_24,"dolce, alimento, nutriente","torta al cioccolato, tenerina",torta,,1855_5D_24,['dolce' 'alimento' 'nutriente' 'torta' 'torta al cioccolato' 'tenerina'],['dolce' 'alimento' 'nutriente' 'torta' 'torta al cioccolato' 'tenerina'],['B-' 'B-' 'B-' 'B-' 'B-' 'B-'],
1693,5D_11,"sentimento, entità",di culto,libertà,"sentimento, entità",1693_5D_11,['sentimento' 'entità' 'libertà' 'libertà di culto'],['libertà' 'libertà di culto'],['O' 'O' 'B-' 'B-'],di culto|||libertà di culto___
2330,1D_13,"emozione, triste, brutta","felicità, commuoversi, piangere",rabbia,"triste, brutta, felicità, commuoversi, piangere",2330_1D_13,['emozione' 'triste' 'brutta' 'rabbia' 'felicità' 'commuoversi' 'piangere'],['emozione' 'rabbia'],['B-' 'O' 'O' 'B-' 'O' 'O' 'O'],
388,1D_10,"mezzo di trasporto, muovere, andare a lavoro, società, economia",,automobile,"muovere, andare a lavoro, società, economia",388_1D_10,"['mezzo di trasporto' 'muovere' 'andare a lavoro' 'società' 'economia'
 'automobile']",['mezzo di trasporto' 'automobile'],['B-' 'O' 'O' 'O' 'O' 'B-'],
1364,1D_10,"emozione, stato d'animo",rabbia repressa,rabbia,stato d'animo,1364_1D_10,"['emozione' ""stato d'animo"" 'rabbia' 'rabbia repressa']",['emozione' 'rabbia' 'rabbia repressa'],['B-' 'O' 'B-' 'B-'],
426,1G_3,"arma, trasporto","carroattrezzi, morte",automobile,"arma, carroattrezzi, morte",426_1G_3,['arma' 'trasporto' 'automobile' 'carroattrezzi' 'morte'],['trasporto' 'automobile'],['O' 'B-' 'B-' 'O' 'O'],
1800,5D_18,cosa astratta,,affetto,,1800_5D_18,['cosa astratta' 'affetto'],['cosa astratta' 'affetto'],['B-' 'B-'],
451,5B_11,"misura, cosa, entità","anno, 12 mesi, 365 giorni",tempo,"cosa, 12 mesi, 365 giorni",451_5B_11,['misura' 'cosa' 'entità' 'tempo' 'anno' '12 mesi' '365 giorni'],['misura' 'entità' 'tempo' 'anno'],['B-' 'O' 'B-' 'B-' 'B-' 'O' 'O'],
584,1D_13,"umano, aiutante, lavoro","anziani, ragazzi",badante,"aiutante, lavoro, ragazzi",584_1D_13,['umano' 'aiutante' 'lavoro' 'badante' 'anziani' 'ragazzi'],['umano' 'badante' 'anziani'],['B-' 'O' 'O' 'B-' 'B-' 'O'],
308,3B_25,"mestiere, lavoro, occupazione","mezzo di trasporto, auto, bmw",autista,"mezzo di trasporto, auto, bmw",308_3B_25,"['mestiere' 'lavoro' 'occupazione' 'autista' 'mezzo di trasporto' 'auto'
 'bmw']",['mestiere' 'lavoro' 'occupazione' 'autista'],['B-' 'B-' 'B-' 'B-' 'O' 'O' 'O'],
2169,1G_22,"sentimento, emozione",,paura,emozione,2169_1G_22,['sentimento' 'emozione' 'paura'],['sentimento' 'paura'],['B-' 'O' 'B-'],
993,2E_25,"oggetto, cosa, entità","legno, blu, trenino",giocattolo,,993_2E_25,['oggetto' 'cosa' 'entità' 'giocattolo' 'legno' 'blu' 'trenino'],['oggetto' 'cosa' 'entità' 'giocattolo' 'legno' 'blu' 'trenino'],['B-' 'B-' 'B-' 'B-' 'B-' 'B-' 'B-'],
1249,1D_3,"stato di vita, emozione, sentimento",libertà di voto,libertà,"stato di vita, emozione, sentimento",1249_1D_3,['stato di vita' 'emozione' 'sentimento' 'libertà' 'libertà di voto'],['libertà' 'libertà di voto'],['O' 'O' 'O' 'B-' 'B-'],
2313,5D_2,ansia,aracnofobia,paura,ansia,2313_5D_2,['ansia' 'paura' 'aracnofobia'],['paura' 'aracnofobia'],['O' 'B-' 'B-'],
2200,2E_6,"sensazione, emozione",ansia,paura,"emozione, ansia",2200_2E_6,['sensazione' 'emozione' 'paura' 'ansia'],['sensazione' 'paura'],['B-' 'O' 'B-' 'O'],
2811,2F_9,,atmosferico,tempo,,2811_2F_9,[' tempo' 'atmosferico'],[' tempo' 'atmosferico'],['B-' 'B-'],
1618,5D_5,"emozione, sentimento","morte, omicidio",paura,"sentimento, omicidio",1618_5D_5,['emozione' 'sentimento' 'paura' 'morte' 'omicidio'],['emozione' 'paura' 'morte'],['B-' 'O' 'B-' 'B-' 'O'],
2143,2F_21,"persona, essere vivente, lavoro","italiano, matematica, scienze",insegnante,"lavoro, matematica, scienze",2143_2F_21,"['persona' 'essere vivente' 'lavoro' 'insegnante' 'italiano' 'matematica'
 'scienze']",['persona' 'essere vivente' 'insegnante' 'italiano'],['B-' 'B-' 'O' 'B-' 'B-' 'O' 'O'],
1821,5D_21,"oggetto, essere non vivente, entità","automobile ferrari, automobile ferrari italiana, automobile ferrari italiana del nord",automobile,,1821_5D_21,"['oggetto' 'essere non vivente' 'entità' 'automobile' 'automobile ferrari'
 'automobile ferrari italiana' 'automobile ferrari italiana del nord']","['oggetto' 'essere non vivente' 'entità' 'automobile' 'automobile ferrari'
 'automobile ferrari italiana' 'automobile ferrari italiana del nord']",['B-' 'B-' 'B-' 'B-' 'B-' 'B-' 'B-'],
3029,3B_8,"dolce, cibo, alimento, nutrimento",cioccolato,torta,,3029_3B_8,['dolce' 'cibo' 'alimento' 'nutrimento' 'torta' 'cioccolato'],['dolce' 'cibo' 'alimento' 'nutrimento' 'torta' 'cioccolato'],['B-' 'B-' 'B-' 'B-' 'B-' 'B-'],
2697,5D_16,bello/brutto,"notte, luna piena, stelle",sogno,"bello/brutto, notte, luna piena, stelle",2697_5D_16,['bello/brutto' 'sogno' 'notte' 'luna piena' 'stelle'],['sogno'],['O' 'B-' 'O' 'O' 'O'],
2527,1D_16,pensiero,incubo,sogno,,2527_1D_16,['pensiero' 'sogno' 'incubo'],['pensiero' 'sogno' 'incubo'],['B-' 'B-' 'B-'],
1908,5B_4,"persona, essere vivente","otorino, orecchie",medico,orecchie,1908_5B_4,['persona' 'essere vivente' 'medico' 'otorino' 'orecchie'],['persona' 'essere vivente' 'medico' 'otorino'],['B-' 'B-' 'B-' 'B-' 'O'],
1765,1D_8,"persone che curano, essere umano","otorino, oculista, pediatra",medico,"persone che curano, oculista, pediatra",1765_1D_8,"['persone che curano' 'essere umano' 'medico' 'otorino' 'oculista'
 'pediatra']",['essere umano' 'medico' 'otorino'],['O' 'B-' 'B-' 'B-' 'O' 'O'],
1312,5B_10,"emozione, sentimento ",emozion,gioia,"sentimento, emozion",1312_5B_10,['emozione' 'sentimento ' 'gioia' 'emozion'],['emozione' 'sentimento ' 'gioia'],['B-' 'B-' 'B-' 'O'],
2966,2E_21,"schifezze, dolce, cibo","tortino, al cioccolato",torta,schifezze,2966_2E_21,['schifezze' 'dolce' 'cibo' 'torta' 'tortino' 'al cioccolato'],['dolce' 'cibo' 'torta' 'tortino' 'al cioccolato'],['O' 'B-' 'B-' 'B-' 'B-' 'B-'],
1561,1D_2,"sensazione, modo di essere",la musica di bello figo,libertà,la musica di bello figo,1561_1D_2,['sensazione' 'modo di essere' 'libertà' 'la musica di bello figo'],['sensazione' 'modo di essere' 'libertà'],['B-' 'B-' 'B-' 'O'],
2143,1D_2,sensazione,,paura,,2143_1D_2,['sensazione' 'paura'],['sensazione' 'paura'],['B-' 'B-'],
1135,3C_9,"persona, essere umano, essere vivente",autista di autobus,autista,,1135_3C_9,['persona' 'essere umano' 'essere vivente' 'autista' 'autista di autobus'],['persona' 'essere umano' 'essere vivente' 'autista' 'autista di autobus'],['B-' 'B-' 'B-' 'B-' 'B-'],
2320,5D_4,emozione,"emozione specifica, paura del buio",paura,emozione specifica,2320_5D_4,['emozione' 'paura' 'emozione specifica' 'paura del buio'],['emozione' 'paura' 'paura del buio'],['B-' 'B-' 'O' 'B-'],
1814,5D_21,"mammifero, animale, essere vivente, entità","cavallo bianco, cavallo bianco italiano, cavallo bianco italiano del nord",cavallo,,1814_5D_21,"['mammifero' 'animale' 'essere vivente' 'entità' 'cavallo'
 'cavallo bianco' 'cavallo bianco italiano'
 'cavallo bianco italiano del nord']","['mammifero' 'animale' 'essere vivente' 'entità' 'cavallo'
 'cavallo bianco' 'cavallo bianco italiano'
 'cavallo bianco italiano del nord']",['B-' 'B-' 'B-' 'B-' 'B-' 'B-' 'B-' 'B-'],
1243,2F_18,"sentimento, emozione",felicità,gioia,"emozione, felicità",1243_2F_18,['sentimento' 'emozione' 'gioia' 'felicità'],['sentimento' 'gioia'],['B-' 'O' 'B-' 'O'],
35,1G_20,sentimento,,affetto,,35_1G_20,['sentimento' 'affetto'],['sentimento' 'affetto'],['B-' 'B-'],
1241,1D_2,"orologio, entità",,tempo,orologio,1241_1D_2,['orologio' 'entità' 'tempo'],['entità' 'tempo'],['O' 'B-' 'B-'],
737,5B_17,"persona, essere vivente","babysitter, dogsitter",badante,"babysitter, dogsitter",737_5B_17,['persona' 'essere vivente' 'badante' 'babysitter' 'dogsitter'],['persona' 'essere vivente' 'badante'],['B-' 'B-' 'B-' 'O' 'O'],
1203,1G_5,"emozione, sentimento, qualcosa di provato",felicità,gioia,"sentimento, felicità",1203_1G_5,['emozione' 'sentimento' 'qualcosa di provato' 'gioia' 'felicità'],['emozione' 'qualcosa di provato' 'gioia'],['B-' 'O' 'B-' 'B-' 'O'],
2674,5B_14,,,sogno,,2674_5B_14,[' sogno'],[' sogno'],['B-'],
794,2E_12,"lavoro, professione, occupazione, persona, mammifero, entità",di taxi ,autista,"professione, persona, mammifero",794_2E_12,"['lavoro' 'professione' 'occupazione' 'persona' 'mammifero' 'entità'
 'autista' 'autista di taxi']",['lavoro' 'occupazione' 'entità' 'autista' 'autista di taxi'],['B-' 'O' 'B-' 'O' 'O' 'B-' 'B-' 'B-'],di taxi|||autista di taxi___
551,5B_5,"macchina, oggetto, cosa",porsche,automobile,macchina,551_5B_5,['macchina' 'oggetto' 'cosa' 'automobile' 'porsche'],['oggetto' 'cosa' 'automobile' 'porsche'],['O' 'B-' 'B-' 'B-' 'B-'],
2753,1G_3,"anno, secondo, minuto, ora","passato, 1988 d.c, 0 d.c.",tempo,"anno, secondo, minuto, ora, 1988 d.c, 0 d.c.",2753_1G_3,['anno' 'secondo' 'minuto' 'ora' 'tempo' 'passato' '1988 d.c' '0 d.c.'],['tempo' 'passato'],['O' 'O' 'O' 'O' 'B-' 'B-' 'O' 'O'],
1103,3C_2,"oggetto, agglomerato di atomi","lego, mattoncini, mattoncini di uno specifico tipo",giocattolo,"agglomerato di atomi, mattoncini, mattoncini di uno specifico tipo",1103_3C_2,"['oggetto' 'agglomerato di atomi' 'giocattolo' 'lego' 'mattoncini'
 'mattoncini di uno specifico tipo']",['oggetto' 'giocattolo' 'lego'],['B-' 'O' 'B-' 'B-' 'O' 'O'],
231,1G_20,"animale, essere vivente, entità, cosa presente sulla terra","pony, pony brutto, pony brutto senza le zampe",cavallo,"cosa presente sulla terra, pony brutto, pony brutto senza le zampe",231_1G_20,"['animale' 'essere vivente' 'entità' 'cosa presente sulla terra' 'cavallo'
 'pony' 'pony brutto' 'pony brutto senza le zampe']",['animale' 'essere vivente' 'entità' 'cavallo' 'pony'],['B-' 'B-' 'B-' 'O' 'B-' 'B-' 'O' 'O'],
119,1G_9,"lavoro, mestiere",di bambini piccoli,badante,"mestiere, di bambini piccoli",119_1G_9,['lavoro' 'mestiere' 'badante' 'badante di bambini piccoli'],['lavoro' 'badante'],['B-' 'O' 'B-' 'O'],di bambini piccoli|||badante di bambini piccoli___
2176,2F_23,"cosa, materiale, entità","di legno, di quercia, verde",giocattolo,materiale,2176_2F_23,"['cosa' 'materiale' 'entità' 'giocattolo' 'giocattolo di legno'
 'giocattolo di quercia' 'verde']","['cosa' 'entità' 'giocattolo' 'giocattolo di legno'
 'giocattolo di quercia' 'verde']",['B-' 'O' 'B-' 'B-' 'B-' 'B-' 'B-'],di legno|||giocattolo di legno___di quercia|||giocattolo di quercia___
1365,1D_10,cosa astratta,mente creativa,mente,,1365_1D_10,['cosa astratta' 'mente' 'mente creativa'],['cosa astratta' 'mente' 'mente creativa'],['B-' 'B-' 'B-'],
438,5B_10,concetto astratto,di esprimersi,libertà,,438_5B_10,['concetto astratto' 'libertà' 'libertà di esprimersi'],['concetto astratto' 'libertà' 'libertà di esprimersi'],['B-' 'B-' 'B-'],di esprimersi|||libertà di esprimersi___
1698,3C_9,parola,di voto,libertà,parola,1698_3C_9,['parola' 'libertà' 'libertà di voto'],['libertà' 'libertà di voto'],['O' 'B-' 'B-'],di voto|||libertà di voto___
1619,5D_5,"emozione, sentimento",,libertà,"emozione, sentimento",1619_5D_5,['emozione' 'sentimento' 'libertà'],['libertà'],['O' 'O' 'B-'],
467,5B_12,"lavoro, occupazione, cosa astratta",per anziani,badante,,467_5B_12,['lavoro' 'occupazione' 'cosa astratta' 'badante' 'badante per anziani'],['lavoro' 'occupazione' 'cosa astratta' 'badante' 'badante per anziani'],['B-' 'B-' 'B-' 'B-' 'B-'],per anziani|||badante per anziani___
951,5D_16,"mammifero, animale, essere vivente",bianco,cavallo,,951_5D_16,['mammifero' 'animale' 'essere vivente' 'cavallo' 'bianco'],['mammifero' 'animale' 'essere vivente' 'cavallo' 'bianco'],['B-' 'B-' 'B-' 'B-' 'B-'],
3001,2F_6,"dolce, buono, delizia","gelato, cioccolato",torta,"buono, delizia",3001_2F_6,['dolce' 'buono' 'delizia' 'torta' 'gelato' 'cioccolato'],['dolce' 'torta' 'gelato' 'cioccolato'],['B-' 'O' 'O' 'B-' 'B-' 'B-'],
1523,5B_7,"persona, mammifero, essere vivente","insegnante di sostegno, assistente, silvia",insegnante,assistente,1523_5B_7,"['persona' 'mammifero' 'essere vivente' 'insegnante'
 'insegnante di sostegno' 'assistente' 'silvia']","['persona' 'mammifero' 'essere vivente' 'insegnante'
 'insegnante di sostegno' 'silvia']",['B-' 'B-' 'B-' 'B-' 'B-' 'O' 'B-'],
1975,1G_22,"cervello, organo, cuore, sangue",,mente,"cervello, organo, cuore, sangue",1975_1G_22,['cervello' 'organo' 'cuore' 'sangue' 'mente'],['mente'],['O' 'O' 'O' 'O' 'B-'],
2372,2E_1,momento,emozione,rabbia,"momento, emozione",2372_2E_1,['momento' 'rabbia' 'emozione'],['rabbia'],['O' 'B-' 'O'],
3048,3C_25,dolce,cibo,torta,cibo,3048_3C_25,['dolce' 'torta' 'cibo'],['dolce' 'torta'],['B-' 'B-' 'O'],
969,1D_10,"oggetto, materiali","divertimento, felicità",giocattolo,"materiali, divertimento, felicità",969_1D_10,['oggetto' 'materiali' 'giocattolo' 'divertimento' 'felicità'],['oggetto' 'giocattolo'],['B-' 'O' 'B-' 'O' 'O'],
2096,2F_18,"sentimento, cosa",bene,affetto,"cosa, bene",2096_2F_18,['sentimento' 'cosa' 'affetto' 'bene'],['sentimento' 'affetto'],['B-' 'O' 'B-' 'O'],
971,1D_12,"felicità, divertirsi, spendere, bambini","barbie, macchinine, lego",giocattolo,"felicità, divertirsi, spendere, bambini, macchinine, lego",971_1D_12,"['felicità' 'divertirsi' 'spendere' 'bambini' 'giocattolo' 'barbie'
 'macchinine' 'lego']",['giocattolo' 'barbie'],['O' 'O' 'O' 'O' 'B-' 'B-' 'O' 'O'],
1810,2E_4,"bipede, mammifero, persona, essere vivente",aiutare,medico,"persona, aiutare",1810_2E_4,['bipede' 'mammifero' 'persona' 'essere vivente' 'medico' 'aiutare'],['bipede' 'mammifero' 'essere vivente' 'medico'],['B-' 'B-' 'O' 'B-' 'B-' 'O'],
1240,1D_2,,,sogno,,1240_1D_2,[' sogno'],[' sogno'],['B-'],
1522,5B_6,"maestra, prof, aiutante dei bambini",,insegnante,"maestra, prof, aiutante dei bambini",1522_5B_6,['maestra' 'prof' 'aiutante dei bambini' 'insegnante'],['insegnante'],['O' 'O' 'O' 'B-'],
559,5D_12,"mezzo di trasporto, oggetto","ferrari, lamborghini, suzuki",automobile,"lamborghini, suzuki",559_5D_12,"['mezzo di trasporto' 'oggetto' 'automobile' 'ferrari' 'lamborghini'
 'suzuki']",['mezzo di trasporto' 'oggetto' 'automobile' 'ferrari'],['B-' 'B-' 'B-' 'B-' 'O' 'O'],
935,2E_21,"organo mentale, organo, parte del corpo, entità","cervello, cervello umano",mente,"organo mentale, organo, parte del corpo, cervello, cervello umano",935_2E_21,"['organo mentale' 'organo' 'parte del corpo' 'entità' 'mente' 'cervello'
 'cervello umano']",['entità' 'mente'],['O' 'O' 'O' 'B-' 'B-' 'O' 'O'],
1909,2F_4,"persona, mammifero, eterotrofo, essere vivente, entità","dogsitter, maremmano sitter",badante,"dogsitter, maremmano sitter",1909_2F_4,"['persona' 'mammifero' 'eterotrofo' 'essere vivente' 'entità' 'badante'
 'dogsitter' 'maremmano sitter']",['persona' 'mammifero' 'eterotrofo' 'essere vivente' 'entità' 'badante'],['B-' 'B-' 'B-' 'B-' 'B-' 'B-' 'O' 'O'],
679,3B_10,"persona, mammifero, essere vivente, forma di vita",babysitter,badante,babysitter,679_3B_10,"['persona' 'mammifero' 'essere vivente' 'forma di vita' 'badante'
 'babysitter']",['persona' 'mammifero' 'essere vivente' 'forma di vita' 'badante'],['B-' 'B-' 'B-' 'B-' 'B-' 'O'],
245,1G_21,"mammifero, animale","da corsa, d'oro",cavallo,d'oro,245_1G_21,"['mammifero' 'animale' 'cavallo' 'cavallo da corsa' ""d'oro""]",['mammifero' 'animale' 'cavallo' 'cavallo da corsa'],['B-' 'B-' 'B-' 'B-' 'O'],da corsa|||cavallo da corsa___
2267,3C_14,"emozione, sentimento",paura di prendere 5 in scienze,paura,"sentimento, paura di prendere 5 in scienze",2267_3C_14,['emozione' 'sentimento' 'paura' 'paura di prendere 5 in scienze'],['emozione' 'paura'],['B-' 'O' 'B-' 'O'],
234,1G_20,"cibo, cosa che fabbrica mia nonna, entità","al cioccolato, al cioccolato con gli smarties",torta,cosa che fabbrica mia nonna,234_1G_20,"['cibo' 'cosa che fabbrica mia nonna' 'entità' 'torta' 'al cioccolato'
 'al cioccolato con gli smarties']",['cibo' 'entità' 'torta' 'al cioccolato' 'al cioccolato con gli smarties'],['B-' 'O' 'B-' 'B-' 'B-' 'B-'],
1584,5D_2,entità,orologio,tempo,orologio,1584_5D_2,['entità' 'tempo' 'orologio'],['entità' 'tempo'],['B-' 'B-' 'O'],
1020,3C_1,"emozione, sentimento, sensazione","fobia, fobia dei ragni",paura,sentimento,1020_3C_1,['emozione' 'sentimento' 'sensazione' 'paura' 'fobia' 'fobia dei ragni'],['emozione' 'sensazione' 'paura' 'fobia' 'fobia dei ragni'],['B-' 'O' 'B-' 'B-' 'B-' 'B-'],
427,5B_9,,,gioia,,427_5B_9,[' gioia'],[' gioia'],['B-'],
1988,2E_13,,,mente,,1988_2E_13,[' mente'],[' mente'],['B-'],
1985,2F_10,oggetto,macchinina,giocattolo,,1985_2F_10,['oggetto' 'giocattolo' 'macchinina'],['oggetto' 'giocattolo' 'macchinina'],['B-' 'B-' 'B-'],
1592,1G_6,sogno,statua,libertà,"sogno, statua",1592_1G_6,['sogno' 'libertà' 'statua'],['libertà'],['O' 'B-' 'O'],
892,3B_4,"mammifero, animale, essere vivente",,cavallo,,892_3B_4,['mammifero' 'animale' 'essere vivente' 'cavallo'],['mammifero' 'animale' 'essere vivente' 'cavallo'],['B-' 'B-' 'B-' 'B-'],
571,5D_23,mezzo di trasporto,mercedes benz,automobile,,571_5D_23,['mezzo di trasporto' 'automobile' 'mercedes benz'],['mezzo di trasporto' 'automobile' 'mercedes benz'],['B-' 'B-' 'B-'],
575,5D_5,mezzo di trasporto,ferrari,automobile,,575_5D_5,['mezzo di trasporto' 'automobile' 'ferrari'],['mezzo di trasporto' 'automobile' 'ferrari'],['B-' 'B-' 'B-'],
7,1D_16,"sensazione, emozione",amore,affetto,emozione,7_1D_16,['sensazione' 'emozione' 'affetto' 'amore'],['sensazione' 'affetto' 'amore'],['B-' 'O' 'B-' 'B-'],
1771,5D_16,"persona, entità",tassista,autista,,1771_5D_16,['persona' 'entità' 'autista' 'tassista'],['persona' 'entità' 'autista' 'tassista'],['B-' 'B-' 'B-' 'B-'],
1674,5D_10,"visione, entità, cosa",incubo,sogno,"visione, cosa",1674_5D_10,['visione' 'entità' 'cosa' 'sogno' 'incubo'],['entità' 'sogno' 'incubo'],['O' 'B-' 'O' 'B-' 'B-'],
1563,1D_21,spensieratezza,culto,libertà,spensieratezza,1563_1D_21,['spensieratezza' 'libertà' 'culto'],['libertà' 'culto'],['O' 'B-' 'B-'],
2071,3C_18,"cervello, testa, corpo, persona",,mente,"cervello, testa, corpo, persona",2071_3C_18,['cervello' 'testa' 'corpo' 'persona' 'mente'],['mente'],['O' 'O' 'O' 'O' 'B-'],
953,5D_18,"mammifero, animale, essere vivente, fattoria",pony,cavallo,fattoria,953_5D_18,['mammifero' 'animale' 'essere vivente' 'fattoria' 'cavallo' 'pony'],['mammifero' 'animale' 'essere vivente' 'cavallo' 'pony'],['B-' 'B-' 'B-' 'O' 'B-' 'B-'],
951,2E_22,,,libertà,,951_2E_22,[' libertà'],[' libertà'],['B-'],
923,2E_20,"grandezza, orologio","passato, presente",tempo,"orologio, presente",923_2E_20,['grandezza' 'orologio' 'tempo' 'passato' 'presente'],['grandezza' 'tempo' 'passato'],['B-' 'O' 'B-' 'B-' 'O'],
801,2E_13,,,libertà,,801_2E_13,[' libertà'],[' libertà'],['B-'],
1413,1D_13,lavoro,auto,autista,,1413_1D_13,['lavoro' 'autista' 'auto'],['lavoro' 'autista' 'auto'],['B-' 'B-' 'B-'],
2310,3C_17,oggetto,"gioco da tavolo, monopoly",giocattolo,,2310_3C_17,['oggetto' 'giocattolo' 'gioco da tavolo' 'monopoly'],['oggetto' 'giocattolo' 'gioco da tavolo' 'monopoly'],['B-' 'B-' 'B-' 'B-'],
284,1G_23,pensiero,"sogno brutto, incubo",sogno,,284_1G_23,['pensiero' 'sogno' 'sogno brutto' 'incubo'],['pensiero' 'sogno' 'sogno brutto' 'incubo'],['B-' 'B-' 'B-' 'B-'],
3039,3C_17,"dolce, cibo, nutrimento",sacher,torta,,3039_3C_17,['dolce' 'cibo' 'nutrimento' 'torta' 'sacher'],['dolce' 'cibo' 'nutrimento' 'torta' 'sacher'],['B-' 'B-' 'B-' 'B-' 'B-'],
734,2E_8,insieme,ore ,tempo,insieme,734_2E_8,['insieme' 'tempo' 'ore'],['tempo' 'ore'],['O' 'B-' 'B-'],
708,3C_13,"mestiere, modo per aiutare",,badante,modo per aiutare,708_3C_13,['mestiere' 'modo per aiutare' 'badante'],['mestiere' 'badante'],['B-' 'O' 'B-'],
3064,5B_17,"cibo, nutrimento",tenerina,torta,,3064_5B_17,['cibo' 'nutrimento' 'torta' 'tenerina'],['cibo' 'nutrimento' 'torta' 'tenerina'],['B-' 'B-' 'B-' 'B-'],
406,5B_8,parte del corpo,mente sveglia,mente,parte del corpo,406_5B_8,['parte del corpo' 'mente' 'mente sveglia'],['mente' 'mente sveglia'],['O' 'B-' 'B-'],
328,3C_2,"guidatore, persona che sa guidare, persona, umano, essere umano","autista di bus, autista di bus turistici, autista di bus turistici alle grotte di frassassi",autista,persona che sa guidare,328_3C_2,"['guidatore' 'persona che sa guidare' 'persona' 'umano' 'essere umano'
 'autista' 'autista di bus' 'autista di bus turistici'
 'autista di bus turistici alle grotte di frassassi']","['guidatore' 'persona' 'umano' 'essere umano' 'autista' 'autista di bus'
 'autista di bus turistici'
 'autista di bus turistici alle grotte di frassassi']",['B-' 'O' 'B-' 'B-' 'B-' 'B-' 'B-' 'B-' 'B-'],
1293,1D_5,"mezzo di trasporto, oggetto, essere non vivente, entità","fiat, fiat panda, fiat panda 4x4",automobile,,1293_1D_5,"['mezzo di trasporto' 'oggetto' 'essere non vivente' 'entità' 'automobile'
 'fiat' 'fiat panda' 'fiat panda 4x4']","['mezzo di trasporto' 'oggetto' 'essere non vivente' 'entità' 'automobile'
 'fiat' 'fiat panda' 'fiat panda 4x4']",['B-' 'B-' 'B-' 'B-' 'B-' 'B-' 'B-' 'B-'],
189,1G_16,"durata, una cosa astratta",timer,tempo,timer,189_1G_16,['durata' 'una cosa astratta' 'tempo' 'timer'],['durata' 'una cosa astratta' 'tempo'],['B-' 'B-' 'B-' 'O'],
2962,2E_18,"dolce, alimento","ingredienti, zucchero",torta,"ingredienti, zucchero",2962_2E_18,['dolce' 'alimento' 'torta' 'ingredienti' 'zucchero'],['dolce' 'alimento' 'torta'],['B-' 'B-' 'B-' 'O' 'O'],
1322,1D_7,,,paura,,1322_1D_7,[' paura'],[' paura'],['B-'],
1757,5D_15,emozione,amicizia,affetto,,1757_5D_15,['emozione' 'affetto' 'amicizia'],['emozione' 'affetto' 'amicizia'],['B-' 'B-' 'B-'],
701,3B_7,"professione, lavoro",,badante,,701_3B_7,['professione' 'lavoro' 'badante'],['professione' 'lavoro' 'badante'],['B-' 'B-' 'B-'],
2993,2F_22,"dolce, cibo",torta al cioccolato,torta,,2993_2F_22,['dolce' 'cibo' 'torta' 'torta al cioccolato'],['dolce' 'cibo' 'torta' 'torta al cioccolato'],['B-' 'B-' 'B-' 'B-'],
672,2F_4,lavoro,dogsitter,badante,dogsitter,672_2F_4,['lavoro' 'badante' 'dogsitter'],['lavoro' 'badante'],['B-' 'B-' 'O'],
374,5D_2,"persona, mestiere",taxi,autista,mestiere,374_5D_2,['persona' 'mestiere' 'autista' 'taxi'],['persona' 'autista' 'taxi'],['B-' 'O' 'B-' 'B-'],
2413,2F_23,sentimento,nervosismo,rabbia,nervosismo,2413_2F_23,['sentimento' 'rabbia' 'nervosismo'],['sentimento' 'rabbia'],['B-' 'B-' 'O'],
854,2E_16,"oggetto, entità","ferrari, rossa",automobile,,854_2E_16,['oggetto' 'entità' 'automobile' 'ferrari' 'rossa'],['oggetto' 'entità' 'automobile' 'ferrari' 'rossa'],['B-' 'B-' 'B-' 'B-' 'B-'],
744,2E_9,"lavoratore, persona, mammifero, essere vivente, entità","di una famiglia, che bada il padre, e la nonna",badante,,744_2E_9,"['lavoratore' 'persona' 'mammifero' 'essere vivente' 'entità' 'badante'
 'badante di una famiglia' 'che bada il padre' 'e la nonna']","['lavoratore' 'persona' 'mammifero' 'essere vivente' 'entità' 'badante'
 'badante di una famiglia' 'che bada il padre' 'e la nonna']",['B-' 'B-' 'B-' 'B-' 'B-' 'B-' 'B-' 'B-' 'B-'],di una famiglia|||badante di una famiglia___
1246,2F_20,emozione,"felice, divertimento",gioia,"felice, divertimento",1246_2F_20,['emozione' 'gioia' 'felice' 'divertimento'],['emozione' 'gioia'],['B-' 'B-' 'O' 'O'],
447,2E_22,"macchina, mezzo di trasporto, oggetto","ford puma, ford ka, furgone nissan",automobile,"macchina, ford ka, furgone nissan",447_2E_22,"['macchina' 'mezzo di trasporto' 'oggetto' 'automobile' 'ford puma'
 'ford ka' 'furgone nissan']",['mezzo di trasporto' 'oggetto' 'automobile' 'ford puma'],['O' 'B-' 'B-' 'B-' 'B-' 'O' 'O'],
1038,2E_8,"pupazzo, gioco, macchinina",passatempo,giocattolo,"pupazzo, macchinina, passatempo",1038_2E_8,['pupazzo' 'gioco' 'macchinina' 'giocattolo' 'passatempo'],['gioco' 'giocattolo'],['O' 'B-' 'O' 'B-' 'O'],
126,1G_9,"sentimento, emozione, cosa astratta","familiare, del padre",affetto,emozione,126_1G_9,"['sentimento' 'emozione' 'cosa astratta' 'affetto' 'familiare'
 'familiare del padre']",['sentimento' 'cosa astratta' 'affetto' 'familiare' 'familiare del padre'],['B-' 'O' 'B-' 'B-' 'B-' 'B-'],del padre|||familiare del padre___
201,1D_16,professione,"taxista, automobilista",autista,automobilista,201_1D_16,['professione' 'autista' 'taxista' 'automobilista'],['professione' 'autista' 'taxista'],['B-' 'B-' 'B-' 'O'],
2992,2F_21,"dolce, ciliegia, panna, cerchio",,torta,"ciliegia, panna, cerchio",2992_2F_21,['dolce' 'ciliegia' 'panna' 'cerchio' 'torta'],['dolce' 'torta'],['B-' 'O' 'O' 'O' 'B-'],
2529,1D_18,"desiderio, pensiero",,sogno,desiderio,2529_1D_18,['desiderio' 'pensiero' 'sogno'],['pensiero' 'sogno'],['O' 'B-' 'B-'],
2058,2F_14,"sentimento, pensiero",affetto materno,affetto,pensiero,2058_2F_14,['sentimento' 'pensiero' 'affetto' 'affetto materno'],['sentimento' 'affetto' 'affetto materno'],['B-' 'O' 'B-' 'B-'],
532,5B_16,"emozione, concetto astratto",ira,rabbia,,532_5B_16,['emozione' 'concetto astratto' 'rabbia' 'ira'],['emozione' 'concetto astratto' 'rabbia' 'ira'],['B-' 'B-' 'B-' 'B-'],
1632,2F_19,sensazione,cielo,libertà,cielo,1632_2F_19,['sensazione' 'libertà' 'cielo'],['sensazione' 'libertà'],['B-' 'B-' 'O'],
2635,3B_25,pensiero,incubo,sogno,,2635_3B_25,['pensiero' 'sogno' 'incubo'],['pensiero' 'sogno' 'incubo'],['B-' 'B-' 'B-'],
2159,2F_22,"oggetto, materiale","pupazzo, pikachu",giocattolo,materiale,2159_2F_22,['oggetto' 'materiale' 'giocattolo' 'pupazzo' 'pikachu'],['oggetto' 'giocattolo' 'pupazzo' 'pikachu'],['B-' 'O' 'B-' 'B-' 'B-'],
224,1G_16,"lavoro, mestiere",taxista,autista,mestiere,224_1G_16,['lavoro' 'mestiere' 'autista' 'taxista'],['lavoro' 'autista' 'taxista'],['B-' 'O' 'B-' 'B-'],
2450,3C_1,"nervosismo, fastidio, sentimento, stato d'animo","invidia, sogno, pensiero",rabbia,"nervosismo, fastidio, stato d'animo, invidia, sogno, pensiero",2450_3C_1,"['nervosismo' 'fastidio' 'sentimento' ""stato d'animo"" 'rabbia' 'invidia'
 'sogno' 'pensiero']",['sentimento' 'rabbia'],['O' 'O' 'B-' 'O' 'B-' 'O' 'O' 'O'],
2942,1G_20,"oggetto, cibo, dessert, dolce, essere non vivente",cheesecake,torta,"cibo, dessert, dolce",2942_1G_20,"['oggetto' 'cibo' 'dessert' 'dolce' 'essere non vivente' 'torta'
 'cheesecake']",['oggetto' 'essere non vivente' 'torta' 'cheesecake'],['B-' 'O' 'O' 'O' 'B-' 'B-' 'B-'],
2721,1D_16,unità di misura,"orario, orologio",tempo,"orario, orologio",2721_1D_16,['unità di misura' 'tempo' 'orario' 'orologio'],['unità di misura' 'tempo'],['B-' 'B-' 'O' 'O'],
1124,5B_16,cosa ,macchinina,giocattolo,,1124_5B_16,['cosa ' 'giocattolo' 'macchinina'],['cosa ' 'giocattolo' 'macchinina'],['B-' 'B-' 'B-'],
974,1D_15,"antistress, oggetto, passatempo","lego, soldatini, macchinina",giocattolo,"antistress, passatempo, soldatini, macchinina",974_1D_15,"['antistress' 'oggetto' 'passatempo' 'giocattolo' 'lego' 'soldatini'
 'macchinina']",['oggetto' 'giocattolo' 'lego'],['O' 'B-' 'O' 'B-' 'B-' 'O' 'O'],
27,1D_13,"bene, emozione, abbraccio, bacio","odio, bene",affetto,"bene, abbraccio, bacio, odio, bene",27_1D_13,['bene' 'emozione' 'abbraccio' 'bacio' 'affetto' 'odio' 'bene'],['emozione' 'affetto'],['O' 'B-' 'O' 'O' 'B-' 'O' 'O'],
922,2E_20,,,badante,,922_2E_20,[' badante'],[' badante'],['B-'],
256,2E_25,"persona, essere vivente","giovane, uomo",autista,"giovane, uomo",256_2E_25,['persona' 'essere vivente' 'autista' 'giovane' 'uomo'],['persona' 'essere vivente' 'autista'],['B-' 'B-' 'B-' 'O' 'O'],
476,5B_12,"lavoro, occupazione, ruolo, cosa astatta",,autista,,476_5B_12,['lavoro' 'occupazione' 'ruolo' 'cosa astatta' 'autista'],['lavoro' 'occupazione' 'ruolo' 'cosa astatta' 'autista'],['B-' 'B-' 'B-' 'B-' 'B-'],
403,1D_3,"mezzo di trasporto, essere non vivente",ferrari,automobile,,403_1D_3,['mezzo di trasporto' 'essere non vivente' 'automobile' 'ferrari'],['mezzo di trasporto' 'essere non vivente' 'automobile' 'ferrari'],['B-' 'B-' 'B-' 'B-'],
3024,3B_3,"alimento, cibo, dolce",zucchero,torta,"dolce, zucchero",3024_3B_3,['alimento' 'cibo' 'dolce' 'torta' 'zucchero'],['alimento' 'cibo' 'torta'],['B-' 'B-' 'O' 'B-' 'O'],
690,3B_20,servizio,persona,badante,"servizio, persona",690_3B_20,['servizio' 'badante' 'persona'],['badante'],['O' 'B-' 'O'],
1259,2F_9,emozione,una coppia unita,gioia,una coppia unita,1259_2F_9,['emozione' 'gioia' 'una coppia unita'],['emozione' 'gioia'],['B-' 'B-' 'O'],
1568,1D_5,emozione,,libertà,emozione,1568_1D_5,['emozione' 'libertà'],['libertà'],['O' 'B-'],
776,2E_11,"persone, gelosa","claustrofobia, ragnofobia",paura,"persone, gelosa, ragnofobia",776_2E_11,['persone' 'gelosa' 'paura' 'claustrofobia' 'ragnofobia'],['paura' 'claustrofobia'],['O' 'O' 'B-' 'B-' 'O'],
847,2E_16,"lavoro, professione, occupazione, entità","di italiano, delle medie, della 2E",insegnante,professione,847_2E_16,"['lavoro' 'professione' 'occupazione' 'entità' 'insegnante'
 'insegnante di italiano' 'insegnante delle medie' 'insegnante della 2E']","['lavoro' 'occupazione' 'entità' 'insegnante' 'insegnante di italiano'
 'insegnante delle medie' 'insegnante della 2E']",['B-' 'O' 'B-' 'B-' 'B-' 'B-' 'B-' 'B-'],di italiano|||insegnante di italiano___delle medie|||insegnante delle medie___della 2E|||insegnante della 2E___
405,5B_8,"lavoratrice, donna, persona, corpo, essere vivente",mary poppins,badante,corpo,405_5B_8,"['lavoratrice' 'donna' 'persona' 'corpo' 'essere vivente' 'badante'
 'mary poppins']",['lavoratrice' 'donna' 'persona' 'essere vivente' 'badante' 'mary poppins'],['B-' 'B-' 'B-' 'O' 'B-' 'B-' 'B-'],
2251,3B_5,emozione,inquietudine,paura,inquietudine,2251_3B_5,['emozione' 'paura' 'inquietudine'],['emozione' 'paura'],['B-' 'B-' 'O'],
360,5B_7,"guidatore, persona, mammifero, essere vivente",taxista,autista,,360_5B_7,['guidatore' 'persona' 'mammifero' 'essere vivente' 'autista' 'taxista'],['guidatore' 'persona' 'mammifero' 'essere vivente' 'autista' 'taxista'],['B-' 'B-' 'B-' 'B-' 'B-' 'B-'],
1836,2F_4,"persona, essere vivente","chirurgo, neurochirurgo",medico,,1836_2F_4,['persona' 'essere vivente' 'medico' 'chirurgo' 'neurochirurgo'],['persona' 'essere vivente' 'medico' 'chirurgo' 'neurochirurgo'],['B-' 'B-' 'B-' 'B-' 'B-'],
732,5B_12,"persona, essere vivente",aiutante,badante,aiutante,732_5B_12,['persona' 'essere vivente' 'badante' 'aiutante'],['persona' 'essere vivente' 'badante'],['B-' 'B-' 'B-' 'O'],
138,1G_10,"emozione, sentimento",da stress,rabbia,sentimento,138_1G_10,['emozione' 'sentimento' 'rabbia' 'rabbia da stress'],['emozione' 'rabbia' 'rabbia da stress'],['B-' 'O' 'B-' 'B-'],da stress|||rabbia da stress___
1536,1D_21,malattia ,canina,rabbia,,1536_1D_21,['malattia ' 'rabbia' 'canina'],['malattia ' 'rabbia' 'canina'],['B-' 'B-' 'B-'],
1864,3B_6,"mestiere, lavoro",dentista,medico,,1864_3B_6,['mestiere' 'lavoro' 'medico' 'dentista'],['mestiere' 'lavoro' 'medico' 'dentista'],['B-' 'B-' 'B-' 'B-'],
327,3C_19,guidatore,taxista,autista,,327_3C_19,['guidatore' 'autista' 'taxista'],['guidatore' 'autista' 'taxista'],['B-' 'B-' 'B-'],
705,3C_10,"persona, essere vivente",,badante,,705_3C_10,['persona' 'essere vivente' 'badante'],['persona' 'essere vivente' 'badante'],['B-' 'B-' 'B-'],
1938,1D_1,,"testa, cervello, cranio",mente,"testa, cervello, cranio",1938_1D_1,[' mente' 'testa' 'cervello' 'cranio'],[' mente'],['B-' 'O' 'O' 'O'],
2699,5D_18,,,sogno,,2699_5D_18,[' sogno'],[' sogno'],['B-'],
2547,1G_13,"emozione, pensiero, obiettivo",,sogno,"emozione, obiettivo",2547_1G_13,['emozione' 'pensiero' 'obiettivo' 'sogno'],['pensiero' 'sogno'],['O' 'B-' 'O' 'B-'],
610,2E_1,"timer, orologio","minuti, ore",tempo,"timer, orologio, ore",610_2E_1,['timer' 'orologio' 'tempo' 'minuti' 'ore'],['tempo' 'minuti'],['O' 'O' 'B-' 'B-' 'O'],
843,2E_7,"mammifero, animale, essere vivente",Valeria,cavallo,,843_2E_7,['mammifero' 'animale' 'essere vivente' 'cavallo' 'Valeria'],['mammifero' 'animale' 'essere vivente' 'cavallo' 'Valeria'],['B-' 'B-' 'B-' 'B-' 'B-'],
628,2E_11,"bada a tuo fratello, devi badare al cibo, babysitter","badare, bambino, a me stesso",badante,"bada a tuo fratello, devi badare al cibo, babysitter, badare, bambino, a me stesso",628_2E_11,"['bada a tuo fratello' 'devi badare al cibo' 'babysitter' 'badante'
 'badare' 'bambino' 'bambino a me stesso']",['badante'],['O' 'O' 'O' 'B-' 'O' 'O' 'O'],a me stesso|||bambino a me stesso___
2801,2F_23,tempo atmosferico,pioggia,tempo,tempo atmosferico,2801_2F_23,['tempo atmosferico' 'tempo' 'pioggia'],['tempo' 'pioggia'],['O' 'B-' 'B-'],
79,2F_16,,"abbraccio, carezze",affetto,"abbraccio, carezze",79_2F_16,[' affetto' 'abbraccio' 'carezze'],[' affetto'],['B-' 'O' 'O'],
257,1G_22,"animale, essere vivente, entità ",cavallo gianco,cavallo,,257_1G_22,['animale' 'essere vivente' 'entità ' 'cavallo' 'cavallo gianco'],['animale' 'essere vivente' 'entità ' 'cavallo' 'cavallo gianco'],['B-' 'B-' 'B-' 'B-' 'B-'],
1513,1D_19,"emozione, stato d'animo, entità",tripofobia,paura,stato d'animo,1513_1D_19,"['emozione' ""stato d'animo"" 'entità' 'paura' 'tripofobia']",['emozione' 'entità' 'paura' 'tripofobia'],['B-' 'O' 'B-' 'B-' 'B-'],
1747,5D_15,"cosa astratta, entità","spacco tutto, oggetto",rabbia,"spacco tutto, oggetto",1747_5D_15,['cosa astratta' 'entità' 'rabbia' 'spacco tutto' 'oggetto'],['cosa astratta' 'entità' 'rabbia'],['B-' 'B-' 'B-' 'O' 'O'],
85,1G_7,"persona, essere vivente",matematica,insegnante,,85_1G_7,['persona' 'essere vivente' 'insegnante' 'matematica'],['persona' 'essere vivente' 'insegnante' 'matematica'],['B-' 'B-' 'B-' 'B-'],
1924,5D_19,persona,lavoro,medico,lavoro,1924_5D_19,['persona' 'medico' 'lavoro'],['persona' 'medico'],['B-' 'B-' 'O'],
751,2E_10,"lavoro, mestiere, entità","veterinario, pediatra",medico,"mestiere, pediatra",751_2E_10,['lavoro' 'mestiere' 'entità' 'medico' 'veterinario' 'pediatra'],['lavoro' 'entità' 'medico' 'veterinario'],['B-' 'O' 'B-' 'B-' 'B-' 'O'],
1311,5B_1,"emozione, parola, lettere","rabbia, tristezza, disgusto",gioia,"parola, lettere, rabbia, tristezza, disgusto",1311_5B_1,['emozione' 'parola' 'lettere' 'gioia' 'rabbia' 'tristezza' 'disgusto'],['emozione' 'gioia'],['B-' 'O' 'O' 'B-' 'O' 'O' 'O'],
1301,3C_23,"sentimento, sensazione, felicità, sorridere",di vivere,gioia,"felicità, sorridere",1301_3C_23,"['sentimento' 'sensazione' 'felicità' 'sorridere' 'gioia'
 'gioia di vivere']",['sentimento' 'sensazione' 'gioia' 'gioia di vivere'],['B-' 'B-' 'O' 'O' 'B-' 'B-'],di vivere|||gioia di vivere___
590,5B_19,lavoro,laura,badante,,590_5B_19,['lavoro' 'badante' 'laura'],['lavoro' 'badante' 'laura'],['B-' 'B-' 'B-'],
1578,1D_23,ragione ,astratta,mente,"ragione, astratta",1578_1D_23,['ragione ' 'mente' 'astratta'],['ragione ' 'mente'],['B-' 'B-' 'O'],
1060,3C_4,"emozione, sensazione mentale, sensazione, condizionatore di decisioni",,paura,condizionatore di decisioni,1060_3C_4,"['emozione' 'sensazione mentale' 'sensazione'
 'condizionatore di decisioni' 'paura']",['emozione' 'sensazione mentale' 'sensazione' 'paura'],['B-' 'B-' 'B-' 'O' 'B-'],
1095,3C_12,,"macchinina, stellina",giocattolo,,1095_3C_12,[' giocattolo' 'macchinina' 'stellina'],[' giocattolo' 'macchinina' 'stellina'],['B-' 'B-' 'B-'],
534,5B_16,concetto astratto,,mente,,534_5B_16,['concetto astratto' 'mente'],['concetto astratto' 'mente'],['B-' 'B-'],
2431,3B_16,sentimento,,rabbia,,2431_3B_16,['sentimento' 'rabbia'],['sentimento' 'rabbia'],['B-' 'B-'],
828,2E_17,"mammifero, animale, essere vivente",pony,cavallo,,828_2E_17,['mammifero' 'animale' 'essere vivente' 'cavallo' 'pony'],['mammifero' 'animale' 'essere vivente' 'cavallo' 'pony'],['B-' 'B-' 'B-' 'B-' 'B-'],
2076,2F_15,"misura, entità","tempo storico, tempo romano",tempo,,2076_2F_15,['misura' 'entità' 'tempo' 'tempo storico' 'tempo romano'],['misura' 'entità' 'tempo' 'tempo storico' 'tempo romano'],['B-' 'B-' 'B-' 'B-' 'B-'],
1005,2E_25,"alimento dolce, cibo, entità","gelato, ad un gusto, fragola",torta,,1005_2E_25,['alimento dolce' 'cibo' 'entità' 'torta' 'gelato' 'ad un gusto' 'fragola'],['alimento dolce' 'cibo' 'entità' 'torta' 'gelato' 'ad un gusto' 'fragola'],['B-' 'B-' 'B-' 'B-' 'B-' 'B-' 'B-'],
299,3B_17,"lavoro, soldi, guadagno","automobile, ruote, gomma",autista,"soldi, guadagno, ruote, gomma",299_3B_17,['lavoro' 'soldi' 'guadagno' 'autista' 'automobile' 'ruote' 'gomma'],['lavoro' 'autista' 'automobile'],['B-' 'O' 'O' 'B-' 'B-' 'O' 'O'],
2678,5B_18,"sentimento, immagine, pensiero, cosa astratta, video immaginario",incubo,sogno,"sentimento, video immaginario",2678_5B_18,"['sentimento' 'immagine' 'pensiero' 'cosa astratta' 'video immaginario'
 'sogno' 'incubo']",['immagine' 'pensiero' 'cosa astratta' 'sogno' 'incubo'],['O' 'B-' 'B-' 'B-' 'O' 'B-' 'B-'],
1859,3B_25,"mestiere, lavoro, occupazione","ortopedico, persona",medico,persona,1859_3B_25,['mestiere' 'lavoro' 'occupazione' 'medico' 'ortopedico' 'persona'],['mestiere' 'lavoro' 'occupazione' 'medico' 'ortopedico'],['B-' 'B-' 'B-' 'B-' 'B-' 'O'],
959,5D_23,animale,stallone,cavallo,,959_5D_23,['animale' 'cavallo' 'stallone'],['animale' 'cavallo' 'stallone'],['B-' 'B-' 'B-'],
2008,2E_8,cervello,"pensiero, pensieroso",mente,"cervello, pensiero, pensieroso",2008_2E_8,['cervello' 'mente' 'pensiero' 'pensieroso'],['mente'],['O' 'B-' 'O' 'O'],
1848,5D_23,mestiere,tassista,autista,,1848_5D_23,['mestiere' 'autista' 'tassista'],['mestiere' 'autista' 'tassista'],['B-' 'B-' 'B-'],
2414,3C_24,"emozione, sentimento",,gioia,sentimento,2414_3C_24,['emozione' 'sentimento' 'gioia'],['emozione' 'gioia'],['B-' 'O' 'B-'],
160,1G_13,"misura, entità","meteorologico, neve",tempo, ,160_1G_13,['misura' 'entità' 'tempo' 'meteorologico' 'neve'],['misura' 'entità' 'tempo' 'meteorologico' 'neve'],['B-' 'B-' 'B-' 'B-' 'B-'],
2396,3C_22,"persona, essere vivente",,badante,,2396_3C_22,['persona' 'essere vivente' 'badante'],['persona' 'essere vivente' 'badante'],['B-' 'B-' 'B-'],
1143,5D_14,oggetto,lego,giocattolo,,1143_5D_14,['oggetto' 'giocattolo' 'lego'],['oggetto' 'giocattolo' 'lego'],['B-' 'B-' 'B-'],
1870,2F_2,"emozione, sentimento","andare ad un concerto, la fine della scuola, il crollo della scuola",gioia,"sentimento, andare ad un concerto, la fine della scuola, il crollo della scuola",1870_2F_2,"['emozione' 'sentimento' 'gioia' 'andare ad un concerto'
 'la fine della scuola' 'il crollo della scuola']",['emozione' 'gioia'],['B-' 'O' 'B-' 'O' 'O' 'O'],
3088,5D_2,"alimento, dolce, salata, cibo","torta al cioccolato, tenerina, ciambellone",torta,"dolce, salata, ciambellone",3088_5D_2,"['alimento' 'dolce' 'salata' 'cibo' 'torta' 'torta al cioccolato'
 'tenerina' 'ciambellone']",['alimento' 'cibo' 'torta' 'torta al cioccolato' 'tenerina'],['B-' 'O' 'O' 'B-' 'B-' 'B-' 'B-' 'O'],
2367,1G_5,stato d'animo,"furia, isteria",rabbia,isteria,2367_1G_5,"[""stato d'animo"" 'rabbia' 'furia' 'isteria']","[""stato d'animo"" 'rabbia' 'furia']",['B-' 'B-' 'B-' 'O'],
1648,5D_8,"emozione, entità",ira,rabbia,,1648_5D_8,['emozione' 'entità' 'rabbia' 'ira'],['emozione' 'entità' 'rabbia' 'ira'],['B-' 'B-' 'B-' 'B-'],
1195,3C_12,"oggetto, motore","bmw, porsche, scevrolet",automobile,"motore, porsche, scevrolet",1195_3C_12,['oggetto' 'motore' 'automobile' 'bmw' 'porsche' 'scevrolet'],['oggetto' 'automobile' 'bmw'],['B-' 'O' 'B-' 'B-' 'O' 'O'],
469,2F_19,"trasporto, mezzo, oggetto",porche,automobile,mezzo,469_2F_19,['trasporto' 'mezzo' 'oggetto' 'automobile' 'porche'],['trasporto' 'oggetto' 'automobile' 'porche'],['B-' 'O' 'B-' 'B-' 'B-'],
857,2F_2,"mammifero, animale, essere vivente",puledro,cavallo,,857_2F_2,['mammifero' 'animale' 'essere vivente' 'cavallo' 'puledro'],['mammifero' 'animale' 'essere vivente' 'cavallo' 'puledro'],['B-' 'B-' 'B-' 'B-' 'B-'],
1736,5D_14,"entità, cosa astratta",incubo,sogno,cosa astratta,1736_5D_14,['entità' 'cosa astratta' 'sogno' 'incubo'],['entità' 'sogno' 'incubo'],['B-' 'O' 'B-' 'B-'],
2188,2E_19,emozione,"paura del buio, vertigini, claustrofobia",paura,"vertigini, claustrofobia",2188_2E_19,['emozione' 'paura' 'paura del buio' 'vertigini' 'claustrofobia'],['emozione' 'paura' 'paura del buio'],['B-' 'B-' 'B-' 'O' 'O'],
302,5B_1,"emozione, pensiero, ragionamento, entità","odio, ira, scatto",rabbia,"pensiero, ragionamento, odio, scatto",302_5B_1,"['emozione' 'pensiero' 'ragionamento' 'entità' 'rabbia' 'odio' 'ira'
 'scatto']",['emozione' 'entità' 'rabbia' 'ira'],['B-' 'O' 'O' 'B-' 'B-' 'O' 'B-' 'O'],
121,3B_7,"sentimento, emozione",,affetto,emozione,121_3B_7,['sentimento' 'emozione' 'affetto'],['sentimento' 'affetto'],['B-' 'O' 'B-'],
1367,1D_2,persone cattive,,insegnante,persone cattive,1367_1D_2,['persone cattive' 'insegnante'],['insegnante'],['O' 'B-'],
1657,3B_18,sensazione,,libertà,,1657_3B_18,['sensazione' 'libertà'],['sensazione' 'libertà'],['B-' 'B-'],
661,2E_4,"emozione, cosa, cosa astratta, entità","maligna, ira",rabbia,"cosa, maligna",661_2E_4,['emozione' 'cosa' 'cosa astratta' 'entità' 'rabbia' 'maligna' 'ira'],['emozione' 'cosa astratta' 'entità' 'rabbia' 'ira'],['B-' 'O' 'B-' 'B-' 'B-' 'O' 'B-'],
1448,2F_4,"persona, mammifero, essere vivente",insegnante di matematica,insegnante,,1448_2F_4,"['persona' 'mammifero' 'essere vivente' 'insegnante'
 'insegnante di matematica']","['persona' 'mammifero' 'essere vivente' 'insegnante'
 'insegnante di matematica']",['B-' 'B-' 'B-' 'B-' 'B-'],
2177,2F_23,,,mente,,2177_2F_23,[' mente'],[' mente'],['B-'],
1355,1D_9,"macchina, mezzo di trasporto",audi,automobile,macchina,1355_1D_9,['macchina' 'mezzo di trasporto' 'automobile' 'audi'],['mezzo di trasporto' 'automobile' 'audi'],['O' 'B-' 'B-' 'B-'],
262,2E_7,"essere vivente, mammifero","persona, ragazzo",autista,"mammifero, persona, ragazzo",262_2E_7,['essere vivente' 'mammifero' 'autista' 'persona' 'ragazzo'],['essere vivente' 'autista'],['B-' 'O' 'B-' 'O' 'O'],
829,2E_14,forma d'amore,"affetto fraterno, affetto fraterno tra amici molto uniti",affetto,forma d'amore,829_2E_14,"[""forma d'amore"" 'affetto' 'affetto fraterno'
 'affetto fraterno tra amici molto uniti']",['affetto' 'affetto fraterno' 'affetto fraterno tra amici molto uniti'],['O' 'B-' 'B-' 'B-'],
681,2E_5,"grandezza, misura, entità","ora, minuto, secondo",tempo,"minuto, secondo",681_2E_5,['grandezza' 'misura' 'entità' 'tempo' 'ora' 'minuto' 'secondo'],['grandezza' 'misura' 'entità' 'tempo' 'ora'],['B-' 'B-' 'B-' 'B-' 'B-' 'O' 'O'],
1137,5B_9,è un divertimento,"bambole, barbie",giocattolo,è un divertimento,1137_5B_9,['è un divertimento' 'giocattolo' 'bambole' 'barbie'],['giocattolo' 'bambole' 'barbie'],['O' 'B-' 'B-' 'B-'],
1548,5D_8,"persona, essere vivente, mammifero","insegnante dell'università, insegnante delle medie, insegnante delle elementari",insegnante,"mammifero, insegnante delle medie, insegnante delle elementari",1548_5D_8,"['persona' 'essere vivente' 'mammifero' 'insegnante'
 ""insegnante dell'università"" 'insegnante delle medie'
 'insegnante delle elementari']","['persona' 'essere vivente' 'insegnante' ""insegnante dell'università""]",['B-' 'B-' 'O' 'B-' 'B-' 'O' 'O'],
1369,1D_10,"emozione, stato d'animo",,gioia,stato d'animo,1369_1D_10,"['emozione' ""stato d'animo"" 'gioia']",['emozione' 'gioia'],['B-' 'O' 'B-'],
1752,1D_17,"lavoratore, persona, essere vivente",ortopedico,medico,,1752_1D_17,['lavoratore' 'persona' 'essere vivente' 'medico' 'ortopedico'],['lavoratore' 'persona' 'essere vivente' 'medico' 'ortopedico'],['B-' 'B-' 'B-' 'B-' 'B-'],
1344,5D_20,sentimento,felicità,gioia,felicità,1344_5D_20,['sentimento' 'gioia' 'felicità'],['sentimento' 'gioia'],['B-' 'B-' 'O'],
1020,2E_15,"pistola, costo",nerf,giocattolo,"pistola, costo",1020_2E_15,['pistola' 'costo' 'giocattolo' 'nerf'],['giocattolo' 'nerf'],['O' 'O' 'B-' 'B-'],
1732,5D_14,"emozione, pensiero, cosa astratta",,rabbia,pensiero,1732_5D_14,['emozione' 'pensiero' 'cosa astratta' 'rabbia'],['emozione' 'cosa astratta' 'rabbia'],['B-' 'O' 'B-' 'B-'],
206,1D_20,"persona, guida, porta persone",,autista,"guida, porta persone",206_1D_20,['persona' 'guida' 'porta persone' 'autista'],['persona' 'autista'],['B-' 'O' 'O' 'B-'],
2325,3C_18,mestiere,di musica,insegnante,,2325_3C_18,['mestiere' 'insegnante' 'insegnante di musica'],['mestiere' 'insegnante' 'insegnante di musica'],['B-' 'B-' 'B-'],di musica|||insegnante di musica___
2164,1G_18,"sensazione, sentimento, emozione","spavento, fobia",paura,"sentimento, emozione, fobia",2164_1G_18,['sensazione' 'sentimento' 'emozione' 'paura' 'spavento' 'fobia'],['sensazione' 'paura' 'spavento'],['B-' 'O' 'O' 'B-' 'B-' 'O'],
1566,1D_3,credere,libertà di pensiero,libertà,credere,1566_1D_3,['credere' 'libertà' 'libertà di pensiero'],['libertà' 'libertà di pensiero'],['O' 'B-' 'B-'],
1337,1D_8,"cosa astratta, non esistente",elaborata,mente,non esistente,1337_1D_8,['cosa astratta' 'non esistente' 'mente' 'elaborata'],['cosa astratta' 'mente' 'elaborata'],['B-' 'O' 'B-' 'B-'],
815,1G_5,"animale, essere vivente","pony, ovoviviparo, mammifero",cavallo,"ovoviviparo, mammifero",815_1G_5,['animale' 'essere vivente' 'cavallo' 'pony' 'ovoviviparo' 'mammifero'],['animale' 'essere vivente' 'cavallo' 'pony'],['B-' 'B-' 'B-' 'B-' 'O' 'O'],
1487,3C_16,"lavoro, modo per fare soldi, vivere",di lettere,insegnante,"modo per fare soldi, vivere",1487_3C_16,"['lavoro' 'modo per fare soldi' 'vivere' 'insegnante'
 'insegnante di lettere']",['lavoro' 'insegnante' 'insegnante di lettere'],['B-' 'O' 'O' 'B-' 'B-'],di lettere|||insegnante di lettere___
1517,1D_19,"emozione, stato d'animo, entità",furia,rabbia,stato d'animo,1517_1D_19,"['emozione' ""stato d'animo"" 'entità' 'rabbia' 'furia']",['emozione' 'entità' 'rabbia' 'furia'],['B-' 'O' 'B-' 'B-' 'B-'],
2490,5B_4,"emozione, sentimento","piangere, lacrime",rabbia,"sentimento, piangere, lacrime",2490_5B_4,['emozione' 'sentimento' 'rabbia' 'piangere' 'lacrime'],['emozione' 'rabbia'],['B-' 'O' 'B-' 'O' 'O'],
2142,1D_19,,,paura,,2142_1D_19,[' paura'],[' paura'],['B-'],
1230,2E_6,"felicità, emozione, cosa si prova",nome di persona,gioia,"felicità, nome di persona",1230_2E_6,['felicità' 'emozione' 'cosa si prova' 'gioia' 'nome di persona'],['emozione' 'cosa si prova' 'gioia'],['O' 'B-' 'B-' 'B-' 'O'],
1953,2F_7,cervello,,mente,cervello,1953_2F_7,['cervello' 'mente'],['mente'],['O' 'B-'],
354,5B_5,nome astratto,,affetto,,354_5B_5,['nome astratto' 'affetto'],['nome astratto' 'affetto'],['B-' 'B-'],
1853,5D_23,mestiere,di anziani,badante,,1853_5D_23,['mestiere' 'badante' 'badante di anziani'],['mestiere' 'badante' 'badante di anziani'],['B-' 'B-' 'B-'],di anziani|||badante di anziani___
2869,5B_16,momento,"pioggia, acqua, potabile",tempo,"momento, acqua, potabile",2869_5B_16,['momento' 'tempo' 'pioggia' 'acqua' 'potabile'],['tempo' 'pioggia'],['O' 'B-' 'B-' 'O' 'O'],
1806,2E_24,"mestiere, turni",,medico,turni,1806_2E_24,['mestiere' 'turni' 'medico'],['mestiere' 'medico'],['B-' 'O' 'B-'],
474,5B_12,cosa astratta,mente intelligente,mente,,474_5B_12,['cosa astratta' 'mente' 'mente intelligente'],['cosa astratta' 'mente' 'mente intelligente'],['B-' 'B-' 'B-'],
759,5D_18,,,badante,,759_5D_18,[' badante'],[' badante'],['B-'],
1268,1D_4,"emozione, sentimento",fantasma,paura,sentimento,1268_1D_4,['emozione' 'sentimento' 'paura' 'fantasma'],['emozione' 'paura' 'fantasma'],['B-' 'O' 'B-' 'B-'],
1580,1G_16,persona libera,,libertà,persona libera,1580_1G_16,['persona libera' 'libertà'],['libertà'],['O' 'B-'],
79,1G_6,"persona, essere vivente","psicologo, dentista, pediatra",medico,"dentista, pediatra",79_1G_6,['persona' 'essere vivente' 'medico' 'psicologo' 'dentista' 'pediatra'],['persona' 'essere vivente' 'medico' 'psicologo'],['B-' 'B-' 'B-' 'B-' 'O' 'O'],
2698,5D_17,,"immaginazione, realtà",sogno,"immaginazione, realtà",2698_5D_17,[' sogno' 'immaginazione' 'realtà'],[' sogno'],['B-' 'O' 'O'],
635,2E_18,"professione, persona, mammifero, animale, essere vivente","persone, vecchie",badante,"persona, mammifero, animale, essere vivente, persone",635_2E_18,"['professione' 'persona' 'mammifero' 'animale' 'essere vivente' 'badante'
 'persone' 'vecchie']",['professione' 'badante' 'vecchie'],['B-' 'O' 'O' 'O' 'O' 'B-' 'O' 'B-'],
306,5B_2,nome astratto,,libertà, ,306_5B_2,['nome astratto' 'libertà'],['nome astratto' 'libertà'],['B-' 'B-'],
173,1G_13,"sensazione, cosa astratta ",del buio,paura,,173_1G_13,['sensazione' 'cosa astratta ' 'paura' 'paura del buio'],['sensazione' 'cosa astratta ' 'paura' 'paura del buio'],['B-' 'B-' 'B-' 'B-'],del buio|||paura del buio___
484,5B_13,"persona, essere vivente",taxista ,autista,,484_5B_13,['persona' 'essere vivente' 'autista' 'taxista'],['persona' 'essere vivente' 'autista' 'taxista'],['B-' 'B-' 'B-' 'B-'],
2259,3C_12,sentimento,,paura,,2259_3C_12,['sentimento' 'paura'],['sentimento' 'paura'],['B-' 'B-'],
823,2E_12,"mammifero, onnivoro, animale, essere vivente","bianco, mastang",cavallo,"onnivoro, mastang",823_2E_12,"['mammifero' 'onnivoro' 'animale' 'essere vivente' 'cavallo' 'bianco'
 'mastang']",['mammifero' 'animale' 'essere vivente' 'cavallo' 'bianco'],['B-' 'O' 'B-' 'B-' 'B-' 'B-' 'O'],
480,5B_13,,riposarsi,libertà,riposarsi,480_5B_13,[' libertà' 'riposarsi'],[' libertà'],['B-' 'O'],
316,3B_9,"persona, essere vivente",autista di autobus,autista,,316_3B_9,['persona' 'essere vivente' 'autista' 'autista di autobus'],['persona' 'essere vivente' 'autista' 'autista di autobus'],['B-' 'B-' 'B-' 'B-'],
1014,2E_1,"passatempo, fortnite",pupazzo,giocattolo,"passatempo, fortnite",1014_2E_1,['passatempo' 'fortnite' 'giocattolo' 'pupazzo'],['giocattolo' 'pupazzo'],['O' 'O' 'B-' 'B-'],
1435,1D_14,emozione,avere un cane,gioia,avere un cane,1435_1D_14,['emozione' 'gioia' 'avere un cane'],['emozione' 'gioia'],['B-' 'B-' 'O'],
1217,1D_1,emozione,felicità,gioia,felicità,1217_1D_1,['emozione' 'gioia' 'felicità'],['emozione' 'gioia'],['B-' 'B-' 'O'],
1194,1G_18,"sensazione, sentimento, emozione",felicità,gioia,"sentimento, emozione, felicità",1194_1G_18,['sensazione' 'sentimento' 'emozione' 'gioia' 'felicità'],['sensazione' 'gioia'],['B-' 'O' 'O' 'B-' 'O'],
3037,3C_15,"dolce, cibo, nutrimento","tenerina, gusto, cinque sensi",torta,"gusto, cinque sensi",3037_3C_15,['dolce' 'cibo' 'nutrimento' 'torta' 'tenerina' 'gusto' 'cinque sensi'],['dolce' 'cibo' 'nutrimento' 'torta' 'tenerina'],['B-' 'B-' 'B-' 'B-' 'B-' 'O' 'O'],
503,5B_14,"gioco, cosa bella",macchinina ,giocattolo,cosa bella,503_5B_14,['gioco' 'cosa bella' 'giocattolo' 'macchinina'],['gioco' 'giocattolo' 'macchinina'],['B-' 'O' 'B-' 'B-'],
1710,5B_2,,,libertà,,1710_5B_2,[' libertà'],[' libertà'],['B-'],
1815,5D_21,"sentimento, entità",,gioia,,1815_5D_21,['sentimento' 'entità' 'gioia'],['sentimento' 'entità' 'gioia'],['B-' 'B-' 'B-'],
1749,5D_15,cosa astratta,,mente,,1749_5D_15,['cosa astratta' 'mente'],['cosa astratta' 'mente'],['B-' 'B-'],
2268,3C_14,oggetto,"lego, playmobil",giocattolo,playmobil,2268_3C_14,['oggetto' 'giocattolo' 'lego' 'playmobil'],['oggetto' 'giocattolo' 'lego'],['B-' 'B-' 'B-' 'O'],
1068,3C_4,"persona che lavora, persona stipendiata, persona, umano, mammifero, animale, essere vivente","pilota di autobus, pilota del 104, persona stressata",autista,"persona stipendiata, persona stressata",1068_3C_4,"['persona che lavora' 'persona stipendiata' 'persona' 'umano' 'mammifero'
 'animale' 'essere vivente' 'autista' 'pilota di autobus' 'pilota del 104'
 'persona stressata']","['persona che lavora' 'persona' 'umano' 'mammifero' 'animale'
 'essere vivente' 'autista' 'pilota di autobus' 'pilota del 104']",['B-' 'O' 'B-' 'B-' 'B-' 'B-' 'B-' 'B-' 'B-' 'B-' 'O'],
2379,2E_16,"stato d'animo, emozione, sentimento",furia,rabbia,"emozione, sentimento",2379_2E_16,"[""stato d'animo"" 'emozione' 'sentimento' 'rabbia' 'furia']","[""stato d'animo"" 'rabbia' 'furia']",['B-' 'O' 'O' 'B-' 'B-'],
1287,1D_5,"lavoratore, persona, mammifero,  vertebrato, essere vivente, entità","chirurgo, chirurgo plastico",medico,,1287_1D_5,"['lavoratore' 'persona' 'mammifero' ' vertebrato' 'essere vivente'
 'entità' 'medico' 'chirurgo' 'chirurgo plastico']","['lavoratore' 'persona' 'mammifero' ' vertebrato' 'essere vivente'
 'entità' 'medico' 'chirurgo' 'chirurgo plastico']",['B-' 'B-' 'B-' 'B-' 'B-' 'B-' 'B-' 'B-' 'B-'],
1192,3C_12,persona,,badante,,1192_3C_12,['persona' 'badante'],['persona' 'badante'],['B-' 'B-'],
2898,5D_23,misura,settimana,tempo,,2898_5D_23,['misura' 'tempo' 'settimana'],['misura' 'tempo' 'settimana'],['B-' 'B-' 'B-'],
651,2E_3,"emozione, cosa astratta",fobia,paura,,651_2E_3,['emozione' 'cosa astratta' 'paura' 'fobia'],['emozione' 'cosa astratta' 'paura' 'fobia'],['B-' 'B-' 'B-' 'B-'],
2489,5B_3,"emozione, cosa astratta, fantastica",ira,rabbia,fantastica,2489_5B_3,['emozione' 'cosa astratta' 'fantastica' 'rabbia' 'ira'],['emozione' 'cosa astratta' 'rabbia' 'ira'],['B-' 'B-' 'O' 'B-' 'B-'],
1933,5D_5,"persona, essere vivente",dottore,medico,dottore,1933_5D_5,['persona' 'essere vivente' 'medico' 'dottore'],['persona' 'essere vivente' 'medico'],['B-' 'B-' 'B-' 'O'],
2695,5D_14,cosa che succede,immaginario,sogno,"cosa che succede, immaginario",2695_5D_14,['cosa che succede' 'sogno' 'immaginario'],['sogno'],['O' 'B-' 'O'],
2217,2F_25,"dolce, cibo, entità","cheesecake, cocco",torta,,2217_2F_25,['dolce' 'cibo' 'entità' 'torta' 'cheesecake' 'cocco'],['dolce' 'cibo' 'entità' 'torta' 'cheesecake' 'cocco'],['B-' 'B-' 'B-' 'B-' 'B-' 'B-'],
2174,2F_23,"sentimento, emozione, cosa astratta",del buio,paura,emozione,2174_2F_23,['sentimento' 'emozione' 'cosa astratta' 'paura' 'paura del buio'],['sentimento' 'cosa astratta' 'paura' 'paura del buio'],['B-' 'O' 'B-' 'B-' 'B-'],del buio|||paura del buio___
1675,3C_10,parola,di voto,libertà,parola,1675_3C_10,['parola' 'libertà' 'libertà di voto'],['libertà' 'libertà di voto'],['O' 'B-' 'B-'],di voto|||libertà di voto___
270,2F_14,"persona, mammifero, essere vivente",taxista,autista,,270_2F_14,['persona' 'mammifero' 'essere vivente' 'autista' 'taxista'],['persona' 'mammifero' 'essere vivente' 'autista' 'taxista'],['B-' 'B-' 'B-' 'B-' 'B-'],
1233,2E_9,"stare, modo di essere, sentimento",felicità,gioia,"stare, modo di essere, felicità",1233_2E_9,['stare' 'modo di essere' 'sentimento' 'gioia' 'felicità'],['sentimento' 'gioia'],['O' 'O' 'B-' 'B-' 'O'],
2561,1G_5,pensiero,"bello, brutto",sogno,brutto,2561_1G_5,['pensiero' 'sogno' 'bello' 'brutto'],['pensiero' 'sogno' 'bello'],['B-' 'B-' 'B-' 'O'],
2589,2E_7,"ricordo, incubo, fantastico",diventare,sogno,"ricordo, incubo, fantastico, diventare",2589_2E_7,['ricordo' 'incubo' 'fantastico' 'sogno' 'diventare'],['sogno'],['O' 'O' 'O' 'B-' 'O'],
2277,3C_15,parte del corpo,mente fantastica,mente,parte del corpo,2277_3C_15,['parte del corpo' 'mente' 'mente fantastica'],['mente' 'mente fantastica'],['O' 'B-' 'B-'],
1236,1D_2,"lavoro, mestiere, entità medicina","ortopedico, psichiatra",medico,"mestiere, entità medicina, psichiatra",1236_1D_2,['lavoro' 'mestiere' 'entità medicina' 'medico' 'ortopedico' 'psichiatra'],['lavoro' 'medico' 'ortopedico'],['B-' 'O' 'O' 'B-' 'B-' 'O'],
2170,1G_23,sentimento,horror,paura,horror,2170_1G_23,['sentimento' 'paura' 'horror'],['sentimento' 'paura'],['B-' 'B-' 'O'],
2337,1D_2,"modo di essere, sentimento",io,rabbia,"modo di essere, io",2337_1D_2,['modo di essere' 'sentimento' 'rabbia' 'io'],['sentimento' 'rabbia'],['O' 'B-' 'B-' 'O'],
74,2F_11,"gesto, movimento",abbraccio,affetto,"gesto, movimento, abbraccio",74_2F_11,['gesto' 'movimento' 'affetto' 'abbraccio'],['affetto'],['O' 'O' 'B-' 'O'],
1411,2E_18,"professione, universitaria","materia, matematica, aritmetica",insegnante,universitaria,1411_2E_18,"['professione' 'universitaria' 'insegnante' 'materia' 'matematica'
 'aritmetica']",['professione' 'insegnante' 'materia' 'matematica' 'aritmetica'],['B-' 'O' 'B-' 'B-' 'B-' 'B-'],
2618,3B_1,ragionamento,"bello, emozionante, sensazionale",sogno,"emozionante, sensazionale",2618_3B_1,['ragionamento' 'sogno' 'bello' 'emozionante' 'sensazionale'],['ragionamento' 'sogno' 'bello'],['B-' 'B-' 'B-' 'O' 'O'],
1299,3C_21,sentimento,,gioia,,1299_3C_21,['sentimento' 'gioia'],['sentimento' 'gioia'],['B-' 'B-'],
325,5B_3,"gioco, oggetto, essere non vivente, insieme di molecole, insieme di atomi","barbie, barbie chef",giocattolo,"insieme di molecole, insieme di atomi",325_5B_3,"['gioco' 'oggetto' 'essere non vivente' 'insieme di molecole'
 'insieme di atomi' 'giocattolo' 'barbie' 'barbie chef']","['gioco' 'oggetto' 'essere non vivente' 'giocattolo' 'barbie'
 'barbie chef']",['B-' 'B-' 'B-' 'O' 'O' 'B-' 'B-' 'B-'],
2067,3C_14,cervello,,mente,cervello,2067_3C_14,['cervello' 'mente'],['mente'],['O' 'B-'],
2451,3C_10,"emozione, sentimento","cattiveria, sofferenza",rabbia,"sentimento, cattiveria, sofferenza",2451_3C_10,['emozione' 'sentimento' 'rabbia' 'cattiveria' 'sofferenza'],['emozione' 'rabbia'],['B-' 'O' 'B-' 'O' 'O'],
104,3B_15,sensazione,,affetto,,104_3B_15,['sensazione' 'affetto'],['sensazione' 'affetto'],['B-' 'B-'],
590,1D_19,,,badante,,590_1D_19,[' badante'],[' badante'],['B-'],
1003,1G_20,"oggetto, essere non vivente",,giocattolo,,1003_1G_20,['oggetto' 'essere non vivente' 'giocattolo'],['oggetto' 'essere non vivente' 'giocattolo'],['B-' 'B-' 'B-'],
2425,3C_24,"emozione, sentimento",di fallire,paura,sentimento,2425_3C_24,['emozione' 'sentimento' 'paura' 'paura di fallire'],['emozione' 'paura' 'paura di fallire'],['B-' 'O' 'B-' 'B-'],di fallire|||paura di fallire___
204,1D_19,lavoro,,autista,,204_1D_19,['lavoro' 'autista'],['lavoro' 'autista'],['B-' 'B-'],
1485,3C_14,"lavoro, modo per fare soldi, vivere",di lettere,insegnante,"modo per fare soldi, vivere",1485_3C_14,"['lavoro' 'modo per fare soldi' 'vivere' 'insegnante'
 'insegnante di lettere']",['lavoro' 'insegnante' 'insegnante di lettere'],['B-' 'O' 'O' 'B-' 'B-'],di lettere|||insegnante di lettere___
647,2E_5,persona,babysitter,badante,babysitter,647_2E_5,['persona' 'badante' 'babysitter'],['persona' 'badante'],['B-' 'B-' 'O'],
1088,3C_6,"animale, mammifero, essere vivente","cavallo bianco, pony",cavallo,mammifero,1088_3C_6,['animale' 'mammifero' 'essere vivente' 'cavallo' 'cavallo bianco' 'pony'],['animale' 'essere vivente' 'cavallo' 'cavallo bianco' 'pony'],['B-' 'O' 'B-' 'B-' 'B-' 'B-'],
1597,2E_10,,essere libero di dire ciò che provi,libertà,,1597_2E_10,[' libertà' 'essere libero di dire ciò che provi'],[' libertà' 'essere libero di dire ciò che provi'],['B-' 'B-'],
428,5B_9,,,mente,,428_5B_9,[' mente'],[' mente'],['B-'],
1796,2E_15,"lavoro, persona, soldi",organi,medico,"persona, soldi, organi",1796_2E_15,['lavoro' 'persona' 'soldi' 'medico' 'organi'],['lavoro' 'medico'],['B-' 'O' 'O' 'B-' 'O'],
496,5B_14,"animale, essere vivente",pezzato ,cavallo,,496_5B_14,['animale' 'essere vivente' 'cavallo' 'pezzato'],['animale' 'essere vivente' 'cavallo' 'pezzato'],['B-' 'B-' 'B-' 'B-'],
3077,5D_1,cibo,tenerina,torta,,3077_5D_1,['cibo' 'torta' 'tenerina'],['cibo' 'torta' 'tenerina'],['B-' 'B-' 'B-'],
1160,3C_10,concetto astratto,tempo perso,tempo,,1160_3C_10,['concetto astratto' 'tempo' 'tempo perso'],['concetto astratto' 'tempo' 'tempo perso'],['B-' 'B-' 'B-'],
2789,2F_12,"orario, timer","orologio, orologio digitale, orologio a pendolo",tempo,"orario, timer, orologio, orologio digitale, orologio a pendolo",2789_2F_12,"['orario' 'timer' 'tempo' 'orologio' 'orologio digitale'
 'orologio a pendolo']",['tempo'],['O' 'O' 'B-' 'O' 'O' 'O'],
22,1D_9,"avere un cuore, felice, amore","in un/a bimba/o, una/o nonna/o",affetto,"avere un cuore, felice, amore, una/o nonna/o",22_1D_9,"['avere un cuore' 'felice' 'amore' 'affetto' 'affetto in un/a bimba/o'
 'una/o nonna/o']",['affetto' 'affetto in un/a bimba/o'],['O' 'O' 'O' 'B-' 'B-' 'O'],in un/a bimba/o|||affetto in un/a bimba/o___
2298,3C_16,,incubo,sogno,,2298_3C_16,[' sogno' 'incubo'],[' sogno' 'incubo'],['B-' 'B-'],
46,2E_1,abbraccio,,affetto,abbraccio,46_2E_1,['abbraccio' 'affetto'],['affetto'],['O' 'B-'],
2609,2F_25,"bello, sonno, dormire, brutto, pensiero","incubo, favola",sogno,"bello, sonno, dormire, brutto, favola",2609_2F_25,['bello' 'sonno' 'dormire' 'brutto' 'pensiero' 'sogno' 'incubo' 'favola'],['pensiero' 'sogno' 'incubo'],['O' 'O' 'O' 'O' 'B-' 'B-' 'B-' 'O'],
1203,3C_13,"sentimento, concetto astratto",di vivere,gioia,,1203_3C_13,['sentimento' 'concetto astratto' 'gioia' 'gioia di vivere'],['sentimento' 'concetto astratto' 'gioia' 'gioia di vivere'],['B-' 'B-' 'B-' 'B-'],di vivere|||gioia di vivere___
2277,3C_6,"emozione, sentimento","terrore, ansia, fallimento",paura,"sentimento, ansia, fallimento",2277_3C_6,['emozione' 'sentimento' 'paura' 'terrore' 'ansia' 'fallimento'],['emozione' 'paura' 'terrore'],['B-' 'O' 'B-' 'B-' 'O' 'O'],
34,1G_4,"oggetto, ammasso di cellule","bambola, bambola assassina",giocattolo,"ammasso di cellule, bambola assassina",34_1G_4,['oggetto' 'ammasso di cellule' 'giocattolo' 'bambola' 'bambola assassina'],['oggetto' 'giocattolo' 'bambola'],['B-' 'O' 'B-' 'B-' 'O'],
1631,5D_6,entità,di culto,libertà,,1631_5D_6,['entità' 'libertà' 'libertà di culto'],['entità' 'libertà' 'libertà di culto'],['B-' 'B-' 'B-'],di culto|||libertà di culto___
2027,2F_12,vettura,"lamborghini unicorn, lamborghini unicorn rossa",automobile,"vettura, lamborghini unicorn, lamborghini unicorn rossa",2027_2F_12,['vettura' 'automobile' 'lamborghini unicorn' 'lamborghini unicorn rossa'],['automobile'],['O' 'B-' 'O' 'O'],
194,1D_1,"mestiere, lavoro","auto, signore",autista,signore,194_1D_1,['mestiere' 'lavoro' 'autista' 'auto' 'signore'],['mestiere' 'lavoro' 'autista' 'auto'],['B-' 'B-' 'B-' 'B-' 'O'],
2965,2E_20,"cibo, buono, dolce",cib,torta,"buono, dolce, cib",2965_2E_20,['cibo' 'buono' 'dolce' 'torta' 'cib'],['cibo' 'torta'],['B-' 'O' 'O' 'B-' 'O'],
1901,2F_3,"dottore, laurea, professione, lavoro, persona, essere vivente","professore, professore di matematica, professore di aritmetica",insegnante,"dottore, laurea, persona, essere vivente",1901_2F_3,"['dottore' 'laurea' 'professione' 'lavoro' 'persona' 'essere vivente'
 'insegnante' 'professore' 'professore di matematica'
 'professore di aritmetica']","['professione' 'lavoro' 'insegnante' 'professore'
 'professore di matematica' 'professore di aritmetica']",['O' 'O' 'B-' 'B-' 'O' 'O' 'B-' 'B-' 'B-' 'B-'],
2103,2F_18,"macchina, oggetto","ferrari, lamborghini",automobile,"macchina, lamborghini",2103_2F_18,['macchina' 'oggetto' 'automobile' 'ferrari' 'lamborghini'],['oggetto' 'automobile' 'ferrari'],['O' 'B-' 'B-' 'B-' 'O'],
2458,3C_17,"emozione, stato d'animo","furioso, fuoco",rabbia,"stato d'animo, fuoco",2458_3C_17,"['emozione' ""stato d'animo"" 'rabbia' 'furioso' 'fuoco']",['emozione' 'rabbia' 'furioso'],['B-' 'O' 'B-' 'B-' 'O'],
1069,3B_12,,azienda,giocattolo,azienda,1069_3B_12,[' giocattolo' 'azienda'],[' giocattolo'],['B-' 'O'],
1159,3C_10,"sentimento, emozione",gioia per aver preso un bel voto,gioia,"emozione, gioia per aver preso un bel voto",1159_3C_10,['sentimento' 'emozione' 'gioia' 'gioia per aver preso un bel voto'],['sentimento' 'gioia'],['B-' 'O' 'B-' 'O'],
914,2E_20,pensiero,male alla mente,mente,"pensiero, male alla mente",914_2E_20,['pensiero' 'mente' 'male alla mente'],['mente'],['O' 'B-' 'O'],
962,2E_23,cosa astratta,"viaggiare, amare, vivere",sogno,"viaggiare, amare, vivere",962_2E_23,['cosa astratta' 'sogno' 'viaggiare' 'amare' 'vivere'],['cosa astratta' 'sogno'],['B-' 'B-' 'O' 'O' 'O'],
2672,5B_12,"pensiero, idea",sogno divertente,sogno,idea,2672_5B_12,['pensiero' 'idea' 'sogno' 'sogno divertente'],['pensiero' 'sogno' 'sogno divertente'],['B-' 'O' 'B-' 'B-'],
1924,2F_5,lavoro,chirurgo,medico,,1924_2F_5,['lavoro' 'medico' 'chirurgo'],['lavoro' 'medico' 'chirurgo'],['B-' 'B-' 'B-'],
2202,2E_8,"verifica, compiti, essere investiti, morire",scuola,paura,"verifica, compiti, essere investiti, morire, scuola",2202_2E_8,['verifica' 'compiti' 'essere investiti' 'morire' 'paura' 'scuola'],['paura'],['O' 'O' 'O' 'O' 'B-' 'O'],
1756,1D_20,"persona, importante",cura,medico,"importante, cura",1756_1D_20,['persona' 'importante' 'medico' 'cura'],['persona' 'medico'],['B-' 'O' 'B-' 'O'],
417,1G_16,"mezzo di trasporto, oggetto, cosa",mercedes,automobile,,417_1G_16,['mezzo di trasporto' 'oggetto' 'cosa' 'automobile' 'mercedes'],['mezzo di trasporto' 'oggetto' 'cosa' 'automobile' 'mercedes'],['B-' 'B-' 'B-' 'B-' 'B-'],
1721,5D_13,"dolce, cibo, nutrimento","cioccolata, fondente",torta,,1721_5D_13,['dolce' 'cibo' 'nutrimento' 'torta' 'cioccolata' 'fondente'],['dolce' 'cibo' 'nutrimento' 'torta' 'cioccolata' 'fondente'],['B-' 'B-' 'B-' 'B-' 'B-' 'B-'],
2831,3B_3,misura,,tempo,,2831_3B_3,['misura' 'tempo'],['misura' 'tempo'],['B-' 'B-'],
2105,5B_7,,"incubo, paura, timore",mente,"incubo, paura, timore",2105_5B_7,[' mente' 'incubo' 'paura' 'timore'],[' mente'],['B-' 'O' 'O' 'O'],
1903,5B_19,"persona, aiuta, persone, malate",zia,medico,"aiuta, persone, malate",1903_5B_19,['persona' 'aiuta' 'persone' 'malate' 'medico' 'zia'],['persona' 'medico' 'zia'],['B-' 'O' 'O' 'O' 'B-' 'B-'],
646,2E_4,"lavoratrice, persona, essere vivente",bambini,badante,bambini,646_2E_4,['lavoratrice' 'persona' 'essere vivente' 'badante' 'bambini'],['lavoratrice' 'persona' 'essere vivente' 'badante'],['B-' 'B-' 'B-' 'B-' 'O'],
1842,3B_1,"persona, essere vivente, animale, pluricellulare",psicologo,medico,"animale, pluricellulare",1842_3B_1,"['persona' 'essere vivente' 'animale' 'pluricellulare' 'medico'
 'psicologo']",['persona' 'essere vivente' 'medico' 'psicologo'],['B-' 'B-' 'O' 'O' 'B-' 'B-'],
913,2E_20,emozione,felicità,gioia,felicità,913_2E_20,['emozione' 'gioia' 'felicità'],['emozione' 'gioia'],['B-' 'B-' 'O'],
2208,2F_13,"sentimento, stato d'animo",paura del buio,paura,stato d'animo,2208_2F_13,"['sentimento' ""stato d'animo"" 'paura' 'paura del buio']",['sentimento' 'paura' 'paura del buio'],['B-' 'O' 'B-' 'B-'],
810,2E_13,emozione,,paura,,810_2E_13,['emozione' 'paura'],['emozione' 'paura'],['B-' 'B-'],
2199,2F_24,"emozione, sentimento",,rabbia,sentimento,2199_2F_24,['emozione' 'sentimento' 'rabbia'],['emozione' 'rabbia'],['B-' 'O' 'B-'],
1250,2F_24,emozione,felicità,gioia,felicità,1250_2F_24,['emozione' 'gioia' 'felicità'],['emozione' 'gioia'],['B-' 'B-' 'O'],
12,1G_2,"animale, essere umano, essere vivente",pony,cavallo,essere umano,12_1G_2,['animale' 'essere umano' 'essere vivente' 'cavallo' 'pony'],['animale' 'essere vivente' 'cavallo' 'pony'],['B-' 'O' 'B-' 'B-' 'B-'],
1492,1D_18,cosa astratta,,libertà,,1492_1D_18,['cosa astratta' 'libertà'],['cosa astratta' 'libertà'],['B-' 'B-'],
1957,1D_6,"cervello, organi, corpo, persona","emozione/sentimento, felicità",mente,"cervello, organi, corpo, persona, emozione/sentimento, felicità",1957_1D_6,"['cervello' 'organi' 'corpo' 'persona' 'mente' 'emozione/sentimento'
 'felicità']",['mente'],['O' 'O' 'O' 'O' 'B-' 'O' 'O'],
154,1G_12,"oggetto, materiale",barbie,giocattolo,materiale,154_1G_12,['oggetto' 'materiale' 'giocattolo' 'barbie'],['oggetto' 'giocattolo' 'barbie'],['B-' 'O' 'B-' 'B-'],
386,5D_9,"persona, mammifero",,autista,,386_5D_9,['persona' 'mammifero' 'autista'],['persona' 'mammifero' 'autista'],['B-' 'B-' 'B-'],
1866,5D_24,organo,,mente,organo,1866_5D_24,['organo' 'mente'],['mente'],['O' 'B-'],
2755,1G_5,,"anno, minuto, giorno",tempo,"minuto, giorno",2755_1G_5,[' tempo' 'anno' 'minuto' 'giorno'],[' tempo' 'anno'],['B-' 'B-' 'O' 'O'],
1110,3C_7,azione dolce,"abbraccio, bacio",affetto,"azione dolce, abbraccio, bacio",1110_3C_7,['azione dolce' 'affetto' 'abbraccio' 'bacio'],['affetto'],['O' 'B-' 'O' 'O'],
2294,3C_16,"emozione, sentimento",terrore,paura,sentimento,2294_3C_16,['emozione' 'sentimento' 'paura' 'terrore'],['emozione' 'paura' 'terrore'],['B-' 'O' 'B-' 'B-'],
1522,1D_20,"persona, essere umano","pediatra, elia errani",medico,,1522_1D_20,['persona' 'essere umano' 'medico' 'pediatra' 'elia errani'],['persona' 'essere umano' 'medico' 'pediatra' 'elia errani'],['B-' 'B-' 'B-' 'B-' 'B-'],
1998,2E_22,,,mente,,1998_2E_22,[' mente'],[' mente'],['B-'],
2763,2E_12,"cosa astratta, scorre, misuratore","anno, mese",tempo,"scorre, misuratore, mese",2763_2E_12,['cosa astratta' 'scorre' 'misuratore' 'tempo' 'anno' 'mese'],['cosa astratta' 'tempo' 'anno'],['B-' 'O' 'O' 'B-' 'B-' 'O'],
188,5D_4,emozione,"amore, felicità",affetto,felicità,188_5D_4,['emozione' 'affetto' 'amore' 'felicità'],['emozione' 'affetto' 'amore'],['B-' 'B-' 'B-' 'O'],
2967,2E_22,"dolce, cibo, oggetto","ciambella, muffin, crostata",torta,"muffin, crostata",2967_2E_22,['dolce' 'cibo' 'oggetto' 'torta' 'ciambella' 'muffin' 'crostata'],['dolce' 'cibo' 'oggetto' 'torta' 'ciambella'],['B-' 'B-' 'B-' 'B-' 'B-' 'O' 'O'],
2535,1D_23,"desiderio, emozione",sogno di una vita,sogno,"desiderio, emozione, sogno di una vita",2535_1D_23,['desiderio' 'emozione' 'sogno' 'sogno di una vita'],['sogno'],['O' 'O' 'B-' 'O'],
3045,3C_22,"dolce, cibo, alimento, importante per vivere",alle fragole,torta,importante per vivere,3045_3C_22,"['dolce' 'cibo' 'alimento' 'importante per vivere' 'torta'
 'torta alle fragole']",['dolce' 'cibo' 'alimento' 'torta' 'torta alle fragole'],['B-' 'B-' 'B-' 'O' 'B-' 'B-'],alle fragole|||torta alle fragole___
1820,5D_21,"dolce, cibo, alimento, entità","al cioccolato, al cioccolato italiano, al cioccolato italiano del sud",torta,,1820_5D_21,"['dolce' 'cibo' 'alimento' 'entità' 'torta' 'al cioccolato'
 'al cioccolato italiano' 'al cioccolato italiano del sud']","['dolce' 'cibo' 'alimento' 'entità' 'torta' 'al cioccolato'
 'al cioccolato italiano' 'al cioccolato italiano del sud']",['B-' 'B-' 'B-' 'B-' 'B-' 'B-' 'B-' 'B-'],
1754,1D_19,"lavoro, curatore",,medico,curatore,1754_1D_19,['lavoro' 'curatore' 'medico'],['lavoro' 'medico'],['B-' 'O' 'B-'],
1585,1G_20,"statua, america, titanic, film, Oppenheimer, bomba atomica, distruzione",,libertà,"statua, america, titanic, film, Oppenheimer, bomba atomica, distruzione",1585_1G_20,"['statua' 'america' 'titanic' 'film' 'Oppenheimer' 'bomba atomica'
 'distruzione' 'libertà']",['libertà'],['O' 'O' 'O' 'O' 'O' 'O' 'O' 'B-'],
1354,1D_9,"emozione, sentimento",di cadere,paura,sentimento,1354_1D_9,['emozione' 'sentimento' 'paura' 'paura di cadere'],['emozione' 'paura' 'paura di cadere'],['B-' 'O' 'B-' 'B-'],di cadere|||paura di cadere___
1879,3C_2,"lavoratore, persona, umano, essere, essere vivente, essere che vive grazie a qualcosa","chirurgo, chirurgo plastico, chirurgo plastico facciale",medico,"essere, essere che vive grazie a qualcosa",1879_3C_2,"['lavoratore' 'persona' 'umano' 'essere' 'essere vivente'
 'essere che vive grazie a qualcosa' 'medico' 'chirurgo'
 'chirurgo plastico' 'chirurgo plastico facciale']","['lavoratore' 'persona' 'umano' 'essere vivente' 'medico' 'chirurgo'
 'chirurgo plastico' 'chirurgo plastico facciale']",['B-' 'B-' 'B-' 'O' 'B-' 'O' 'B-' 'B-' 'B-' 'B-'],
1201,1G_3,"emozione, sentimento","felicità, sorriso, solare",gioia,"sentimento, felicità, sorriso, solare",1201_1G_3,['emozione' 'sentimento' 'gioia' 'felicità' 'sorriso' 'solare'],['emozione' 'gioia'],['B-' 'O' 'B-' 'O' 'O' 'O'],
2864,5B_11,momento,,tempo,momento,2864_5B_11,['momento' 'tempo'],['tempo'],['O' 'B-'],
1380,1G_10,"scuola, studio, università, bologna, torre degli asinelli, altezza, metri","materia, italiano, tontini",insegnante,"scuola, studio, università, bologna, torre degli asinelli, altezza, metri",1380_1G_10,"['scuola' 'studio' 'università' 'bologna' 'torre degli asinelli' 'altezza'
 'metri' 'insegnante' 'materia' 'italiano' 'tontini']",['insegnante' 'materia' 'italiano' 'tontini'],['O' 'O' 'O' 'O' 'O' 'O' 'O' 'B-' 'B-' 'B-' 'B-'],
551,5B_17,sentimento,buio,paura,,551_5B_17,['sentimento' 'paura' 'buio'],['sentimento' 'paura' 'buio'],['B-' 'B-' 'B-'],
85,2F_21,"abbraccio, gesto",,affetto,"abbraccio, gesto",85_2F_21,['abbraccio' 'gesto' 'affetto'],['affetto'],['O' 'O' 'B-'],
159,5B_19,"sentimento, bello, triste",amore,affetto,"bello, triste",159_5B_19,['sentimento' 'bello' 'triste' 'affetto' 'amore'],['sentimento' 'affetto' 'amore'],['B-' 'O' 'O' 'B-' 'B-'],
889,3B_25,"mammifero, animale, essere vivente",,cavallo,,889_3B_25,['mammifero' 'animale' 'essere vivente' 'cavallo'],['mammifero' 'animale' 'essere vivente' 'cavallo'],['B-' 'B-' 'B-' 'B-'],
22,1G_3,"distruzione, rovina, morte","irrefrenabile, irrefrenabilmente pericolosa",rabbia,"distruzione, rovina, morte",22_1G_3,"['distruzione' 'rovina' 'morte' 'rabbia' 'irrefrenabile'
 'irrefrenabilmente pericolosa']",['rabbia' 'irrefrenabile' 'irrefrenabilmente pericolosa'],['O' 'O' 'O' 'B-' 'B-' 'B-'],
2422,2F_8,emozione,"uccisione, ferita",rabbia,"uccisione, ferita",2422_2F_8,['emozione' 'rabbia' 'uccisione' 'ferita'],['emozione' 'rabbia'],['B-' 'B-' 'O' 'O'],
2454,3C_13,sentimento,"infedeltà, miscuglio di sentimenti",rabbia,"infedeltà, miscuglio di sentimenti",2454_3C_13,['sentimento' 'rabbia' 'infedeltà' 'miscuglio di sentimenti'],['sentimento' 'rabbia'],['B-' 'B-' 'O' 'O'],
990,1D_9,"gioco, giochi piccoli, giochi grandi","macchinina, lego, di società",giocattolo,"giochi piccoli, giochi grandi, lego, di società",990_1D_9,"['gioco' 'giochi piccoli' 'giochi grandi' 'giocattolo' 'macchinina' 'lego'
 'lego di società']",['gioco' 'giocattolo' 'macchinina'],['B-' 'O' 'O' 'B-' 'B-' 'O' 'O'],di società|||lego di società___
1735,5D_23,,,libertà,,1735_5D_23,[' libertà'],[' libertà'],['B-'],
1898,5B_14,,,medico,,1898_5B_14,[' medico'],[' medico'],['B-'],
802,1G_14,"mammifero, animale, essere vivente",pony,cavallo,,802_1G_14,['mammifero' 'animale' 'essere vivente' 'cavallo' 'pony'],['mammifero' 'animale' 'essere vivente' 'cavallo' 'pony'],['B-' 'B-' 'B-' 'B-' 'B-'],
621,1G_5,"persona, essere vivente",adulto,badante,adulto,621_1G_5,['persona' 'essere vivente' 'badante' 'adulto'],['persona' 'essere vivente' 'badante'],['B-' 'B-' 'B-' 'O'],
902,3C_13,"mammifero, animale",,cavallo,,902_3C_13,['mammifero' 'animale' 'cavallo'],['mammifero' 'animale' 'cavallo'],['B-' 'B-' 'B-'],
2138,1D_15,"insicurezza, tristezza, emozione, agitazione, sensibilità, sensazione",,paura,"insicurezza, tristezza, agitazione, sensibilità",2138_1D_15,"['insicurezza' 'tristezza' 'emozione' 'agitazione' 'sensibilità'
 'sensazione' 'paura']",['emozione' 'sensazione' 'paura'],['O' 'O' 'B-' 'O' 'O' 'B-' 'B-'],
795,1D_8,"mammifero, animale, essere vivente","da corsa, marrone, nero",cavallo,nero,795_1D_8,"['mammifero' 'animale' 'essere vivente' 'cavallo' 'cavallo da corsa'
 'marrone' 'nero']","['mammifero' 'animale' 'essere vivente' 'cavallo' 'cavallo da corsa'
 'marrone']",['B-' 'B-' 'B-' 'B-' 'B-' 'B-' 'O'],da corsa|||cavallo da corsa___
2439,3C_25,"divertimento, uscire",emozione positiva,gioia,"divertimento, uscire, emozione positiva",2439_3C_25,['divertimento' 'uscire' 'gioia' 'emozione positiva'],['gioia'],['O' 'O' 'B-' 'O'],
2284,3C_15,"dolce, alimento, cibo, sostanza, materia","tenerina, tenerina al fondente",torta,,2284_3C_15,"['dolce' 'alimento' 'cibo' 'sostanza' 'materia' 'torta' 'tenerina'
 'tenerina al fondente']","['dolce' 'alimento' 'cibo' 'sostanza' 'materia' 'torta' 'tenerina'
 'tenerina al fondente']",['B-' 'B-' 'B-' 'B-' 'B-' 'B-' 'B-' 'B-'],
1601,5D_3,,"affetto amore, affetto il prosciutto",affetto,affetto il prosciutto,1601_5D_3,[' affetto' 'affetto amore' 'affetto il prosciutto'],[' affetto' 'affetto amore'],['B-' 'B-' 'O'],
1054,3C_3,"diritto, obbligo, concetto astratto",libertà di stampa,libertà,obbligo,1054_3C_3,['diritto' 'obbligo' 'concetto astratto' 'libertà' 'libertà di stampa'],['diritto' 'concetto astratto' 'libertà' 'libertà di stampa'],['B-' 'O' 'B-' 'B-' 'B-'],
1557,1D_16,,"spensieratezza, di culto",libertà,spensieratezza,1557_1D_16,[' libertà' 'spensieratezza' 'spensieratezza di culto'],[' libertà' 'spensieratezza di culto'],['B-' 'O' 'B-'],di culto|||spensieratezza di culto___
1151,3C_10,,sogno premonitore,sogno,,1151_3C_10,[' sogno' 'sogno premonitore'],[' sogno' 'sogno premonitore'],['B-' 'B-'],
3010,3B_14,"dolce, alimento, cibo, risorsa, oggetto","cioccolato, pistacchio",torta,"oggetto, pistacchio",3010_3B_14,"['dolce' 'alimento' 'cibo' 'risorsa' 'oggetto' 'torta' 'cioccolato'
 'pistacchio']",['dolce' 'alimento' 'cibo' 'risorsa' 'torta' 'cioccolato'],['B-' 'B-' 'B-' 'B-' 'O' 'B-' 'B-' 'O'],
1267,1D_4,"vettura, plastica, non vivente","lancia delta del 1992, fiat 500, porsche 911",automobile,"vettura, plastica, fiat 500, porsche 911",1267_1D_4,"['vettura' 'plastica' 'non vivente' 'automobile' 'lancia delta del 1992'
 'fiat 500' 'porsche 911']",['non vivente' 'automobile' 'lancia delta del 1992'],['O' 'O' 'B-' 'B-' 'B-' 'O' 'O'],
861,2E_16,"erbivoro, eucariote, animale, mammifero, entità","nero, mustang",cavallo,"eucariote, mammifero",861_2E_16,"['erbivoro' 'eucariote' 'animale' 'mammifero' 'entità' 'cavallo' 'nero'
 'mustang']",['erbivoro' 'animale' 'entità' 'cavallo' 'nero' 'mustang'],['B-' 'O' 'B-' 'O' 'B-' 'B-' 'B-' 'B-'],
2081,3C_4,"pensiero, sogno, desiderio","pensare, cervello",mente,"pensiero, sogno, desiderio, pensare, cervello",2081_3C_4,['pensiero' 'sogno' 'desiderio' 'mente' 'pensare' 'cervello'],['mente'],['O' 'O' 'O' 'B-' 'O' 'O'],
2288,3C_16,,di pensiero,libertà,,2288_3C_16,[' libertà' ' libertà di pensiero'],[' libertà' ' libertà di pensiero'],['B-' 'B-'],di pensiero||| libertà di pensiero___
183,5D_21,sentimento,"amore, Laura",affetto,,183_5D_21,['sentimento' 'affetto' 'amore' 'Laura'],['sentimento' 'affetto' 'amore' 'Laura'],['B-' 'B-' 'B-' 'B-'],
2701,5D_2,"cervello, mente, affetto, ansia","brutto sogno, bel sogno",sogno,"cervello, affetto, ansia, bel sogno",2701_5D_2,['cervello' 'mente' 'affetto' 'ansia' 'sogno' 'brutto sogno' 'bel sogno'],['mente' 'sogno' 'brutto sogno'],['O' 'B-' 'O' 'O' 'B-' 'B-' 'O'],
2513,5D_3,"sentimento, aspetto umano",aspetto violaceo,rabbia,"aspetto umano, aspetto violaceo",2513_5D_3,['sentimento' 'aspetto umano' 'rabbia' 'aspetto violaceo'],['sentimento' 'rabbia'],['B-' 'O' 'B-' 'O'],
479,2F_4,mezzo di trasporto,ferrari,automobile,,479_2F_4,['mezzo di trasporto' 'automobile' 'ferrari'],['mezzo di trasporto' 'automobile' 'ferrari'],['B-' 'B-' 'B-'],
1449,2F_5,,,insegnante,,1449_2F_5,[' insegnante'],[' insegnante'],['B-'],
365,5B_5,"intrattenimento, oggetto, entità","nintendo switch, oleo",giocattolo,intrattenimento,365_5B_5,"['intrattenimento' 'oggetto' 'entità' 'giocattolo' 'nintendo switch'
 'oleo']",['oggetto' 'entità' 'giocattolo' 'nintendo switch' 'oleo'],['O' 'B-' 'B-' 'B-' 'B-' 'B-'],
715,3C_2,"lavoratrice, persona, umano, essere vivente, insieme di apparati, insieme di tessuti e organi composti da cellule","lavoratori con anziani, lavoratori con anziani con specifiche patologie",badante,"insieme di apparati, insieme di tessuti e organi composti da cellule",715_3C_2,"['lavoratrice' 'persona' 'umano' 'essere vivente' 'insieme di apparati'
 'insieme di tessuti e organi composti da cellule' 'badante'
 'lavoratori con anziani'
 'lavoratori con anziani con specifiche patologie']","['lavoratrice' 'persona' 'umano' 'essere vivente' 'badante'
 'lavoratori con anziani'
 'lavoratori con anziani con specifiche patologie']",['B-' 'B-' 'B-' 'B-' 'O' 'O' 'B-' 'B-' 'B-'],
578,5D_8,"oggetto, artificiale","quad, camion, camper",automobile,"quad, camion, camper",578_5D_8,['oggetto' 'artificiale' 'automobile' 'quad' 'camion' 'camper'],['oggetto' 'artificiale' 'automobile'],['B-' 'B-' 'B-' 'O' 'O' 'O'],
2423,3C_24,"semifreddo, cibo, sostanza commestibile",al cioccolato,torta,semifreddo,2423_3C_24,['semifreddo' 'cibo' 'sostanza commestibile' 'torta' 'al cioccolato'],['cibo' 'sostanza commestibile' 'torta' 'al cioccolato'],['O' 'B-' 'B-' 'B-' 'B-'],
124,3C_1,"amore, sentimento, emozione, stato d'animo",amicizia,affetto,"amore, emozione, stato d'animo",124_3C_1,"['amore' 'sentimento' 'emozione' ""stato d'animo"" 'affetto' 'amicizia']",['sentimento' 'affetto' 'amicizia'],['O' 'B-' 'O' 'O' 'B-' 'B-'],
1055,3C_4,"persona che lavora, persona stipendiata, persona, umano, mammifero, animale, essere vivente",preside,insegnante,,1055_3C_4,"['persona che lavora' 'persona stipendiata' 'persona' 'umano' 'mammifero'
 'animale' 'essere vivente' 'insegnante' 'preside']","['persona che lavora' 'persona stipendiata' 'persona' 'umano' 'mammifero'
 'animale' 'essere vivente' 'insegnante' 'preside']",['B-' 'B-' 'B-' 'B-' 'B-' 'B-' 'B-' 'B-' 'B-'],
375,5D_20,lavoro,bus,autista,,375_5D_20,['lavoro' 'autista' 'bus'],['lavoro' 'autista' 'bus'],['B-' 'B-' 'B-'],
2103,5B_5,oggetto,cervello,mente,"oggetto, cervello",2103_5B_5,['oggetto' 'mente' 'cervello'],['mente'],['O' 'B-' 'O'],
964,2E_23,"emozione, cosa astratta","per una cosa, contro una persona o te stesso, con un oggetto",rabbia,"contro una persona o te stesso, con un oggetto",964_2E_23,"['emozione' 'cosa astratta' 'rabbia' 'rabbia per una cosa'
 'contro una persona o te stesso'
 'contro una persona o te stesso con un oggetto']",['emozione' 'cosa astratta' 'rabbia' 'rabbia per una cosa'],['B-' 'B-' 'B-' 'B-' 'O' 'O'],per una cosa|||rabbia per una cosa___con un oggetto|||contro una persona o te stesso con un oggetto___
1579,1G_15,,sport,libertà,sport,1579_1G_15,[' libertà' 'sport'],[' libertà'],['B-' 'O'],
2047,3B_2,"cervello, atomi",,mente,"cervello, atomi",2047_3B_2,['cervello' 'atomi' 'mente'],['mente'],['O' 'O' 'B-'],
483,2F_8,mezzo di trasporto,"lamborghini, ferrari, skoda",automobile,"ferrari, skoda",483_2F_8,['mezzo di trasporto' 'automobile' 'lamborghini' 'ferrari' 'skoda'],['mezzo di trasporto' 'automobile' 'lamborghini'],['B-' 'B-' 'B-' 'O' 'O'],
632,2E_2,"grandezza, misura, cosa astratta, entità","cronometro, gara, atletica",tempo,"cronometro, gara, atletica",632_2E_2,"['grandezza' 'misura' 'cosa astratta' 'entità' 'tempo' 'cronometro' 'gara'
 'atletica']",['grandezza' 'misura' 'cosa astratta' 'entità' 'tempo'],['B-' 'B-' 'B-' 'B-' 'B-' 'O' 'O' 'O'],
1704,5D_12,"emozione, entità","del buio, dei mostri",paura,dei mostri,1704_5D_12,['emozione' 'entità' 'paura' 'paura del buio' 'dei mostri'],['emozione' 'entità' 'paura' 'paura del buio'],['B-' 'B-' 'B-' 'B-' 'O'],del buio|||paura del buio___
1234,2F_1,emozione,felicità,gioia,felicità,1234_2F_1,['emozione' 'gioia' 'felicità'],['emozione' 'gioia'],['B-' 'B-' 'O'],
577,5D_7,macchina,lamborghini,automobile,macchina,577_5D_7,['macchina' 'automobile' 'lamborghini'],['automobile' 'lamborghini'],['O' 'B-' 'B-'],
747,5B_7,"persona, mammifero, essere vivente",assistente,badante,assistente,747_5B_7,['persona' 'mammifero' 'essere vivente' 'badante' 'assistente'],['persona' 'mammifero' 'essere vivente' 'badante'],['B-' 'B-' 'B-' 'B-' 'O'],
1899,2F_3,"sentimento, emozione, condizione",terrore,paura,"emozione, condizione",1899_2F_3,['sentimento' 'emozione' 'condizione' 'paura' 'terrore'],['sentimento' 'paura' 'terrore'],['B-' 'O' 'O' 'B-' 'B-'],
598,1D_5,"persona, mammifero",signora/e,badante,signora/e,598_1D_5,['persona' 'mammifero' 'badante' 'signora/e'],['persona' 'mammifero' 'badante'],['B-' 'B-' 'B-' 'O'],
3012,3B_16,"dolce, alimento, cibo, risorsa, bisogno",torta di mele,torta,bisogno,3012_3B_16,['dolce' 'alimento' 'cibo' 'risorsa' 'bisogno' 'torta' 'torta di mele'],['dolce' 'alimento' 'cibo' 'risorsa' 'torta' 'torta di mele'],['B-' 'B-' 'B-' 'B-' 'O' 'B-' 'B-'],
1577,1G_13,tipo di sensazione,,libertà,,1577_1G_13,['tipo di sensazione' 'libertà'],['tipo di sensazione' 'libertà'],['B-' 'B-'],
1828,5D_22,"persona, di lavoro","severo, simpatico, giusto",insegnante,"di lavoro, severo, simpatico, giusto",1828_5D_22,['persona' 'persona di lavoro' 'insegnante' 'severo' 'simpatico' 'giusto'],['persona' 'insegnante'],['B-' 'O' 'B-' 'O' 'O' 'O'],di lavoro|||persona di lavoro___
1550,1D_1,"tempo, secondo, ore, giorni, anni","non fai niente, riposi, dormi",libertà,"tempo, secondo, ore, giorni, anni, non fai niente, riposi, dormi",1550_1D_1,"['tempo' 'secondo' 'ore' 'giorni' 'anni' 'libertà' 'non fai niente'
 'riposi' 'dormi']",['libertà'],['O' 'O' 'O' 'O' 'O' 'B-' 'O' 'O' 'O'],
2149,2F_21,"animale, essere vivente, entità","pony, quarter",cavallo,,2149_2F_21,['animale' 'essere vivente' 'entità' 'cavallo' 'pony' 'quarter'],['animale' 'essere vivente' 'entità' 'cavallo' 'pony' 'quarter'],['B-' 'B-' 'B-' 'B-' 'B-' 'B-'],
645,2E_3,"lavoro, di mia nonna",persona,badante,"di mia nonna, persona",645_2E_3,['lavoro' 'lavoro di mia nonna' 'badante' 'persona'],['lavoro' 'badante'],['B-' 'O' 'B-' 'O'],di mia nonna|||lavoro di mia nonna___
585,1D_14,lavoratrice,,badante,,585_1D_14,['lavoratrice' 'badante'],['lavoratrice' 'badante'],['B-' 'B-'],
651,2E_9,"lavoratore, assunto, persona, essere vivente","badante per bambini, badante italiana, badante giuseppa",badante,assunto,651_2E_9,"['lavoratore' 'assunto' 'persona' 'essere vivente' 'badante'
 'badante per bambini' 'badante italiana' 'badante giuseppa']","['lavoratore' 'persona' 'essere vivente' 'badante' 'badante per bambini'
 'badante italiana' 'badante giuseppa']",['B-' 'O' 'B-' 'B-' 'B-' 'B-' 'B-' 'B-'],
1561,1D_22,,vuota,mente,,1561_1D_22,[' mente' 'vuota'],[' mente' 'vuota'],['B-' 'B-'],
1570,1D_7,spensieratezza,libertà di culto,libertà,spensieratezza,1570_1D_7,['spensieratezza' 'libertà' 'libertà di culto'],['libertà' 'libertà di culto'],['O' 'B-' 'B-'],
387,5B_7,"vertebrato, mammifero, animale, essere vivente","pony, pony romagnolo",cavallo,,387_5B_7,"['vertebrato' 'mammifero' 'animale' 'essere vivente' 'cavallo' 'pony'
 'pony romagnolo']","['vertebrato' 'mammifero' 'animale' 'essere vivente' 'cavallo' 'pony'
 'pony romagnolo']",['B-' 'B-' 'B-' 'B-' 'B-' 'B-' 'B-'],
675,2E_5,"sentimento, emozione, entità",degli spazi chiusi ,paura,emozione,675_2E_5,['sentimento' 'emozione' 'entità' 'paura' 'paura degli spazi chiusi'],['sentimento' 'entità' 'paura' 'paura degli spazi chiusi'],['B-' 'O' 'B-' 'B-' 'B-'],degli spazi chiusi|||paura degli spazi chiusi___
140,1G_10,"sentimento, emozione","dei clown, di it",paura,emozione,140_1G_10,['sentimento' 'emozione' 'paura' 'dei clown' 'dei clown di it'],['sentimento' 'paura' 'dei clown' 'dei clown di it'],['B-' 'O' 'B-' 'B-' 'B-'],di it|||dei clown di it___
678,2E_5,"persona, mammifero, essere vivente, entità",daniele,badante,,678_2E_5,['persona' 'mammifero' 'essere vivente' 'entità' 'badante' 'daniele'],['persona' 'mammifero' 'essere vivente' 'entità' 'badante' 'daniele'],['B-' 'B-' 'B-' 'B-' 'B-' 'B-'],
399,1D_20,"auto, mezzo di trasporto",,automobile,auto,399_1D_20,['auto' 'mezzo di trasporto' 'automobile'],['mezzo di trasporto' 'automobile'],['O' 'B-' 'B-'],
2111,2F_19,"mestiere, persona, mammifero, essere vivente, entità",,badante,"persona, mammifero, essere vivente",2111_2F_19,['mestiere' 'persona' 'mammifero' 'essere vivente' 'entità' 'badante'],['mestiere' 'entità' 'badante'],['B-' 'O' 'O' 'O' 'B-' 'B-'],
888,3B_24,"animale, essere vivente",,cavallo,,888_3B_24,['animale' 'essere vivente' 'cavallo'],['animale' 'essere vivente' 'cavallo'],['B-' 'B-' 'B-'],
230,1G_20,visione,"incubo, incubo con le stelline, parlarsi nel sogno",sogno,"visione, parlarsi nel sogno",230_1G_20,['visione' 'sogno' 'incubo' 'incubo con le stelline' 'parlarsi nel sogno'],['sogno' 'incubo' 'incubo con le stelline'],['O' 'B-' 'B-' 'B-' 'O'],
1033,3C_2,"emozione, sensazione","aracnofobia, aracnofobia estrema",paura,,1033_3C_2,['emozione' 'sensazione' 'paura' 'aracnofobia' 'aracnofobia estrema'],['emozione' 'sensazione' 'paura' 'aracnofobia' 'aracnofobia estrema'],['B-' 'B-' 'B-' 'B-' 'B-'],
1828,2F_20,"curare, medicare, disinfettare","dentista, dottore, veterinario",medico,"curare, medicare, disinfettare, dottore, veterinario",1828_2F_20,"['curare' 'medicare' 'disinfettare' 'medico' 'dentista' 'dottore'
 'veterinario']",['medico' 'dentista'],['O' 'O' 'O' 'B-' 'B-' 'O' 'O'],
116,1G_9,"sentimento negativo, emozione, cosa astratta",del buio,paura,emozione,116_1G_9,['sentimento negativo' 'emozione' 'cosa astratta' 'paura' 'paura del buio'],['sentimento negativo' 'cosa astratta' 'paura' 'paura del buio'],['B-' 'O' 'B-' 'B-' 'B-'],del buio|||paura del buio___
621,2E_1,emozione,mentre dormi,sogno,"emozione, mentre dormi",621_2E_1,['emozione' 'sogno' 'mentre dormi'],['sogno'],['O' 'B-' 'O'],
1757,1D_21,"professione, coraggioso",ortopedico,medico,coraggioso,1757_1D_21,['professione' 'coraggioso' 'medico' 'ortopedico'],['professione' 'medico' 'ortopedico'],['B-' 'O' 'B-' 'B-'],
2237,3B_16,sensazione,,paura,,2237_3B_16,['sensazione' 'paura'],['sensazione' 'paura'],['B-' 'B-'],
1133,3C_8,"movimento, azione","fraterno, genitoriale",affetto,"movimento, azione, genitoriale",1133_3C_8,['movimento' 'azione' 'affetto' 'fraterno' 'genitoriale'],['affetto' 'fraterno'],['O' 'O' 'B-' 'B-' 'O'],
1612,5D_3,cosa,giocattolo passatempo,giocattolo,giocattolo passatempo,1612_5D_3,['cosa' 'giocattolo' 'giocattolo passatempo'],['cosa' 'giocattolo'],['B-' 'B-' 'O'],
2012,2F_11,"dimostrazione di amore, cosa astratta",affetto di mamma,affetto,dimostrazione di amore,2012_2F_11,['dimostrazione di amore' 'cosa astratta' 'affetto' 'affetto di mamma'],['cosa astratta' 'affetto' 'affetto di mamma'],['O' 'B-' 'B-' 'B-'],
1016,2E_11,"cosa, macchina, giocare, libertà","macchina dei pompieri, divertimento",giocattolo,"macchina, giocare, libertà, divertimento",1016_2E_11,"['cosa' 'macchina' 'giocare' 'libertà' 'giocattolo'
 'macchina dei pompieri' 'divertimento']",['cosa' 'giocattolo' 'macchina dei pompieri'],['B-' 'O' 'O' 'O' 'B-' 'B-' 'O'],
2131,2F_20,mezzo di trasporto,ferrari,automobile,,2131_2F_20,['mezzo di trasporto' 'automobile' 'ferrari'],['mezzo di trasporto' 'automobile' 'ferrari'],['B-' 'B-' 'B-'],
1943,1D_14,,,mente,,1943_1D_14,[' mente'],[' mente'],['B-'],
1523,1D_20,"mammifero, animale",purosangue,cavallo,,1523_1D_20,['mammifero' 'animale' 'cavallo' 'purosangue'],['mammifero' 'animale' 'cavallo' 'purosangue'],['B-' 'B-' 'B-' 'B-'],
351,5B_18,mestiere,"autobus, automobile, taxi",autista,"automobile, taxi",351_5B_18,['mestiere' 'autista' 'autobus' 'automobile' 'taxi'],['mestiere' 'autista' 'autobus'],['B-' 'B-' 'B-' 'O' 'O'],
1516,5B_2,,,insegnante,,1516_5B_2,[' insegnante'],[' insegnante'],['B-'],
205,1D_2,"persona che guida il bus, persona che lavora",,autista,persona che guida il bus,205_1D_2,['persona che guida il bus' 'persona che lavora' 'autista'],['persona che lavora' 'autista'],['O' 'B-' 'B-'],
1180,1D_5,"emozione, sensazione, pensiero",felicità,gioia,"pensiero, felicità",1180_1D_5,['emozione' 'sensazione' 'pensiero' 'gioia' 'felicità'],['emozione' 'sensazione' 'gioia'],['B-' 'B-' 'O' 'B-' 'O'],
2252,2F_27,,brillante,mente,,2252_2F_27,[' mente' 'brillante'],[' mente' 'brillante'],['B-' 'B-'],
1555,1D_22,"mezzo di trasporto, veicolo, prodotto umano, entità","fiat, abarth, 500",automobile,"veicolo, abarth, 500",1555_1D_22,"['mezzo di trasporto' 'veicolo' 'prodotto umano' 'entità' 'automobile'
 'fiat' 'abarth' '500']",['mezzo di trasporto' 'prodotto umano' 'entità' 'automobile' 'fiat'],['B-' 'O' 'B-' 'B-' 'B-' 'B-' 'O' 'O'],
121,1G_9,"cosa astratta, pensiero",incubo ,sogno,pensiero,121_1G_9,['cosa astratta' 'pensiero' 'sogno' 'incubo'],['cosa astratta' 'sogno' 'incubo'],['B-' 'O' 'B-' 'B-'],
372,5B_6,"animale, essere vivente, materia, purosangue, pony, a macchie","cosa, inglese, mustang",cavallo,"purosangue, pony, a macchie, cosa, mustang",372_5B_6,"['animale' 'essere vivente' 'materia' 'purosangue' 'pony' 'pony a macchie'
 'cavallo' 'cosa' 'inglese' 'mustang']",['animale' 'essere vivente' 'materia' 'cavallo' 'inglese'],['B-' 'B-' 'B-' 'O' 'O' 'O' 'B-' 'O' 'B-' 'O'],a macchie|||pony a macchie___
581,5B_19,lavoro,"di taxi, lorenzo",autista,,581_5B_19,['lavoro' 'autista' 'autista di taxi' 'lorenzo'],['lavoro' 'autista' 'autista di taxi' 'lorenzo'],['B-' 'B-' 'B-' 'B-'],di taxi|||autista di taxi___
1566,1D_23,mezzo di trasporto,ferrari,automobile,,1566_1D_23,['mezzo di trasporto' 'automobile' 'ferrari'],['mezzo di trasporto' 'automobile' 'ferrari'],['B-' 'B-' 'B-'],
1207,3C_13,parte del corpo,"cervello, cervelletto, organo",mente,"parte del corpo, cervello, cervelletto, organo",1207_3C_13,['parte del corpo' 'mente' 'cervello' 'cervelletto' 'organo'],['mente'],['O' 'B-' 'O' 'O' 'O'],
1953,1D_23,"nervo del cervello, parte del corpo",mente distratta,mente,"nervo del cervello, parte del corpo",1953_1D_23,['nervo del cervello' 'parte del corpo' 'mente' 'mente distratta'],['mente' 'mente distratta'],['O' 'O' 'B-' 'B-'],
2338,3C_19,"mezzo di trasporto, oggetto, cosa",bmw,automobile,,2338_3C_19,['mezzo di trasporto' 'oggetto' 'cosa' 'automobile' 'bmw'],['mezzo di trasporto' 'oggetto' 'cosa' 'automobile' 'bmw'],['B-' 'B-' 'B-' 'B-' 'B-'],
2060,2F_14,emozione,rabbia repressa,rabbia,,2060_2F_14,['emozione' 'rabbia' 'rabbia repressa'],['emozione' 'rabbia' 'rabbia repressa'],['B-' 'B-' 'B-'],
294,3B_12,,,autista,,294_3B_12,[' autista'],[' autista'],['B-'],
1617,2E_5,diritto,parola,libertà,,1617_2E_5,['diritto' 'libertà' 'parola'],['diritto' 'libertà' 'parola'],['B-' 'B-' 'B-'],
1382,1G_12,"persona, vivente, terrestre","professore, elementari, bambini",insegnante,"elementari, bambini",1382_1G_12,"['persona' 'vivente' 'terrestre' 'insegnante' 'professore' 'elementari'
 'bambini']",['persona' 'vivente' 'terrestre' 'insegnante' 'professore'],['B-' 'B-' 'B-' 'B-' 'B-' 'O' 'O'],
394,5B_7, ,,mente,,394_5B_7,[' mente'],[' mente'],['B-'],
2874,5B_20,misura convenzionale,,tempo,,2874_5B_20,['misura convenzionale' 'tempo'],['misura convenzionale' 'tempo'],['B-' 'B-'],
345,5B_12,"guidatore, persona, essere vivente",pilota,autista,,345_5B_12,['guidatore' 'persona' 'essere vivente' 'autista' 'pilota'],['guidatore' 'persona' 'essere vivente' 'autista' 'pilota'],['B-' 'B-' 'B-' 'B-' 'B-'],
228,1G_20,"magazzino, luogo, entità",,mente,"magazzino, luogo",228_1G_20,['magazzino' 'luogo' 'entità' 'mente'],['entità' 'mente'],['O' 'O' 'B-' 'B-'],
1951,1D_21,"pensiero, ragionamenti",,mente,"ragionamenti, pensiero",1951_1D_21,['pensiero' 'ragionamenti' 'mente'],['mente'],['O' 'O' 'B-'],
2694,5D_13,"desiderio, richiesta",,sogno,"desiderio, richiesta",2694_5D_13,['desiderio' 'richiesta' 'sogno'],['sogno'],['O' 'O' 'B-'],
1783,5D_17,"sonno, pensiero",felice,sogno,sonno,1783_5D_17,['sonno' 'pensiero' 'sogno' 'felice'],['pensiero' 'sogno' 'felice'],['O' 'B-' 'B-' 'B-'],
145,3C_6,"modo di essere, sentimento, emozione","abbracciare, amore",affetto,"modo di essere, emozione, abbracciare",145_3C_6,['modo di essere' 'sentimento' 'emozione' 'affetto' 'abbracciare' 'amore'],['sentimento' 'affetto' 'amore'],['O' 'B-' 'O' 'B-' 'O' 'B-'],
1484,1D_17,"cosa, essere non vivente, entità",mente vuota,mente,"cosa, essere non vivente",1484_1D_17,['cosa' 'essere non vivente' 'entità' 'mente' 'mente vuota'],['entità' 'mente' 'mente vuota'],['O' 'O' 'B-' 'B-' 'B-'],
563,5D_16,"mezzo di trasporto, oggetto","ferrari, lamborghini, bmw",automobile,"lamborghini, bmw",563_5D_16,['mezzo di trasporto' 'oggetto' 'automobile' 'ferrari' 'lamborghini' 'bmw'],['mezzo di trasporto' 'oggetto' 'automobile' 'ferrari'],['B-' 'B-' 'B-' 'B-' 'O' 'O'],
1115,3C_8,"materiale, oggetto","cavalluccio, barbie, bambola",giocattolo,"materiale, barbie, bambola",1115_3C_8,['materiale' 'oggetto' 'giocattolo' 'cavalluccio' 'barbie' 'bambola'],['oggetto' 'giocattolo' 'cavalluccio'],['O' 'B-' 'B-' 'B-' 'O' 'O'],
2133,1D_10,"emozione, stato d'animo",,paura,stato d'animo,2133_1D_10,"['emozione' ""stato d'animo"" 'paura']",['emozione' 'paura'],['B-' 'O' 'B-'],
2633,3B_23,,,sogno,,2633_3B_23,[' sogno'],[' sogno'],['B-'],
2157,1G_11,"emozione, sentimento, stato d'animo",,paura,"sentimento, stato d'animo",2157_1G_11,"['emozione' 'sentimento' ""stato d'animo"" 'paura']",['emozione' 'paura'],['B-' 'O' 'O' 'B-'],
2453,3C_12,perdita di pazienza,"scuola, famiglia, scuola, studio",rabbia,"perdita di pazienza, scuola, famiglia, scuola, studio",2453_3C_12,['perdita di pazienza' 'rabbia' 'scuola' 'famiglia' 'scuola' 'studio'],['rabbia'],['O' 'B-' 'O' 'O' 'O' 'O'],
1971,1G_19,pensiero,cervello,mente,"pensiero, cervello",1971_1G_19,['pensiero' 'mente' 'cervello'],['mente'],['O' 'B-' 'O'],
1247,1D_3,"animale, forma di vita, entità",sauro,cavallo,,1247_1D_3,['animale' 'forma di vita' 'entità' 'cavallo' 'sauro'],['animale' 'forma di vita' 'entità' 'cavallo' 'sauro'],['B-' 'B-' 'B-' 'B-' 'B-'],
1980,2F_9,"lavoratore, persona, mammifero, essere vivente, entità","insegnante alla scuola, insegnante alla scuola media, insegnante alla scuola media di storia, insegnante alla scuola media di storia greca",insegnante,,1980_2F_9,"['lavoratore' 'persona' 'mammifero' 'essere vivente' 'entità' 'insegnante'
 'insegnante alla scuola' 'insegnante alla scuola media'
 'insegnante alla scuola media di storia'
 'insegnante alla scuola media di storia greca']","['lavoratore' 'persona' 'mammifero' 'essere vivente' 'entità' 'insegnante'
 'insegnante alla scuola' 'insegnante alla scuola media'
 'insegnante alla scuola media di storia'
 'insegnante alla scuola media di storia greca']",['B-' 'B-' 'B-' 'B-' 'B-' 'B-' 'B-' 'B-' 'B-' 'B-'],
967,5D_9,"mammifero, animale, essere vivente","pony, maculati",cavallo,,967_5D_9,['mammifero' 'animale' 'essere vivente' 'cavallo' 'pony' 'maculati'],['mammifero' 'animale' 'essere vivente' 'cavallo' 'pony' 'maculati'],['B-' 'B-' 'B-' 'B-' 'B-' 'B-'],
2107,5B_9,,,mente,,2107_5B_9,[' mente'],[' mente'],['B-'],
2187,2F_23,"sentimento, emozione, cosa astratta",contro qualcuno,rabbia,emozione,2187_2F_23,['sentimento' 'emozione' 'cosa astratta' 'rabbia' 'contro qualcuno'],['sentimento' 'cosa astratta' 'rabbia' 'contro qualcuno'],['B-' 'O' 'B-' 'B-' 'B-'],
691,3B_21,lavoro,,badante,,691_3B_21,['lavoro' 'badante'],['lavoro' 'badante'],['B-' 'B-'],
672,2E_5,"sentimento, emozione, entità",violenta,rabbia,emozione,672_2E_5,['sentimento' 'emozione' 'entità' 'rabbia' 'violenta'],['sentimento' 'entità' 'rabbia' 'violenta'],['B-' 'O' 'B-' 'B-' 'B-'],
668,2F_24,,,badante,,668_2F_24,[' badante'],[' badante'],['B-'],
287,2F_6,"lavoro, ruolo, dovere","camionista, capo treno, taxista",autista,"ruolo, capo treno, taxista",287_2F_6,['lavoro' 'ruolo' 'dovere' 'autista' 'camionista' 'capo treno' 'taxista'],['lavoro' 'dovere' 'autista' 'camionista'],['B-' 'O' 'B-' 'B-' 'B-' 'O' 'O'],
2319,3C_18,oggetto,"trenino, trenino di legno",giocattolo,,2319_3C_18,['oggetto' 'giocattolo' 'trenino' 'trenino di legno'],['oggetto' 'giocattolo' 'trenino' 'trenino di legno'],['B-' 'B-' 'B-' 'B-'],
1541,1D_21,"equino, quadrupede, essere vivente, entità",bianco,cavallo,,1541_1D_21,['equino' 'quadrupede' 'essere vivente' 'entità' 'cavallo' 'bianco'],['equino' 'quadrupede' 'essere vivente' 'entità' 'cavallo' 'bianco'],['B-' 'B-' 'B-' 'B-' 'B-' 'B-'],
2216,2F_20,"emozione, mostro","fifone, mostri",paura,"mostro, fifone",2216_2F_20,['emozione' 'mostro' 'paura' 'fifone' 'mostri'],['emozione' 'paura' 'mostri'],['B-' 'O' 'B-' 'O' 'B-'],
160,5B_2,sensazione,,affetto,,160_5B_2,['sensazione' 'affetto'],['sensazione' 'affetto'],['B-' 'B-'],
2194,2F_24,"animale, essere vivente, entità",quarter,cavallo,,2194_2F_24,['animale' 'essere vivente' 'entità' 'cavallo' 'quarter'],['animale' 'essere vivente' 'entità' 'cavallo' 'quarter'],['B-' 'B-' 'B-' 'B-' 'B-'],
1803,5D_18,"emozione, cosa astratta",,rabbia,,1803_5D_18,['emozione' 'cosa astratta' 'rabbia'],['emozione' 'cosa astratta' 'rabbia'],['B-' 'B-' 'B-'],
58,2E_20,"sentimento, rabbia, tristezza",sentiment,affetto,"rabbia, tristezza, sentiment",58_2E_20,['sentimento' 'rabbia' 'tristezza' 'affetto' 'sentiment'],['sentimento' 'affetto'],['B-' 'O' 'O' 'B-' 'O'],
1458,1D_16,"pensiero, cosa astratta, entità",incubo,sogno,,1458_1D_16,['pensiero' 'cosa astratta' 'entità' 'sogno' 'incubo'],['pensiero' 'cosa astratta' 'entità' 'sogno' 'incubo'],['B-' 'B-' 'B-' 'B-' 'B-'],
696,2E_6,"mammifero, persona, essere vivente, entità",giovanna,badante,persona,696_2E_6,['mammifero' 'persona' 'essere vivente' 'entità' 'badante' 'giovanna'],['mammifero' 'essere vivente' 'entità' 'badante' 'giovanna'],['B-' 'O' 'B-' 'B-' 'B-' 'B-'],
1803,2E_21,"bipede, mammifero, persona, essere vivente",neurologo,medico,persona,1803_2E_21,['bipede' 'mammifero' 'persona' 'essere vivente' 'medico' 'neurologo'],['bipede' 'mammifero' 'essere vivente' 'medico' 'neurologo'],['B-' 'B-' 'O' 'B-' 'B-' 'B-'],
1350,5D_4,"emozione, allegria, felicità, libertà, amore, affetto, falso","goia di un bambino, gioia di un adulto, gioia di mio fratello",gioia,"allegria, felicità, libertà, amore, affetto, falso, gioia di un adulto, gioia di mio fratello",1350_5D_4,"['emozione' 'allegria' 'felicità' 'libertà' 'amore' 'affetto' 'falso'
 'gioia' 'goia di un bambino' 'gioia di un adulto' 'gioia di mio fratello']",['emozione' 'gioia' 'goia di un bambino'],['B-' 'O' 'O' 'O' 'O' 'O' 'O' 'B-' 'B-' 'O' 'O'],
261,2E_6,"guida, persona, vivente",auto,autista,guida,261_2E_6,['guida' 'persona' 'vivente' 'autista' 'auto'],['persona' 'vivente' 'autista' 'auto'],['O' 'B-' 'B-' 'B-' 'B-'],
1394,1D_12,"oggetto, non vivente, entità","pupazzo, rex",giocattolo,,1394_1D_12,['oggetto' 'non vivente' 'entità' 'giocattolo' 'pupazzo' 'rex'],['oggetto' 'non vivente' 'entità' 'giocattolo' 'pupazzo' 'rex'],['B-' 'B-' 'B-' 'B-' 'B-' 'B-'],
190,5D_6,sentimento,amore,affetto,,190_5D_6,['sentimento' 'affetto' 'amore'],['sentimento' 'affetto' 'amore'],['B-' 'B-' 'B-'],
765,5D_23,persona,"di vecchi, di malati, di persone",badante,di persone,765_5D_23,"['persona' 'badante' 'badante di vecchi' 'badante di malati'
 'badante di persone']",['persona' 'badante' 'badante di vecchi' 'badante di malati'],['B-' 'B-' 'B-' 'B-' 'O'],di vecchi|||badante di vecchi___di malati|||badante di malati___di persone|||badante di persone___
2624,3B_15,pensiero,,sogno,,2624_3B_15,['pensiero' 'sogno'],['pensiero' 'sogno'],['B-' 'B-'],
460,2F_10,trasporto,"lamborghini, porche, ferrari",automobile,"porche, ferrari",460_2F_10,['trasporto' 'automobile' 'lamborghini' 'porche' 'ferrari'],['trasporto' 'automobile' 'lamborghini'],['B-' 'B-' 'B-' 'O' 'O'],
3068,5B_20,cibo,panna,torta,,3068_5B_20,['cibo' 'torta' 'panna'],['cibo' 'torta' 'panna'],['B-' 'B-' 'B-'],
1158,3C_10,oggetto,,giocattolo,,1158_3C_10,['oggetto' 'giocattolo'],['oggetto' 'giocattolo'],['B-' 'B-'],
697,2E_6,"sentimento, emozione, entità",claustrofobia,paura,emozione,697_2E_6,['sentimento' 'emozione' 'entità' 'paura' 'claustrofobia'],['sentimento' 'entità' 'paura' 'claustrofobia'],['B-' 'O' 'B-' 'B-' 'B-'],
2854,3C_25,,,tempo,,2854_3C_25,[' tempo'],[' tempo'],['B-'],
2686,5B_6,"veterinario, ingegnere, meccanico, medico, psicologo",,sogno,"veterinario, ingegnere, meccanico, medico, psicologo",2686_5B_6,['veterinario' 'ingegnere' 'meccanico' 'medico' 'psicologo' 'sogno'],['sogno'],['O' 'O' 'O' 'O' 'O' 'B-'],
504,3B_3,"mezzo, pezzo di metallo, minerale, risorsa",,automobile,"pezzo di metallo, minerale, risorsa",504_3B_3,['mezzo' 'pezzo di metallo' 'minerale' 'risorsa' 'automobile'],['mezzo' 'automobile'],['B-' 'O' 'O' 'O' 'B-'],
1260,3B_1,"sentimento, emozione",vittoria,gioia,"emozione, vittoria",1260_3B_1,['sentimento' 'emozione' 'gioia' 'vittoria'],['sentimento' 'gioia'],['B-' 'O' 'B-' 'O'],
1024,2E_19,"oggetto, non vivente, concreto","macchinina, bambola, casa",giocattolo,"bambola, casa",1024_2E_19,"['oggetto' 'non vivente' 'concreto' 'giocattolo' 'macchinina' 'bambola'
 'casa']",['oggetto' 'non vivente' 'concreto' 'giocattolo' 'macchinina'],['B-' 'B-' 'B-' 'B-' 'B-' 'O' 'O'],
314,3B_7,"lavoro, professione","pilota, taxista",autista,"professione, taxista",314_3B_7,['lavoro' 'professione' 'autista' 'pilota' 'taxista'],['lavoro' 'autista' 'pilota'],['B-' 'O' 'B-' 'B-' 'O'],
887,3B_23,"elefante, giraffa, lupo, serpente, lucertola, berek","cane, gatto, coniglio",cavallo,"elefante, giraffa, lupo, serpente, lucertola, berek, cane, gatto, coniglio",887_3B_23,"['elefante' 'giraffa' 'lupo' 'serpente' 'lucertola' 'berek' 'cavallo'
 'cane' 'gatto' 'coniglio']",['cavallo'],['O' 'O' 'O' 'O' 'O' 'O' 'B-' 'O' 'O' 'O'],
2918,1D_2,"dolce, cibo, essere non vivente",tenerina,torta,,2918_1D_2,['dolce' 'cibo' 'essere non vivente' 'torta' 'tenerina'],['dolce' 'cibo' 'essere non vivente' 'torta' 'tenerina'],['B-' 'B-' 'B-' 'B-' 'B-'],
510,5B_14,"esprimersi, parlare",religione,libertà,"esprimersi, parlare",510_5B_14,['esprimersi' 'parlare' 'libertà' 'religione'],['libertà' 'religione'],['O' 'O' 'B-' 'B-'],
2904,5D_7,"anno, giorno, mese, ora, minuto, secondo",,tempo,"anno, giorno, mese, ora, minuto, secondo",2904_5D_7,['anno' 'giorno' 'mese' 'ora' 'minuto' 'secondo' 'tempo'],['tempo'],['O' 'O' 'O' 'O' 'O' 'O' 'B-'],
2227,2F_7,sentimento,emozione,paura,emozione,2227_2F_7,['sentimento' 'paura' 'emozione'],['sentimento' 'paura'],['B-' 'B-' 'O'],
1541,5D_23,essere vivente,Silvia,insegnante,,1541_5D_23,['essere vivente' 'insegnante' 'Silvia'],['essere vivente' 'insegnante' 'Silvia'],['B-' 'B-' 'B-'],
1362,1D_10,"desiderio, cosa astratta",,sogno,desiderio,1362_1D_10,['desiderio' 'cosa astratta' 'sogno'],['cosa astratta' 'sogno'],['O' 'B-' 'B-'],
1862,3B_4,umano,,medico,,1862_3B_4,['umano' 'medico'],['umano' 'medico'],['B-' 'B-'],
1254,2F_4,emozione,sorriso,gioia,sorriso,1254_2F_4,['emozione' 'gioia' 'sorriso'],['emozione' 'gioia'],['B-' 'B-' 'O'],
1378,1D_9,"insegnano, giocare, persona, maschi, femmine, aiutano","di matematica, di italiano, di storia",insegnante,"insegnano, giocare, maschi, femmine, aiutano, di italiano, di storia",1378_1D_9,"['insegnano' 'giocare' 'persona' 'maschi' 'femmine' 'aiutano' 'insegnante'
 'insegnante di matematica' 'insegnante di italiano'
 'insegnante di storia']",['persona' 'insegnante' 'insegnante di matematica'],['O' 'O' 'B-' 'O' 'O' 'O' 'B-' 'B-' 'O' 'O'],di matematica|||insegnante di matematica___di italiano|||insegnante di italiano___di storia|||insegnante di storia___
1733,5D_21,sentimento,di scelta,libertà,sentimento,1733_5D_21,['sentimento' 'libertà' 'libertà di scelta'],['libertà' 'libertà di scelta'],['O' 'B-' 'B-'],di scelta|||libertà di scelta___
1703,5D_12,entità,minuti,tempo,,1703_5D_12,['entità' 'tempo' 'minuti'],['entità' 'tempo' 'minuti'],['B-' 'B-' 'B-'],
1837,2F_5,,,medico,,1837_2F_5,[' medico'],[' medico'],['B-'],
437,5B_10,"emozione, concetto astratto",di non aver fatto i compiti,rabbia,di non aver fatto i compiti,437_5B_10,"['emozione' 'concetto astratto' 'rabbia'
 'rabbia di non aver fatto i compiti']",['emozione' 'concetto astratto' 'rabbia'],['B-' 'B-' 'B-' 'O'],di non aver fatto i compiti|||rabbia di non aver fatto i compiti___
945,2E_22,,,giocattolo,,945_2E_22,[' giocattolo'],[' giocattolo'],['B-'],
1524,1D_20,"persona che guida, essere umano",di autobus,autista,,1524_1D_20,['persona che guida' 'essere umano' 'autista' 'autista di autobus'],['persona che guida' 'essere umano' 'autista' 'autista di autobus'],['B-' 'B-' 'B-' 'B-'],di autobus|||autista di autobus___
2608,2F_24,,,sogno,,2608_2F_24,[' sogno'],[' sogno'],['B-'],
2436,3C_25,,,insegnante,,2436_3C_25,[' insegnante'],[' insegnante'],['B-'],
2938,1G_17,"dolce, cibo, energia, forza","cioccolato, cioccolato bianco",torta,forza,2938_1G_17,['dolce' 'cibo' 'energia' 'forza' 'torta' 'cioccolato' 'cioccolato bianco'],['dolce' 'cibo' 'energia' 'torta' 'cioccolato' 'cioccolato bianco'],['B-' 'B-' 'B-' 'O' 'B-' 'B-' 'B-'],
2408,2F_19,emozione,nervoso,rabbia,nervoso,2408_2F_19,['emozione' 'rabbia' 'nervoso'],['emozione' 'rabbia'],['B-' 'B-' 'O'],
61,1G_5,"lavoro, guadagno, soldi, oggetto, entità",di limousine,autista,"guadagno, soldi, oggetto",61_1G_5,"['lavoro' 'guadagno' 'soldi' 'oggetto' 'entità' 'autista'
 'autista di limousine']",['lavoro' 'entità' 'autista' 'autista di limousine'],['B-' 'O' 'O' 'O' 'B-' 'B-' 'B-'],di limousine|||autista di limousine___
254,1G_21,emozione,"per qualcuno, affetto fraterno",affetto,,254_1G_21,['emozione' 'affetto' 'affetto per qualcuno' 'affetto fraterno'],['emozione' 'affetto' 'affetto per qualcuno' 'affetto fraterno'],['B-' 'B-' 'B-' 'B-'],per qualcuno|||affetto per qualcuno___
2819,3B_16,,,tempo,,2819_3B_16,[' tempo'],[' tempo'],['B-'],
438,2E_14,"mezzo di trasporto, oggetto",tesla,automobile,,438_2E_14,['mezzo di trasporto' 'oggetto' 'automobile' 'tesla'],['mezzo di trasporto' 'oggetto' 'automobile' 'tesla'],['B-' 'B-' 'B-' 'B-'],
132,1G_10,"pubblico ufficiale, persona, essere umano, essere vivente","di matematica, la zagni",insegnante,pubblico ufficiale,132_1G_10,"['pubblico ufficiale' 'persona' 'essere umano' 'essere vivente'
 'insegnante' 'insegnante di matematica' 'la zagni']","['persona' 'essere umano' 'essere vivente' 'insegnante'
 'insegnante di matematica' 'la zagni']",['O' 'B-' 'B-' 'B-' 'B-' 'B-' 'B-'],di matematica|||insegnante di matematica___
2234,2F_26,"centrale, pensiero",cervello,mente,"centrale, pensiero, cervello",2234_2F_26,['centrale' 'pensiero' 'mente' 'cervello'],['mente'],['O' 'O' 'B-' 'O'],
2249,3B_3,"emozione, sentimento, sensazione, presentimento","spavento, preoccupazione",paura,"sentimento, presentimento, preoccupazione",2249_3B_3,"['emozione' 'sentimento' 'sensazione' 'presentimento' 'paura' 'spavento'
 'preoccupazione']",['emozione' 'sensazione' 'paura' 'spavento'],['B-' 'O' 'B-' 'O' 'B-' 'B-' 'O'],
954,2E_22,,,automobile,,954_2E_22,[' automobile'],[' automobile'],['B-'],
1276,3B_24,"rabbia, tristezza, stanchezza",,gioia,"rabbia, tristezza, stanchezza",1276_3B_24,['rabbia' 'tristezza' 'stanchezza' 'gioia'],['gioia'],['O' 'O' 'O' 'B-'],
489,5B_13,cerchio,"torta al cioccolato, tenerina",torta,cerchio,489_5B_13,['cerchio' 'torta' 'torta al cioccolato' 'tenerina'],['torta' 'torta al cioccolato' 'tenerina'],['O' 'B-' 'B-' 'B-'],
613,2E_1,interiore,galera,libertà,"interiore, galera",613_2E_1,['interiore' 'libertà' 'galera'],['libertà'],['O' 'B-' 'O'],
2061,2F_14,"dolce, cibo, nutriente, entità","torta per il compleanno, torta al cioccolato, torta al cioccolato bianco",torta,,2061_2F_14,"['dolce' 'cibo' 'nutriente' 'entità' 'torta' 'torta per il compleanno'
 'torta al cioccolato' 'torta al cioccolato bianco']","['dolce' 'cibo' 'nutriente' 'entità' 'torta' 'torta per il compleanno'
 'torta al cioccolato' 'torta al cioccolato bianco']",['B-' 'B-' 'B-' 'B-' 'B-' 'B-' 'B-' 'B-'],
806,1G_18,"mammifero, animale, essere vivente, persona",frisone,cavallo,persona,806_1G_18,['mammifero' 'animale' 'essere vivente' 'persona' 'cavallo' 'frisone'],['mammifero' 'animale' 'essere vivente' 'cavallo' 'frisone'],['B-' 'B-' 'B-' 'O' 'B-' 'B-'],
1291,1D_5,"cosa astratta, entità",metodo di pensiero,mente,metodo di pensiero,1291_1D_5,['cosa astratta' 'entità' 'mente' 'metodo di pensiero'],['cosa astratta' 'entità' 'mente'],['B-' 'B-' 'B-' 'O'],
1742,5D_15,"emozione, entità",felicità,gioia,felicità,1742_5D_15,['emozione' 'entità' 'gioia' 'felicità'],['emozione' 'entità' 'gioia'],['B-' 'B-' 'B-' 'O'],
423,1G_21,mezzo di trasporto,"ferrari, formula 1",automobile,,423_1G_21,['mezzo di trasporto' 'automobile' 'ferrari' 'formula 1'],['mezzo di trasporto' 'automobile' 'ferrari' 'formula 1'],['B-' 'B-' 'B-' 'B-'],
118,3B_4,emozione,,affetto,,118_3B_4,['emozione' 'affetto'],['emozione' 'affetto'],['B-' 'B-'],
29,1G_3,"dolce, cibo, cosa commestibile","torta gelato, torta gelato vaniglia, torta gelato vaniglia variegata",torta,,29_1G_3,"['dolce' 'cibo' 'cosa commestibile' 'torta' 'torta gelato'
 'torta gelato vaniglia' 'torta gelato vaniglia variegata']","['dolce' 'cibo' 'cosa commestibile' 'torta' 'torta gelato'
 'torta gelato vaniglia' 'torta gelato vaniglia variegata']",['B-' 'B-' 'B-' 'B-' 'B-' 'B-' 'B-'],
650,2E_3,"emozione, cosa astratta",amore,affetto,,650_2E_3,['emozione' 'cosa astratta' 'affetto' 'amore'],['emozione' 'cosa astratta' 'affetto' 'amore'],['B-' 'B-' 'B-' 'B-'],
2264,3C_17,"emozione, stato d'animo","terrore, spavento",paura,"stato d'animo, spavento",2264_3C_17,"['emozione' ""stato d'animo"" 'paura' 'terrore' 'spavento']",['emozione' 'paura' 'terrore'],['B-' 'O' 'B-' 'B-' 'O'],
2290,3C_16,,reciproco,affetto,,2290_3C_16,[' affetto' 'reciproco'],[' affetto' 'reciproco'],['B-' 'B-'],
1050,3C_3,"terrore, emozione, sentimento, sensazione","paura della verifica, paura della verifica di scienze",paura,"terrore, sentimento, paura della verifica, paura della verifica di scienze",1050_3C_3,"['terrore' 'emozione' 'sentimento' 'sensazione' 'paura'
 'paura della verifica' 'paura della verifica di scienze']",['emozione' 'sensazione' 'paura'],['O' 'B-' 'O' 'B-' 'B-' 'O' 'O'],
1886,3C_3,"lavoro, utile, servizio","neurologo, dottore, laureato",medico,"utile, servizio, dottore, laureato",1886_3C_3,['lavoro' 'utile' 'servizio' 'medico' 'neurologo' 'dottore' 'laureato'],['lavoro' 'medico' 'neurologo'],['B-' 'O' 'O' 'B-' 'B-' 'O' 'O'],
2133,2F_20,cibo,torta gelato,torta,,2133_2F_20,['cibo' 'torta' 'torta gelato'],['cibo' 'torta' 'torta gelato'],['B-' 'B-' 'B-'],
1215,2E_16,"emozione, sentimento, bei momenti",felicità,gioia,"sentimento, bei momenti, felicità",1215_2E_16,['emozione' 'sentimento' 'bei momenti' 'gioia' 'felicità'],['emozione' 'gioia'],['B-' 'O' 'O' 'B-' 'O'],
1295,3C_18,"emozione, sentimento","ridere, sorridere",gioia,"sentimento, ridere, sorridere",1295_3C_18,['emozione' 'sentimento' 'gioia' 'ridere' 'sorridere'],['emozione' 'gioia'],['B-' 'O' 'B-' 'O' 'O'],
849,2E_16,"emozione, stato d'animo, entità astratta",di uscire,libertà,"emozione, stato d'animo, di uscire",849_2E_16,"['emozione' ""stato d'animo"" 'entità astratta' 'libertà'
 'libertà di uscire']",['entità astratta' 'libertà'],['O' 'O' 'B-' 'B-' 'O'],di uscire|||libertà di uscire___
446,2E_21,"mezzo di trasporto, oggetto","ferro, lamborghini, motore",automobile,"ferro, motore",446_2E_21,"['mezzo di trasporto' 'oggetto' 'automobile' 'ferro' 'lamborghini'
 'motore']",['mezzo di trasporto' 'oggetto' 'automobile' 'lamborghini'],['B-' 'B-' 'B-' 'O' 'B-' 'O'],
782,1D_17,"quadrupede, mammifero, animale, essere vivente",sauro,cavallo,,782_1D_17,['quadrupede' 'mammifero' 'animale' 'essere vivente' 'cavallo' 'sauro'],['quadrupede' 'mammifero' 'animale' 'essere vivente' 'cavallo' 'sauro'],['B-' 'B-' 'B-' 'B-' 'B-' 'B-'],
2643,3B_9,pensiero,incubo,sogno,,2643_3B_9,['pensiero' 'sogno' 'incubo'],['pensiero' 'sogno' 'incubo'],['B-' 'B-' 'B-'],
2424,3B_1,emozione,"perdere, dolore, male",rabbia,"perdere, dolore, male",2424_3B_1,['emozione' 'rabbia' 'perdere' 'dolore' 'male'],['emozione' 'rabbia'],['B-' 'B-' 'O' 'O' 'O'],
685,2E_5,"sentimento, emozione, entità",amici,affetto,emozione,685_2E_5,['sentimento' 'emozione' 'entità' 'affetto' 'amici'],['sentimento' 'entità' 'affetto' 'amici'],['B-' 'O' 'B-' 'B-' 'B-'],
2687,5B_7,"pensiero, idea",divertente,sogno,idea,2687_5B_7,['pensiero' 'idea' 'sogno' 'divertente'],['pensiero' 'sogno' 'divertente'],['B-' 'O' 'B-' 'B-'],
1393,1D_12,"persona, essere vivente, cellule, atomi, entità",taxi,autista,"cellule, atomi",1393_1D_12,['persona' 'essere vivente' 'cellule' 'atomi' 'entità' 'autista' 'taxi'],['persona' 'essere vivente' 'entità' 'autista' 'taxi'],['B-' 'B-' 'O' 'O' 'B-' 'B-' 'B-'],
963,5D_5,"mammifero, animale, essere vievnte",pony,cavallo,,963_5D_5,['mammifero' 'animale' 'essere vievnte' 'cavallo' 'pony'],['mammifero' 'animale' 'essere vievnte' 'cavallo' 'pony'],['B-' 'B-' 'B-' 'B-' 'B-'],
1316,1D_7,,,badante,,1316_1D_7,[' badante'],[' badante'],['B-'],
2295,5B_3,"emozione, cosa astratta",ragni,paura,,2295_5B_3,['emozione' 'cosa astratta' 'paura' 'ragni'],['emozione' 'cosa astratta' 'paura' 'ragni'],['B-' 'B-' 'B-' 'B-'],
2240,3B_19,"emozione, sentimento","tristezza, solitudine",paura,"sentimento, tristezza, solitudine",2240_3B_19,['emozione' 'sentimento' 'paura' 'tristezza' 'solitudine'],['emozione' 'paura'],['B-' 'O' 'B-' 'O' 'O'],
477,5B_12,"lavoro, occupazione, ruolo, cosa astatta",insegnante bravo,insegnante,,477_5B_12,"['lavoro' 'occupazione' 'ruolo' 'cosa astatta' 'insegnante'
 'insegnante bravo']","['lavoro' 'occupazione' 'ruolo' 'cosa astatta' 'insegnante'
 'insegnante bravo']",['B-' 'B-' 'B-' 'B-' 'B-' 'B-'],
1260,1D_3,"entità astratta, entità",futuro,tempo,,1260_1D_3,['entità astratta' 'entità' 'tempo' 'futuro'],['entità astratta' 'entità' 'tempo' 'futuro'],['B-' 'B-' 'B-' 'B-'],
2322,3C_18,"sentimento, emozione",del buio,paura,emozione,2322_3C_18,['sentimento' 'emozione' 'paura' 'paura del buio'],['sentimento' 'paura' 'paura del buio'],['B-' 'O' 'B-' 'B-'],del buio|||paura del buio___
2514,5D_4,emozione specifica,mia mamma arrabbiata,rabbia,mia mamma arrabbiata,2514_5D_4,['emozione specifica' 'rabbia' 'mia mamma arrabbiata'],['emozione specifica' 'rabbia'],['B-' 'B-' 'O'],
2376,3C_21,"emozione, cosa","paura di un animale, paura dei ragni",paura,cosa,2376_3C_21,['emozione' 'cosa' 'paura' 'paura di un animale' 'paura dei ragni'],['emozione' 'paura' 'paura di un animale' 'paura dei ragni'],['B-' 'O' 'B-' 'B-' 'B-'],
226,1G_20,"sentimento, emozione, cosa astratta, entità",da stress,rabbia,emozione,226_1G_20,"['sentimento' 'emozione' 'cosa astratta' 'entità' 'rabbia'
 'rabbia da stress']",['sentimento' 'cosa astratta' 'entità' 'rabbia' 'rabbia da stress'],['B-' 'O' 'B-' 'B-' 'B-' 'B-'],da stress|||rabbia da stress___
2136,2F_20,emozione,,paura,,2136_2F_20,['emozione' 'paura'],['emozione' 'paura'],['B-' 'B-'],
2744,1G_16,"durata, unità, misura","giro, gara",tempo,"giro, gara",2744_1G_16,['durata' 'unità' 'misura' 'tempo' 'giro' 'gara'],['durata' 'unità' 'misura' 'tempo'],['B-' 'B-' 'B-' 'B-' 'O' 'O'],
325,3C_17,"auto, ruota, cerchio",taxista,autista,"auto, ruota, cerchio",325_3C_17,['auto' 'ruota' 'cerchio' 'autista' 'taxista'],['autista' 'taxista'],['O' 'O' 'O' 'B-' 'B-'],
1942,1D_13,"pensiero, sogno, ragionamento","corpo, testa",mente,"pensiero, sogno, ragionamento, corpo, testa",1942_1D_13,['pensiero' 'sogno' 'ragionamento' 'mente' 'corpo' 'testa'],['mente'],['O' 'O' 'O' 'B-' 'O' 'O'],
2530,1D_19,,,sogno,,2530_1D_19,[' sogno'],[' sogno'],['B-'],
1714,5D_13,emozione,furia,rabbia,,1714_5D_13,['emozione' 'rabbia' 'furia'],['emozione' 'rabbia' 'furia'],['B-' 'B-' 'B-'],
402,5B_8,"corpo artificale, divertimento, cosa","bambola, barbie, barbie dottoressa",giocattolo,divertimento,402_5B_8,"['corpo artificale' 'divertimento' 'cosa' 'giocattolo' 'bambola' 'barbie'
 'barbie dottoressa']","['corpo artificale' 'cosa' 'giocattolo' 'bambola' 'barbie'
 'barbie dottoressa']",['B-' 'O' 'B-' 'B-' 'B-' 'B-' 'B-'],
1926,2F_5,meteo,"temporale, pioggia",tempo,pioggia,1926_2F_5,['meteo' 'tempo' 'temporale' 'pioggia'],['meteo' 'tempo' 'temporale'],['B-' 'B-' 'B-' 'O'],
2291,5B_19,"emozione, triste",pensiero,paura,"triste, pensiero",2291_5B_19,['emozione' 'triste' 'paura' 'pensiero'],['emozione' 'paura'],['B-' 'O' 'B-' 'O'],
1670,3B_6,diritto,di voto,libertà,,1670_3B_6,['diritto' 'libertà' 'libertà di voto'],['diritto' 'libertà' 'libertà di voto'],['B-' 'B-' 'B-'],di voto|||libertà di voto___
2646,3C_11,"fantasia, pensiero",erotico,sogno,,2646_3C_11,['fantasia' 'pensiero' 'sogno' 'erotico'],['fantasia' 'pensiero' 'sogno' 'erotico'],['B-' 'B-' 'B-' 'B-'],
1776,1G_18,"persona, essere umano, essere vivente",infermiere,medico,infermiere,1776_1G_18,['persona' 'essere umano' 'essere vivente' 'medico' 'infermiere'],['persona' 'essere umano' 'essere vivente' 'medico'],['B-' 'B-' 'B-' 'B-' 'O'],
988,1D_7,"antistress, macchina, monopoli, passatempo","lego, soldatini, oggetto",giocattolo,"antistress, macchina, monopoli, passatempo, soldatini, oggetto",988_1D_7,"['antistress' 'macchina' 'monopoli' 'passatempo' 'giocattolo' 'lego'
 'soldatini' 'oggetto']",['giocattolo' 'lego'],['O' 'O' 'O' 'O' 'B-' 'B-' 'O' 'O'],
516,3C_14,"mezzo di trasporto, oggetto","autista, bmw, proche",automobile,"autista, proche",516_3C_14,['mezzo di trasporto' 'oggetto' 'automobile' 'autista' 'bmw' 'proche'],['mezzo di trasporto' 'oggetto' 'automobile' 'bmw'],['B-' 'B-' 'B-' 'O' 'B-' 'O'],
826,2E_14,"lavoratore, essere umano, essere vivente, entità","taxista, taxista di uber, taxista di uber maschio",autista,,826_2E_14,"['lavoratore' 'essere umano' 'essere vivente' 'entità' 'autista' 'taxista'
 'taxista di uber' 'taxista di uber maschio']","['lavoratore' 'essere umano' 'essere vivente' 'entità' 'autista' 'taxista'
 'taxista di uber' 'taxista di uber maschio']",['B-' 'B-' 'B-' 'B-' 'B-' 'B-' 'B-' 'B-'],
1042,2F_11,oggetto,"orsetto di peluche, orsetto che respira",giocattolo,,1042_2F_11,['oggetto' 'giocattolo' 'orsetto di peluche' 'orsetto che respira'],['oggetto' 'giocattolo' 'orsetto di peluche' 'orsetto che respira'],['B-' 'B-' 'B-' 'B-'],
2156,2F_21,"macchinario, cosa",ferrari,automobile,,2156_2F_21,['macchinario' 'cosa' 'automobile' 'ferrari'],['macchinario' 'cosa' 'automobile' 'ferrari'],['B-' 'B-' 'B-' 'B-'],
458,5B_11,"persona, essere vivente, entità","taxista, mia bisnonna",autista,,458_5B_11,['persona' 'essere vivente' 'entità' 'autista' 'taxista' 'mia bisnonna'],['persona' 'essere vivente' 'entità' 'autista' 'taxista' 'mia bisnonna'],['B-' 'B-' 'B-' 'B-' 'B-' 'B-'],
2123,2F_19,sentimento,libertà di esprimersi,libertà,sentimento,2123_2F_19,['sentimento' 'libertà' 'libertà di esprimersi'],['libertà' 'libertà di esprimersi'],['O' 'B-' 'B-'],
414,1G_13,"macchina, cosa","ferrari, lamborghini, velocità",automobile,"macchina, lamborghini, velocità",414_1G_13,['macchina' 'cosa' 'automobile' 'ferrari' 'lamborghini' 'velocità'],['cosa' 'automobile' 'ferrari'],['O' 'B-' 'B-' 'B-' 'O' 'O'],
747,2E_9,"mezzo, oggetto, entità","f1, ferrari, fs 23(modello), 55(numero)",automobile,,747_2E_9,"['mezzo' 'oggetto' 'entità' 'automobile' 'f1' 'ferrari' 'fs 23(modello)'
 '55(numero)']","['mezzo' 'oggetto' 'entità' 'automobile' 'f1' 'ferrari' 'fs 23(modello)'
 '55(numero)']",['B-' 'B-' 'B-' 'B-' 'B-' 'B-' 'B-' 'B-'],
1352,5D_6,sentimento,,gioia,,1352_5D_6,['sentimento' 'gioia'],['sentimento' 'gioia'],['B-' 'B-'],
2154,1D_9,"aggettivo, cosa astratta","buio, mostri, film horror",paura,"aggettivo, mostri, film horror",2154_1D_9,['aggettivo' 'cosa astratta' 'paura' 'buio' 'mostri' 'film horror'],['cosa astratta' 'paura' 'buio'],['O' 'B-' 'B-' 'B-' 'O' 'O'],
1911,2F_4,"lavoratore, persona, mammaifero, essere vivente, entità","dentista, dentista odontoiatra",medico,,1911_2F_4,"['lavoratore' 'persona' 'mammaifero' 'essere vivente' 'entità' 'medico'
 'dentista' 'dentista odontoiatra']","['lavoratore' 'persona' 'mammaifero' 'essere vivente' 'entità' 'medico'
 'dentista' 'dentista odontoiatra']",['B-' 'B-' 'B-' 'B-' 'B-' 'B-' 'B-' 'B-'],
1747,1D_12,"curare, persona, aiutare, guarire, ospedale, medicine","farmacista, infermiere, dottore",medico,"curare, aiutare, guarire, ospedale, medicine, infermiere, dottore",1747_1D_12,"['curare' 'persona' 'aiutare' 'guarire' 'ospedale' 'medicine' 'medico'
 'farmacista' 'infermiere' 'dottore']",['persona' 'medico' 'farmacista'],['O' 'B-' 'O' 'O' 'O' 'O' 'B-' 'B-' 'O' 'O'],
486,3B_10,"veicolo, mezzo di trasporto, oggetto",bmw,automobile,,486_3B_10,['veicolo' 'mezzo di trasporto' 'oggetto' 'automobile' 'bmw'],['veicolo' 'mezzo di trasporto' 'oggetto' 'automobile' 'bmw'],['B-' 'B-' 'B-' 'B-' 'B-'],
942,2E_21,"fauna, animale, entità","bianco, albino",cavallo,fauna,942_2E_21,['fauna' 'animale' 'entità' 'cavallo' 'bianco' 'albino'],['animale' 'entità' 'cavallo' 'bianco' 'albino'],['O' 'B-' 'B-' 'B-' 'B-' 'B-'],
2335,3C_19,emozione,morsi,affetto,morsi,2335_3C_19,['emozione' 'affetto' 'morsi'],['emozione' 'affetto'],['B-' 'B-' 'O'],
2492,5B_6,"emozione, maturale, altrui, personale",,rabbia,"maturale, altrui, personale",2492_5B_6,['emozione' 'maturale' 'altrui' 'personale' 'rabbia'],['emozione' 'rabbia'],['B-' 'O' 'O' 'O' 'B-'],
1811,2E_5,"persona, che aiuta",pediatra,medico,che aiuta,1811_2E_5,['persona' 'che aiuta' 'medico' 'pediatra'],['persona' 'medico' 'pediatra'],['B-' 'O' 'B-' 'B-'],
1934,2F_6,lavoro,oculista,medico,,1934_2F_6,['lavoro' 'medico' 'oculista'],['lavoro' 'medico' 'oculista'],['B-' 'B-' 'B-'],
2276,3C_5,"emozione, sensazione, sentimento, istinto, allarme",,paura,"sentimento, istinto, allarme",2276_3C_5,['emozione' 'sensazione' 'sentimento' 'istinto' 'allarme' 'paura'],['emozione' 'sensazione' 'paura'],['B-' 'B-' 'O' 'O' 'O' 'B-'],
1882,2F_2,posto che racchiude desideri,"pensieri paurosi, pensieri belli",mente,"posto che racchiude desideri, pensieri paurosi, pensieri belli",1882_2F_2,"['posto che racchiude desideri' 'mente' 'pensieri paurosi'
 'pensieri belli']",['mente'],['O' 'B-' 'O' 'O'],
2037,2F_13,una parte del cervello,mente umana,mente,una parte del cervello,2037_2F_13,['una parte del cervello' 'mente' 'mente umana'],['mente' 'mente umana'],['O' 'B-' 'B-'],
3004,2F_9,"dolce, cibo",torta al cioccolato,torta,,3004_2F_9,['dolce' 'cibo' 'torta' 'torta al cioccolato'],['dolce' 'cibo' 'torta' 'torta al cioccolato'],['B-' 'B-' 'B-' 'B-'],
3097,5D_6,dolce,"tortaferri, cheesecake",torta,tortaferri,3097_5D_6,['dolce' 'torta' 'tortaferri' 'cheesecake'],['dolce' 'torta' 'cheesecake'],['B-' 'B-' 'O' 'B-'],
1351,1D_9,"mestiere, lavoratore, essere umano",di macchina,autista,"lavoratore, essere umano",1351_1D_9,['mestiere' 'lavoratore' 'essere umano' 'autista' 'autista di macchina'],['mestiere' 'autista' 'autista di macchina'],['B-' 'O' 'O' 'B-' 'B-'],di macchina|||autista di macchina___
495,5B_14,"idea, ipotesi, esprimersi, parlare","incubo, brutto, schifoso",sogno,"idea, ipotesi, esprimersi, parlare, brutto, schifoso",495_5B_14,"['idea' 'ipotesi' 'esprimersi' 'parlare' 'sogno' 'incubo' 'brutto'
 'schifoso']",['sogno' 'incubo'],['O' 'O' 'O' 'O' 'B-' 'B-' 'O' 'O'],
1266,1D_4,pensiero,magico,sogno,,1266_1D_4,['pensiero' 'sogno' 'magico'],['pensiero' 'sogno' 'magico'],['B-' 'B-' 'B-'],
837,2E_25,"mammifero, animale, essere vivente","sangue puro, pony",cavallo,,837_2E_25,['mammifero' 'animale' 'essere vivente' 'cavallo' 'sangue puro' 'pony'],['mammifero' 'animale' 'essere vivente' 'cavallo' 'sangue puro' 'pony'],['B-' 'B-' 'B-' 'B-' 'B-' 'B-'],
1922,2F_5,dolce,torta alle mele,torta,,1922_2F_5,['dolce' 'torta' 'torta alle mele'],['dolce' 'torta' 'torta alle mele'],['B-' 'B-' 'B-'],
2617,2F_9,"fantasia, immaginazione",incubo,sogno,,2617_2F_9,['fantasia' 'immaginazione' 'sogno' 'incubo'],['fantasia' 'immaginazione' 'sogno' 'incubo'],['B-' 'B-' 'B-' 'B-'],
2085,2F_17,"organo, parte del corpo, entità",intelligente,mente,"organo, parte del corpo",2085_2F_17,['organo' 'parte del corpo' 'entità' 'mente' 'intelligente'],['entità' 'mente' 'intelligente'],['O' 'O' 'B-' 'B-' 'B-'],
258,1G_22,"sentimento, emozione, cosa astratta",,affetto,emozione,258_1G_22,['sentimento' 'emozione' 'cosa astratta' 'affetto'],['sentimento' 'cosa astratta' 'affetto'],['B-' 'O' 'B-' 'B-'],
800,2E_13,"lavoro, essere umano, mammifero, essere vivente",chirurgo,medico,"essere umano, mammifero, essere vivente",800_2E_13,['lavoro' 'essere umano' 'mammifero' 'essere vivente' 'medico' 'chirurgo'],['lavoro' 'medico' 'chirurgo'],['B-' 'O' 'O' 'O' 'B-' 'B-'],
2122,5D_22,pensiero,,mente,pensiero,2122_5D_22,['pensiero' 'mente'],['mente'],['O' 'B-'],
2095,2F_18,"animale, erbivoro",arabo,cavallo,erbivoro,2095_2F_18,['animale' 'erbivoro' 'cavallo' 'arabo'],['animale' 'cavallo' 'arabo'],['B-' 'O' 'B-' 'B-'],
52,2E_15,"emozione, sentimento",,affetto,sentimento,52_2E_15,['emozione' 'sentimento' 'affetto'],['emozione' 'affetto'],['B-' 'O' 'B-'],
549,5B_17,"emozione, sentimento",ira,rabbia,sentimento,549_5B_17,['emozione' 'sentimento' 'rabbia' 'ira'],['emozione' 'rabbia' 'ira'],['B-' 'O' 'B-' 'B-'],
3058,5B_11,"dolce, cibo",,torta,,3058_5B_11,['dolce' 'cibo' 'torta'],['dolce' 'cibo' 'torta'],['B-' 'B-' 'B-'],
2220,2F_25,"vertebrato, quadrupede, animale, essere vivente, entità",quarter,cavallo,vertebrato,2220_2F_25,"['vertebrato' 'quadrupede' 'animale' 'essere vivente' 'entità' 'cavallo'
 'quarter']",['quadrupede' 'animale' 'essere vivente' 'entità' 'cavallo' 'quarter'],['O' 'B-' 'B-' 'B-' 'B-' 'B-' 'B-'],
707,2E_7,"dolce, cibo","al cioccolato, fondente",torta,,707_2E_7,['dolce' 'cibo' 'torta' 'al cioccolato' 'fondente'],['dolce' 'cibo' 'torta' 'al cioccolato' 'fondente'],['B-' 'B-' 'B-' 'B-' 'B-'],
1968,1G_16,intelligenza,"incubo, pensiero, sogno",mente,"intelligenza, pensiero, incubo, sogno",1968_1G_16,['intelligenza' 'mente' 'incubo' 'pensiero' 'sogno'],['mente'],['O' 'B-' 'O' 'O' 'O'],
699,2E_6,"parte del corpo, cosa, entità",incubo ,mente,"parte del corpo, cosa, incubo",699_2E_6,['parte del corpo' 'cosa' 'entità' 'mente' 'incubo'],['entità' 'mente'],['O' 'O' 'B-' 'B-' 'O'],
2943,1G_21,"dolce, cibo, commestibile","torta di pere, torta alla crema, uova",torta,"torta alla crema, uova",2943_1G_21,"['dolce' 'cibo' 'commestibile' 'torta' 'torta di pere' 'torta alla crema'
 'uova']",['dolce' 'cibo' 'commestibile' 'torta' 'torta di pere'],['B-' 'B-' 'B-' 'B-' 'B-' 'O' 'O'],
2623,3B_14,"pensiero, fantasia",,sogno,fantasia,2623_3B_14,['pensiero' 'fantasia' 'sogno'],['pensiero' 'sogno'],['B-' 'O' 'B-'],
1452,1D_15,lavoro,,badante,,1452_1D_15,['lavoro' 'badante'],['lavoro' 'badante'],['B-' 'B-'],
2546,1G_12,"notte, universo, insieme di stelle",,sogno,"notte, universo, insieme di stelle",2546_1G_12,['notte' 'universo' 'insieme di stelle' 'sogno'],['sogno'],['O' 'O' 'O' 'B-'],
2707,5D_3,mente,fantasia,sogno,fantasia,2707_5D_3,['mente' 'sogno' 'fantasia'],['mente' 'sogno'],['B-' 'B-' 'O'],
1174,1D_20,gioire,,gioia,gioire,1174_1D_20,['gioire' 'gioia'],['gioia'],['O' 'B-'],
2047,2F_14,"lavoratore, persona, mammifero, essere vivente, eucariota, entità","chirurgo, cardiochirurgo",medico,eucariota,2047_2F_14,"['lavoratore' 'persona' 'mammifero' 'essere vivente' 'eucariota' 'entità'
 'medico' 'chirurgo' 'cardiochirurgo']","['lavoratore' 'persona' 'mammifero' 'essere vivente' 'entità' 'medico'
 'chirurgo' 'cardiochirurgo']",['B-' 'B-' 'B-' 'B-' 'O' 'B-' 'B-' 'B-' 'B-'],
2298,5B_6,"materiale, dei ragni, fantasmi",timore,paura,"materiale, dei ragni, fantasmi, timore",2298_5B_6,['materiale' 'dei ragni' 'fantasmi' 'paura' 'timore'],['paura'],['O' 'O' 'O' 'B-' 'O'],
831,2E_2,"mammifero, animale, essere vivente",pony,cavallo,,831_2E_2,['mammifero' 'animale' 'essere vivente' 'cavallo' 'pony'],['mammifero' 'animale' 'essere vivente' 'cavallo' 'pony'],['B-' 'B-' 'B-' 'B-' 'B-'],
1774,5D_17,"persona, animale, essere vivente",musica,insegnante,,1774_5D_17,['persona' 'animale' 'essere vivente' 'insegnante' 'musica'],['persona' 'animale' 'essere vivente' 'insegnante' 'musica'],['B-' 'B-' 'B-' 'B-' 'B-'],
227,1G_2,"professione, lavoro, dovere, impegno",taxista,autista,,227_1G_2,['professione' 'lavoro' 'dovere' 'impegno' 'autista' 'taxista'],['professione' 'lavoro' 'dovere' 'impegno' 'autista' 'taxista'],['B-' 'B-' 'B-' 'B-' 'B-' 'B-'],
247,2E_17,"autobus, taxi","macchina, persona",autista,"autobus, taxi, persona",247_2E_17,['autobus' 'taxi' 'autista' 'macchina' 'persona'],['autista' 'macchina'],['O' 'O' 'B-' 'B-' 'O'],
2477,5B_11,"emozione, sentimento",,rabbia,sentimento,2477_5B_11,['emozione' 'sentimento' 'rabbia'],['emozione' 'rabbia'],['B-' 'O' 'B-'],
2770,2E_19,"sensazione, unità di misura","orologio, veloce, lento",tempo,"sensazione, orologio, lento",2770_2E_19,['sensazione' 'unità di misura' 'tempo' 'orologio' 'veloce' 'lento'],['unità di misura' 'tempo' 'veloce'],['O' 'B-' 'B-' 'O' 'B-' 'O'],
1253,2F_3,"felicità, sentimento, emozione",,gioia,"felicità, emozione",1253_2F_3,['felicità' 'sentimento' 'emozione' 'gioia'],['sentimento' 'gioia'],['O' 'B-' 'O' 'B-'],
2212,2F_25,misura,"ore, minuti, secondi",tempo,"minuti, secondi",2212_2F_25,['misura' 'tempo' 'ore' 'minuti' 'secondi'],['misura' 'tempo' 'ore'],['B-' 'B-' 'B-' 'O' 'O'],
1680,3C_15,"idea, illuminazione",ebrea,libertà,"idea, illuminazione",1680_3C_15,['idea' 'illuminazione' 'libertà' 'ebrea'],['libertà' 'ebrea'],['O' 'O' 'B-' 'B-'],
2219,2F_23,sentimento,del buio,paura,,2219_2F_23,['sentimento' 'paura' 'paura del buio'],['sentimento' 'paura' 'paura del buio'],['B-' 'B-' 'B-'],del buio|||paura del buio___
1825,2F_18,"lavoro, persona","chirurgo, pediatra",medico,"persona, pediatra",1825_2F_18,['lavoro' 'persona' 'medico' 'chirurgo' 'pediatra'],['lavoro' 'medico' 'chirurgo'],['B-' 'O' 'B-' 'B-' 'O'],
1290,1D_5,"emozione, entità",affetto paterno,affetto,,1290_1D_5,['emozione' 'entità' 'affetto' 'affetto paterno'],['emozione' 'entità' 'affetto' 'affetto paterno'],['B-' 'B-' 'B-' 'B-'],
1047,2F_16,,scatola,giocattolo,scatola,1047_2F_16,[' giocattolo' 'scatola'],[' giocattolo'],['B-' 'O'],
769,2E_11,"macchina, motore, materiale",ferrari,automobile,"macchina, motore, materiale",769_2E_11,['macchina' 'motore' 'materiale' 'automobile' 'ferrari'],['automobile' 'ferrari'],['O' 'O' 'O' 'B-' 'B-'],
182,1G_16,"tristezza, paura","emozione, rabbia da stress",rabbia,"tristezza, paura, emozione",182_1G_16,['tristezza' 'paura' 'rabbia' 'emozione' 'rabbia da stress'],['rabbia' 'rabbia da stress'],['O' 'O' 'B-' 'O' 'B-'],
2799,2F_21,clessidra,,tempo,clessidra,2799_2F_21,['clessidra' 'tempo'],['tempo'],['O' 'B-'],
1085,3C_5,"mestiere, lavoro, occupazione",per anziani,badante,,1085_3C_5,['mestiere' 'lavoro' 'occupazione' 'badante' 'badante per anziani'],['mestiere' 'lavoro' 'occupazione' 'badante' 'badante per anziani'],['B-' 'B-' 'B-' 'B-' 'B-'],per anziani|||badante per anziani___
1657,5D_8,"mammifero, animale, entità","pony, pony bianco",cavallo,,1657_5D_8,['mammifero' 'animale' 'entità' 'cavallo' 'pony' 'pony bianco'],['mammifero' 'animale' 'entità' 'cavallo' 'pony' 'pony bianco'],['B-' 'B-' 'B-' 'B-' 'B-' 'B-'],
1912,5B_8,,,medico,,1912_5B_8,[' medico'],[' medico'],['B-'],
457,5B_11,"emozione, sensazione, modo di essere, entità",,gioia,modo di essere,457_5B_11,['emozione' 'sensazione' 'modo di essere' 'entità' 'gioia'],['emozione' 'sensazione' 'entità' 'gioia'],['B-' 'B-' 'O' 'B-' 'B-'],
2154,2F_21,pensiero,cervello,mente,"pensiero, cervello",2154_2F_21,['pensiero' 'mente' 'cervello'],['mente'],['O' 'B-' 'O'],
2573,2E_16,"pensiero, ragionamento",,sogno,ragionamento,2573_2E_16,['pensiero' 'ragionamento' 'sogno'],['pensiero' 'sogno'],['B-' 'O' 'B-'],
2158,1G_12,"sentimento, emozione, ricordo, passato, cosa già passata, indietro",,paura,"emozione, ricordo, passato, cosa già passata, indietro",2158_1G_12,"['sentimento' 'emozione' 'ricordo' 'passato' 'cosa già passata' 'indietro'
 'paura']",['sentimento' 'paura'],['B-' 'O' 'O' 'O' 'O' 'O' 'B-'],
39,1G_4,"orologio, oggetto, elettroni",tempo perso,tempo,"orologio, oggetto, elettroni",39_1G_4,['orologio' 'oggetto' 'elettroni' 'tempo' 'tempo perso'],['tempo' 'tempo perso'],['O' 'O' 'O' 'B-' 'B-'],
495,3B_19,mezzo di trasporto,,automobile,,495_3B_19,['mezzo di trasporto' 'automobile'],['mezzo di trasporto' 'automobile'],['B-' 'B-'],
848,2E_16,"dolce, cibo, alimento, entità","cheesecake, alla fragola",torta,,848_2E_16,"['dolce' 'cibo' 'alimento' 'entità' 'torta' 'cheesecake'
 'cheesecake alla fragola']","['dolce' 'cibo' 'alimento' 'entità' 'torta' 'cheesecake'
 'cheesecake alla fragola']",['B-' 'B-' 'B-' 'B-' 'B-' 'B-' 'B-'],alla fragola|||cheesecake alla fragola___
2354,3C_20,cosa astratta,,mente,,2354_3C_20,['cosa astratta' 'mente'],['cosa astratta' 'mente'],['B-' 'B-'],
1738,5D_4,"felicità, correre, saltare",io quando non sono triste,libertà,"felicità, correre, saltare, io quando non sono triste",1738_5D_4,['felicità' 'correre' 'saltare' 'libertà' 'io quando non sono triste'],['libertà'],['O' 'O' 'O' 'B-' 'O'],
149,1G_12,"emozione, sentimento, personalità, persona, essere vivente",karma,rabbia,"sentimento, personalità, persona, essere vivente, karma",149_1G_12,"['emozione' 'sentimento' 'personalità' 'persona' 'essere vivente' 'rabbia'
 'karma']",['emozione' 'rabbia'],['B-' 'O' 'O' 'O' 'O' 'B-' 'O'],
2883,5D_1,,,tempo,,2883_5D_1,[' tempo'],[' tempo'],['B-'],
2847,3C_18,,,tempo,,2847_3C_18,[' tempo'],[' tempo'],['B-'],
2649,3C_14,"desiderio, vita",sport,sogno,"sport, desiderio, vita",2649_3C_14,['desiderio' 'vita' 'sogno' 'sport'],['sogno'],['O' 'O' 'B-' 'O'],
1650,3B_11,"libertà di voto, voto, conferma",,libertà,"libertà di voto, voto, conferma",1650_3B_11,['libertà di voto' 'voto' 'conferma' 'libertà'],['libertà'],['O' 'O' 'O' 'B-'],
1600,5D_3,"svago, libero",libertò di scegliere,libertà,"svago, libero",1600_5D_3,['svago' 'libero' 'libertà' 'libertò di scegliere'],['libertà' 'libertò di scegliere'],['O' 'O' 'B-' 'B-'],
1812,5D_21,"donna/uomo, persona, essere umano, essere vivente, entità","badante di anziani, badante di anziani italiana",badante,,1812_5D_21,"['donna/uomo' 'persona' 'essere umano' 'essere vivente' 'entità' 'badante'
 'badante di anziani' 'badante di anziani italiana']","['donna/uomo' 'persona' 'essere umano' 'essere vivente' 'entità' 'badante'
 'badante di anziani' 'badante di anziani italiana']",['B-' 'B-' 'B-' 'B-' 'B-' 'B-' 'B-' 'B-'],
1372,1D_3,"persona, essere vivente, anima",professione,insegnante,"anima, professione",1372_1D_3,['persona' 'essere vivente' 'anima' 'insegnante' 'professione'],['persona' 'essere vivente' 'insegnante'],['B-' 'B-' 'O' 'B-' 'O'],
1514,5B_18,"mestiere, persona","prof, maestra",insegnante,"persona, maestra",1514_5B_18,['mestiere' 'persona' 'insegnante' 'prof' 'maestra'],['mestiere' 'insegnante' 'prof'],['B-' 'O' 'B-' 'B-' 'O'],
810,1G_21,"animale, mammifero, essere vivente","pony, cavallo nero, equino",cavallo,"mammifero, cavallo nero, equino",810_1G_21,"['animale' 'mammifero' 'essere vivente' 'cavallo' 'pony' 'cavallo nero'
 'equino']",['animale' 'essere vivente' 'cavallo' 'pony'],['B-' 'O' 'B-' 'B-' 'B-' 'O' 'O'],
268,1G_22,"mestiere, lavoro, attività socialmente utile con ricompensa in denaro",chiropratico,medico,attività socialmente utile con ricompensa in denaro,268_1G_22,"['mestiere' 'lavoro' 'attività socialmente utile con ricompensa in denaro'
 'medico' 'chiropratico']",['mestiere' 'lavoro' 'medico' 'chiropratico'],['B-' 'B-' 'O' 'B-' 'B-'],
868,2F_6,"mammifero, animale","arabo, frisone, stallone",cavallo,"frisone, stallone",868_2F_6,['mammifero' 'animale' 'cavallo' 'arabo' 'frisone' 'stallone'],['mammifero' 'animale' 'cavallo' 'arabo'],['B-' 'B-' 'B-' 'B-' 'O' 'O'],
384,5B_7,"mezzo mobile, mezzo di trasporto, fonte di inquinamento","automobile pubblica, taxi, taxi gr",automobile,"mezzo mobile, fonte di inquinamento",384_5B_7,"['mezzo mobile' 'mezzo di trasporto' 'fonte di inquinamento' 'automobile'
 'automobile pubblica' 'taxi' 'taxi gr']",['mezzo di trasporto' 'automobile' 'automobile pubblica' 'taxi' 'taxi gr'],['O' 'B-' 'O' 'B-' 'B-' 'B-' 'B-'],
2230,3B_1,"emozione, sentimento, ragionamento","it, film, registrazione",paura,"sentimento, ragionamento, it, film, registrazione",2230_3B_1,"['emozione' 'sentimento' 'ragionamento' 'paura' 'it' 'film'
 'registrazione']",['emozione' 'paura'],['B-' 'O' 'O' 'B-' 'O' 'O' 'O'],
2636,3B_26,immaginazione,,sogno,,2636_3B_26,['immaginazione' 'sogno'],['immaginazione' 'sogno'],['B-' 'B-'],
2171,1G_3,"emozione, sentimento, amicizia","film horror, insicurezza",paura,"sentimento, amicizia, film horror, insicurezza",2171_1G_3,['emozione' 'sentimento' 'amicizia' 'paura' 'film horror' 'insicurezza'],['emozione' 'paura'],['B-' 'O' 'O' 'B-' 'O' 'O'],
949,5D_14,"mammifero, animale",pony,cavallo,,949_5D_14,['mammifero' 'animale' 'cavallo' 'pony'],['mammifero' 'animale' 'cavallo' 'pony'],['B-' 'B-' 'B-' 'B-'],
377,5B_6,sta nella nostra testa,"intellettuale, produttiva",mente,"sta nella nostra testa, produttiva",377_5B_6,['sta nella nostra testa' 'mente' 'intellettuale' 'produttiva'],['mente' 'intellettuale'],['O' 'B-' 'B-' 'O'],
1387,1D_11,"mammifero, animale, entità",grigio,cavallo,,1387_1D_11,['mammifero' 'animale' 'entità' 'cavallo' 'grigio'],['mammifero' 'animale' 'entità' 'cavallo' 'grigio'],['B-' 'B-' 'B-' 'B-' 'B-'],
2214,2F_19,mente,buio,paura,mente,2214_2F_19,['mente' 'paura' 'buio'],['paura' 'buio'],['O' 'B-' 'B-'],
839,2E_3,"mammifero, animale, essere vivente",bianco,cavallo,,839_2E_3,['mammifero' 'animale' 'essere vivente' 'cavallo' 'bianco'],['mammifero' 'animale' 'essere vivente' 'cavallo' 'bianco'],['B-' 'B-' 'B-' 'B-' 'B-'],
181,1G_16,"felicità, affetto, amore, abbraccio, felicità, gioi, emozione",emozion,gioia,"felicità, affetto, amore, abbraccio, felicità, gioi, emozion",181_1G_16,"['felicità' 'affetto' 'amore' 'abbraccio' 'felicità' 'gioi' 'emozione'
 'gioia' 'emozion']",['emozione' 'gioia'],['O' 'O' 'O' 'O' 'O' 'O' 'B-' 'B-' 'O'],
926,2E_20,lavoro,"salva la vita, ti cura",medico,"salva la vita, ti cura",926_2E_20,['lavoro' 'medico' 'salva la vita' 'ti cura'],['lavoro' 'medico'],['B-' 'B-' 'O' 'O'],
401,1D_22,"mezzo di trasporto, veicolo",ferrari,automobile,veicolo,401_1D_22,['mezzo di trasporto' 'veicolo' 'automobile' 'ferrari'],['mezzo di trasporto' 'automobile' 'ferrari'],['B-' 'O' 'B-' 'B-'],
445,5B_10,concetto astratto,euforia,affetto,euforia,445_5B_10,['concetto astratto' 'affetto' 'euforia'],['concetto astratto' 'affetto'],['B-' 'B-' 'O'],
1902,5B_18,"mestiere, hobby","oculista, psicologo, pediatra",medico,"hobby, psicologo, pediatra",1902_5B_18,['mestiere' 'hobby' 'medico' 'oculista' 'psicologo' 'pediatra'],['mestiere' 'medico' 'oculista'],['B-' 'O' 'B-' 'B-' 'O' 'O'],
149,5B_1,,amicizia,affetto,,149_5B_1,[' affetto' 'amicizia'],[' affetto' 'amicizia'],['B-' 'B-'],
2336,1D_19,"emozione, stato d'animo",,rabbia,stato d'animo,2336_1D_19,"['emozione' ""stato d'animo"" 'rabbia']",['emozione' 'rabbia'],['B-' 'O' 'B-'],
42,1G_4,emozione,,rabbia,,42_1G_4,['emozione' 'rabbia'],['emozione' 'rabbia'],['B-' 'B-'],
2086,3C_9,pensiero,intelligente,mente,pensiero,2086_3C_9,['pensiero' 'mente' 'intelligente'],['mente' 'intelligente'],['O' 'B-' 'B-'],
1424,1D_14,"lavoro, persona","badante materna, badante bambine",badante,"persona, badante materna, badante bambine",1424_1D_14,['lavoro' 'persona' 'badante' 'badante materna' 'badante bambine'],['lavoro' 'badante'],['B-' 'O' 'B-' 'O' 'O'],
1743,5D_9,,di culto,libertà,,1743_5D_9,[' libertà' ' libertà di culto'],[' libertà' ' libertà di culto'],['B-' 'B-'],di culto||| libertà di culto___
3067,5B_2,"cibo, fonte di energia",al cocco,torta,,3067_5B_2,['cibo' 'fonte di energia' 'torta' 'al cocco'],['cibo' 'fonte di energia' 'torta' 'al cocco'],['B-' 'B-' 'B-' 'B-'],
980,2E_24,"emozione, entità","felicità, eccitazione",gioia,"felicità, eccitazione",980_2E_24,['emozione' 'entità' 'gioia' 'felicità' 'eccitazione'],['emozione' 'entità' 'gioia'],['B-' 'B-' 'B-' 'O' 'O'],
2818,3B_15,"anno, decenni, millenni","giorno, ora, minuto, secondo",tempo,"anno, decenni, millenni, ora, minuto, secondo",2818_3B_15,['anno' 'decenni' 'millenni' 'tempo' 'giorno' 'ora' 'minuto' 'secondo'],['tempo' 'giorno'],['O' 'O' 'O' 'B-' 'B-' 'O' 'O' 'O'],
290,5B_1,"gioco, oggetto, entità","barbie, bambola, personaggio",giocattolo,"bambola, personaggio",290_5B_1,['gioco' 'oggetto' 'entità' 'giocattolo' 'barbie' 'bambola' 'personaggio'],['gioco' 'oggetto' 'entità' 'giocattolo' 'barbie'],['B-' 'B-' 'B-' 'B-' 'B-' 'O' 'O'],
1945,2F_6,lavoro,privato,autista,,1945_2F_6,['lavoro' 'autista' 'privato'],['lavoro' 'autista' 'privato'],['B-' 'B-' 'B-'],
1009,3C_1,,,libertà,,1009_3C_1,[' libertà'],[' libertà'],['B-'],
2776,2E_24,"ora, minuto, secondo",,tempo,"ora, minuto, secondo",2776_2E_24,['ora' 'minuto' 'secondo' 'tempo'],['tempo'],['O' 'O' 'O' 'B-'],
1183,1D_8,"felicità, emozione","sorridere, ricevere un regalo",gioia,"felicità, sorridere, ricevere un regalo",1183_1D_8,['felicità' 'emozione' 'gioia' 'sorridere' 'ricevere un regalo'],['emozione' 'gioia'],['O' 'B-' 'B-' 'O' 'O'],
95,2F_7,amore,,affetto,amore,95_2F_7,['amore' 'affetto'],['affetto'],['O' 'B-'],
2895,5D_20,inisofa,,tempo,inisofa,2895_5D_20,['inisofa' 'tempo'],['tempo'],['O' 'B-'],
2397,2E_9,"sentimento, un modo di essere","furia, depressione",rabbia,"un modo di essere, depressione",2397_2E_9,['sentimento' 'un modo di essere' 'rabbia' 'furia' 'depressione'],['sentimento' 'rabbia' 'furia'],['B-' 'O' 'B-' 'B-' 'O'],
2536,1D_3,desiderio,modo di pensare,sogno,"desiderio, modo di pensare",2536_1D_3,['desiderio' 'sogno' 'modo di pensare'],['sogno'],['O' 'B-' 'O'],
2195,2F_24,"oggetto, entità",macchinine,giocattolo,,2195_2F_24,['oggetto' 'entità' 'giocattolo' 'macchinine'],['oggetto' 'entità' 'giocattolo' 'macchinine'],['B-' 'B-' 'B-' 'B-'],
1118,5B_10,"oggetto, vizio",peluche,giocattolo,vizio,1118_5B_10,['oggetto' 'vizio' 'giocattolo' 'peluche'],['oggetto' 'giocattolo' 'peluche'],['B-' 'O' 'B-' 'B-'],
2206,2F_25,sensazione,gioia,libertà,gioia,2206_2F_25,['sensazione' 'libertà' 'gioia'],['sensazione' 'libertà'],['B-' 'B-' 'O'],
3057,5B_10,"dolce, cibo",al cioccolato,torta,,3057_5B_10,['dolce' 'cibo' 'torta' 'al cioccolato'],['dolce' 'cibo' 'torta' 'al cioccolato'],['B-' 'B-' 'B-' 'B-'],
1288,3C_11,reazione,lacrime,gioia,lacrime,1288_3C_11,['reazione' 'gioia' 'lacrime'],['reazione' 'gioia'],['B-' 'B-' 'O'],
2460,3C_19,"nervosismo, scleri",,rabbia,"nervosismo, scleri",2460_3C_19,['nervosismo' 'scleri' 'rabbia'],['rabbia'],['O' 'O' 'B-'],
1282,3B_6,"felicità, emozione, sentimento",,gioia,"felicità, sentimento",1282_3B_6,['felicità' 'emozione' 'sentimento' 'gioia'],['emozione' 'gioia'],['O' 'B-' 'O' 'B-'],
1057,2F_25,"oggetto, plastica","giocattolo a molla, bambola, macchina",giocattolo,"plastica, bambola, macchina",1057_2F_25,"['oggetto' 'plastica' 'giocattolo' 'giocattolo a molla' 'bambola'
 'macchina']",['oggetto' 'giocattolo' 'giocattolo a molla'],['B-' 'O' 'B-' 'B-' 'O' 'O'],
2300,5B_8,,,paura,,2300_5B_8,[' paura'],[' paura'],['B-'],
1008,1G_4,"oggetto, cosa",lego,giocattolo,,1008_1G_4,['oggetto' 'cosa' 'giocattolo' 'lego'],['oggetto' 'cosa' 'giocattolo' 'lego'],['B-' 'B-' 'B-' 'B-'],
184,1G_16,"tristezza, rabbia, sentimento",emozione,paura,"tristezza, rabbia, emozione",184_1G_16,['tristezza' 'rabbia' 'sentimento' 'paura' 'emozione'],['sentimento' 'paura'],['O' 'O' 'B-' 'B-' 'O'],
2837,3B_9,unità di misura,ora,tempo,,2837_3B_9,['unità di misura' 'tempo' 'ora'],['unità di misura' 'tempo' 'ora'],['B-' 'B-' 'B-'],
1840,5D_23,entità,,libertà,,1840_5D_23,['entità' 'libertà'],['entità' 'libertà'],['B-' 'B-'],
761,5D_2,"persona, mestiere",babysitter,badante,"mestiere, babysitter",761_5D_2,['persona' 'mestiere' 'badante' 'babysitter'],['persona' 'badante'],['B-' 'O' 'B-' 'O'],
821,2E_14,"organo, parte del corpo, materiale","cervello, cervello di scimmia, cervello di scimpanzè, cervello di scimpanzè adulto",mente,"organo, parte del corpo, materiale, cervello, cervello di scimmia, cervello di scimpanzè, cervello di scimpanzè adulto",821_2E_14,"['organo' 'parte del corpo' 'materiale' 'mente' 'cervello'
 'cervello di scimmia' 'cervello di scimpanzè'
 'cervello di scimpanzè adulto']",['mente'],['O' 'O' 'O' 'B-' 'O' 'O' 'O' 'O'],
1574,1G_10,"autogestione, solitudine","volare, gianni morandi, cantante",libertà,"autogestione, solitudine, volare, gianni morandi, cantante",1574_1G_10,"['autogestione' 'solitudine' 'libertà' 'volare' 'gianni morandi'
 'cantante']",['libertà'],['O' 'O' 'B-' 'O' 'O' 'O'],
35,1G_4,pensiero irrealizzabile,"incubo, sogno lucido",sogno,"pensiero irrealizzabile, sogno lucido",35_1G_4,['pensiero irrealizzabile' 'sogno' 'incubo' 'sogno lucido'],['sogno' 'incubo'],['O' 'B-' 'B-' 'O'],
2319,5D_3,"sentimento, emozione","emozione, aracnofobia",paura,"emozione, emozione",2319_5D_3,['sentimento' 'emozione' 'paura' 'emozione' 'aracnofobia'],['sentimento' 'paura' 'aracnofobia'],['B-' 'O' 'B-' 'O' 'B-'],
3086,5D_18,"dolce, alimento",miele,torta,,3086_5D_18,['dolce' 'alimento' 'torta' 'miele'],['dolce' 'alimento' 'torta' 'miele'],['B-' 'B-' 'B-' 'B-'],
1982,2F_10,"servizio, lavoro",dentista,medico,servizio,1982_2F_10,['servizio' 'lavoro' 'medico' 'dentista'],['lavoro' 'medico' 'dentista'],['O' 'B-' 'B-' 'B-'],
891,2E_18,"pensiero, stimolo, entità",,sogno,,891_2E_18,['pensiero' 'stimolo' 'entità' 'sogno'],['pensiero' 'stimolo' 'entità' 'sogno'],['B-' 'B-' 'B-' 'B-'],
1157,3C_10,oggetto,ferrari,automobile,,1157_3C_10,['oggetto' 'automobile' 'ferrari'],['oggetto' 'automobile' 'ferrari'],['B-' 'B-' 'B-'],
2441,3B_25,"sentimento, emozione",,rabbia,emozione,2441_3B_25,['sentimento' 'emozione' 'rabbia'],['sentimento' 'rabbia'],['B-' 'O' 'B-'],
1241,2F_16,"sensazione, felicità",,gioia,felicità,1241_2F_16,['sensazione' 'felicità' 'gioia'],['sensazione' 'gioia'],['B-' 'O' 'B-'],
2256,3C_1,"sentimento, emozione, stato d'animo","preoccupazione, tormento",paura,"emozione, stato d'animo, preoccupazione, tormento",2256_3C_1,"['sentimento' 'emozione' ""stato d'animo"" 'paura' 'preoccupazione'
 'tormento']",['sentimento' 'paura'],['B-' 'O' 'O' 'B-' 'O' 'O'],
1631,2F_18,"sentimento, emozione unica","espressione, parola",libertà,"sentimento, emozione unica",1631_2F_18,['sentimento' 'emozione unica' 'libertà' 'espressione' 'parola'],['libertà' 'espressione' 'parola'],['O' 'O' 'B-' 'B-' 'B-'],
657,2E_4,"diritto, dovere, cosa, entità",di parola,libertà,"dovere, cosa",657_2E_4,['diritto' 'dovere' 'cosa' 'entità' 'libertà' 'libertà di parola'],['diritto' 'entità' 'libertà' 'libertà di parola'],['B-' 'O' 'O' 'B-' 'B-' 'B-'],di parola|||libertà di parola___
1043,2F_12,"oggetto, artificiale","macchina, barbie",giocattolo,barbie,1043_2F_12,['oggetto' 'artificiale' 'giocattolo' 'macchina' 'barbie'],['oggetto' 'artificiale' 'giocattolo' 'macchina'],['B-' 'B-' 'B-' 'B-' 'O'],
1182,1D_7,"emozione, felicità",,gioia,felicità,1182_1D_7,['emozione' 'felicità' 'gioia'],['emozione' 'gioia'],['B-' 'O' 'B-'],
1889,2F_3,"amore, sentimento, emozione",abbraccio,affetto,"amore, emozione, abbraccio",1889_2F_3,['amore' 'sentimento' 'emozione' 'affetto' 'abbraccio'],['sentimento' 'affetto'],['O' 'B-' 'O' 'B-' 'O'],
2384,2E_20,"emozione, cattiveria",cattiveria,rabbia,"cattiveria, cattiveria",2384_2E_20,['emozione' 'cattiveria' 'rabbia' 'cattiveria'],['emozione' 'rabbia'],['B-' 'O' 'B-' 'O'],
1454,1D_15,"mestiere, professione, entità, lavoro","di matematica, di motoria, di religione",insegnante,"professione, di motoria, di religione, lavoro",1454_1D_15,"['mestiere' 'professione' 'entità' 'lavoro' 'insegnante'
 'insegnante di matematica' 'insegnante di motoria'
 'insegnante di religione']",['mestiere' 'entità' 'insegnante' 'insegnante di matematica'],['B-' 'O' 'B-' 'O' 'B-' 'B-' 'O' 'O'],di matematica|||insegnante di matematica___di motoria|||insegnante di motoria___di religione|||insegnante di religione___
975,2E_24,"cosa astratta, entità","ore, minuti, secondi",tempo,"minuti, secondi",975_2E_24,['cosa astratta' 'entità' 'tempo' 'ore' 'minuti' 'secondi'],['cosa astratta' 'entità' 'tempo' 'ore'],['B-' 'B-' 'B-' 'B-' 'O' 'O'],
1072,3C_5,"mezzo di locomozione, oggetto, solido",fiat,automobile,solido,1072_3C_5,['mezzo di locomozione' 'oggetto' 'solido' 'automobile' 'fiat'],['mezzo di locomozione' 'oggetto' 'automobile' 'fiat'],['B-' 'B-' 'O' 'B-' 'B-'],
1603,2E_16,sensazione,libertà di pensiero,libertà,,1603_2E_16,['sensazione' 'libertà' 'libertà di pensiero'],['sensazione' 'libertà' 'libertà di pensiero'],['B-' 'B-' 'B-'],
1546,5D_6,,italiano,insegnante,,1546_5D_6,[' insegnante' 'italiano'],[' insegnante' 'italiano'],['B-' 'B-'],
249,1G_21,"simonetto, persona, essere vivente, organismo",di casa,badante,"simonetto, organismo",249_1G_21,"['simonetto' 'persona' 'essere vivente' 'organismo' 'badante'
 'badante di casa']",['persona' 'essere vivente' 'badante' 'badante di casa'],['O' 'B-' 'B-' 'O' 'B-' 'B-'],di casa|||badante di casa___
1596,2E_1,"uscita, camminare, opinione, scelta",,libertà,"uscita, camminare, opinione, scelta",1596_2E_1,['uscita' 'camminare' 'opinione' 'scelta' 'libertà'],['libertà'],['O' 'O' 'O' 'O' 'B-'],
2392,3C_22,passatempo,"bambola, barbie",giocattolo,passatempo,2392_3C_22,['passatempo' 'giocattolo' 'bambola' 'barbie'],['giocattolo' 'bambola' 'barbie'],['O' 'B-' 'B-' 'B-'],
2456,3C_15,"emozione, stato d'animo","furioso, fuoco",rabbia,"stato d'animo, fuoco",2456_3C_15,"['emozione' ""stato d'animo"" 'rabbia' 'furioso' 'fuoco']",['emozione' 'rabbia' 'furioso'],['B-' 'O' 'B-' 'B-' 'O'],
1029,2E_23,"materia, oggetto","trenino di legno, bambole, digitale",giocattolo,"materia, bambole, digitale",1029_2E_23,['materia' 'oggetto' 'giocattolo' 'trenino di legno' 'bambole' 'digitale'],['oggetto' 'giocattolo' 'trenino di legno'],['O' 'B-' 'B-' 'B-' 'O' 'O'],
66,1G_6,"bussola, oggetto",bussola del tempo,tempo,"bussola, oggetto, bussola del tempo",66_1G_6,['bussola' 'oggetto' 'tempo' 'bussola del tempo'],['tempo'],['O' 'O' 'B-' 'O'],
1495,1D_18,"animale erbivoro, essere vivente, mammifero","baio, sauro, grigio",cavallo,"mammifero, sauro",1495_1D_18,"['animale erbivoro' 'essere vivente' 'mammifero' 'cavallo' 'baio' 'sauro'
 'grigio']",['animale erbivoro' 'essere vivente' 'cavallo' 'baio' 'grigio'],['B-' 'B-' 'O' 'B-' 'B-' 'O' 'B-'],
323,3C_15,"maggiorenne, adulto, persona, essere vivente",taxista,autista,,323_3C_15,['maggiorenne' 'adulto' 'persona' 'essere vivente' 'autista' 'taxista'],['maggiorenne' 'adulto' 'persona' 'essere vivente' 'autista' 'taxista'],['B-' 'B-' 'B-' 'B-' 'B-' 'B-'],
93,2F_5,,"amore, gioia",affetto,gioia,93_2F_5,[' affetto' 'amore' 'gioia'],[' affetto' 'amore'],['B-' 'B-' 'O'],
1858,5D_24,"persona, mammifero, essere vivente",,autista,,1858_5D_24,['persona' 'mammifero' 'essere vivente' 'autista'],['persona' 'mammifero' 'essere vivente' 'autista'],['B-' 'B-' 'B-' 'B-'],
1409,2E_16,"maestro, mestiere",di italiano,insegnante,maestro,1409_2E_16,['maestro' 'mestiere' 'insegnante' 'insegnante di italiano'],['mestiere' 'insegnante' 'insegnante di italiano'],['O' 'B-' 'B-' 'B-'],di italiano|||insegnante di italiano___
2018,2F_12,cervello,mente sviluppata,mente,cervello,2018_2F_12,['cervello' 'mente' 'mente sviluppata'],['mente' 'mente sviluppata'],['O' 'B-' 'B-'],
841,2E_5,"mammifero, animale, essere vivente",pony,cavallo,,841_2E_5,['mammifero' 'animale' 'essere vivente' 'cavallo' 'pony'],['mammifero' 'animale' 'essere vivente' 'cavallo' 'pony'],['B-' 'B-' 'B-' 'B-' 'B-'],
1560,1D_22,"emozione, sentimento, sensazione ",dell'altezza,paura,sentimento,1560_1D_22,"['emozione' 'sentimento' 'sensazione ' 'paura' ""dell'altezza""]","['emozione' 'sensazione ' 'paura' ""dell'altezza""]",['B-' 'O' 'B-' 'B-' 'B-'],
1360,1D_10,stato d'animo,affetto reciproco,affetto,,1360_1D_10,"[""stato d'animo"" 'affetto' 'affetto reciproco']","[""stato d'animo"" 'affetto' 'affetto reciproco']",['B-' 'B-' 'B-'],
2716,1D_11,"ora, antiche popolazioni, dopo cristo, a.C","pioggia, sole, neve",tempo,"ora, antiche popolazioni, dopo cristo, a.C, sole, neve",2716_1D_11,"['ora' 'antiche popolazioni' 'dopo cristo' 'a.C' 'tempo' 'pioggia' 'sole'
 'neve']",['tempo' 'pioggia'],['O' 'O' 'O' 'O' 'B-' 'B-' 'O' 'O'],
425,5B_9,"sensazione, pensiero, cosa astratta",,sogno,sensazione,425_5B_9,['sensazione' 'pensiero' 'cosa astratta' 'sogno'],['pensiero' 'cosa astratta' 'sogno'],['O' 'B-' 'B-' 'B-'],
988,2E_24,emozione,"aracnofobia, claustrofobia",paura,claustrofobia,988_2E_24,['emozione' 'paura' 'aracnofobia' 'claustrofobia'],['emozione' 'paura' 'aracnofobia'],['B-' 'B-' 'B-' 'O'],
440,2E_16,cosa che si muove,ferrari,automobile,cosa che si muove,440_2E_16,['cosa che si muove' 'automobile' 'ferrari'],['automobile' 'ferrari'],['O' 'B-' 'B-'],
1629,5D_5,"dolce, cibo, energia",alla frutta,torta,,1629_5D_5,['dolce' 'cibo' 'energia' 'torta' 'torta alla frutta'],['dolce' 'cibo' 'energia' 'torta' 'torta alla frutta'],['B-' 'B-' 'B-' 'B-' 'B-'],alla frutta|||torta alla frutta___
199,1G_18,"concetto astratto, cosa mentale, entità","tempo meteorologico, precipitazioni, pioggia",tempo ,,199_1G_18,"['concetto astratto' 'cosa mentale' 'entità' 'tempo '
 'tempo meteorologico' 'precipitazioni' 'pioggia']","['concetto astratto' 'cosa mentale' 'entità' 'tempo '
 'tempo meteorologico' 'precipitazioni' 'pioggia']",['B-' 'B-' 'B-' 'B-' 'B-' 'B-' 'B-'],
1394,1G_23,"lavoro, mestiere","di geografia, matematica, lettere",insegnante,"mestiere, matematica, lettere",1394_1G_23,"['lavoro' 'mestiere' 'insegnante' 'insegnante di geografia' 'matematica'
 'lettere']",['lavoro' 'insegnante' 'insegnante di geografia'],['B-' 'O' 'B-' 'B-' 'O' 'O'],di geografia|||insegnante di geografia___
643,2E_25,"persona, essere vivente","dogsitter, donna",badante,"dogsitter, donna",643_2E_25,['persona' 'essere vivente' 'badante' 'dogsitter' 'donna'],['persona' 'essere vivente' 'badante'],['B-' 'B-' 'B-' 'O' 'O'],
1901,5B_17,"mammifero, essere vivente","infermiere, curatore, di malattie",medico,"infermiere, curatore, di malattie",1901_5B_17,"['mammifero' 'essere vivente' 'medico' 'infermiere' 'curatore'
 'curatore di malattie']",['mammifero' 'essere vivente' 'medico'],['B-' 'B-' 'B-' 'O' 'O' 'O'],di malattie|||curatore di malattie___
2501,5D_14,sentimento,furia,rabbia,,2501_5D_14,['sentimento' 'rabbia' 'furia'],['sentimento' 'rabbia' 'furia'],['B-' 'B-' 'B-'],
81,2F_18,"sentimento, emozione",amore,affetto,emozione,81_2F_18,['sentimento' 'emozione' 'affetto' 'amore'],['sentimento' 'affetto' 'amore'],['B-' 'O' 'B-' 'B-'],
1816,5D_21,"sentimento, entità",,rabbia,,1816_5D_21,['sentimento' 'entità' 'rabbia'],['sentimento' 'entità' 'rabbia'],['B-' 'B-' 'B-'],
432,1G_9,"oggetto, che va veloce","lamborghini, mercedes, ferrari",automobile,"che va veloce, mercedes, ferrari",432_1G_9,['oggetto' 'che va veloce' 'automobile' 'lamborghini' 'mercedes' 'ferrari'],['oggetto' 'automobile' 'lamborghini'],['B-' 'O' 'B-' 'B-' 'O' 'O'],
1395,1G_3,,"italiano, scrittura, storia",insegnante,"scrittura, storia",1395_1G_3,[' insegnante' 'italiano' 'scrittura' 'storia'],[' insegnante' 'italiano'],['B-' 'B-' 'O' 'O'],
2360,1G_2,"emozione, sentimento, pensiero","furia, cash roxame",rabbia,"sentimento, pensiero, cash roxame",2360_1G_2,['emozione' 'sentimento' 'pensiero' 'rabbia' 'furia' 'cash roxame'],['emozione' 'rabbia' 'furia'],['B-' 'O' 'O' 'B-' 'B-' 'O'],
450,2E_25,mezzo di trasporto,"diesel, fiat",automobile,,450_2E_25,['mezzo di trasporto' 'automobile' 'diesel' 'fiat'],['mezzo di trasporto' 'automobile' 'diesel' 'fiat'],['B-' 'B-' 'B-' 'B-'],
24,1G_3,"mezzo di trasporto, cosa, insieme di atomi",gialla,automobile,insieme di atomi,24_1G_3,['mezzo di trasporto' 'cosa' 'insieme di atomi' 'automobile' 'gialla'],['mezzo di trasporto' 'cosa' 'automobile' 'gialla'],['B-' 'B-' 'O' 'B-' 'B-'],
314,5B_2,cosa,,mente,cosa,314_5B_2,['cosa' 'mente'],['mente'],['O' 'B-'],
1565,1D_23,"condizione, concedere, permesso, simbolo di fiducia",libertà condizionata,libertà,"concedere, permesso, simbolo di fiducia",1565_1D_23,"['condizione' 'concedere' 'permesso' 'simbolo di fiducia' 'libertà'
 'libertà condizionata']",['condizione' 'libertà' 'libertà condizionata'],['B-' 'O' 'O' 'O' 'B-' 'B-'],
239,1G_20,"risorsa, entità",,tempo,risorsa,239_1G_20,['risorsa' 'entità' 'tempo'],['entità' 'tempo'],['O' 'B-' 'B-'],
722,3C_3,lavoro,"anziano, vecchio",badante,vecchio,722_3C_3,['lavoro' 'badante' 'anziano' 'vecchio'],['lavoro' 'badante' 'anziano'],['B-' 'B-' 'B-' 'O'],
1147,5D_18,"produzione, fabbrica",hotweels,giocattolo,"produzione, fabbrica",1147_5D_18,['produzione' 'fabbrica' 'giocattolo' 'hotweels'],['giocattolo' 'hotweels'],['O' 'O' 'B-' 'B-'],
1421,2E_3,,,insegnante,,1421_2E_3,[' insegnante'],[' insegnante'],['B-'],
1529,1D_20,"cibo, alimento",alla crema,torta,,1529_1D_20,['cibo' 'alimento' 'torta' 'torta alla crema'],['cibo' 'alimento' 'torta' 'torta alla crema'],['B-' 'B-' 'B-' 'B-'],alla crema|||torta alla crema___
2779,2E_3,"oggetto, accessorio",orologio,tempo,"oggetto, accessorio, orologio",2779_2E_3,['oggetto' 'accessorio' 'tempo' 'orologio'],['tempo'],['O' 'O' 'B-' 'O'],
105,3B_16,sensazione,animale,affetto,animale,105_3B_16,['sensazione' 'affetto' 'animale'],['sensazione' 'affetto'],['B-' 'B-' 'O'],
2315,5D_21,emozione,del buio,paura,,2315_5D_21,['emozione' 'paura' 'paura del buio'],['emozione' 'paura' 'paura del buio'],['B-' 'B-' 'B-'],del buio|||paura del buio___
1438,1D_14,"mezzo di trasporto, modo per muoversi",bugatti,automobile,modo per muoversi,1438_1D_14,['mezzo di trasporto' 'modo per muoversi' 'automobile' 'bugatti'],['mezzo di trasporto' 'automobile' 'bugatti'],['B-' 'O' 'B-' 'B-'],
979,1D_2,oggetto per bambini,macchinine,giocattolo,,979_1D_2,['oggetto per bambini' 'giocattolo' 'macchinine'],['oggetto per bambini' 'giocattolo' 'macchinine'],['B-' 'B-' 'B-'],
1335,1D_8,"emozione, stato d'animo, cosa astratta, non esistente",entusiasmo,gioia,"stato d'animo, non esistente, entusiasmo",1335_1D_8,"['emozione' ""stato d'animo"" 'cosa astratta' 'non esistente' 'gioia'
 'entusiasmo']",['emozione' 'cosa astratta' 'gioia'],['B-' 'O' 'B-' 'O' 'B-' 'O'],
1957,2F_7,,uscire di scuola,libertà,uscire di scuola,1957_2F_7,[' libertà' 'uscire di scuola'],[' libertà'],['B-' 'O'],
375,5B_6,"emozione, sentimento","felicità, cosa che si studia",gioia,"sentimento, felicità, cosa che si studia",375_5B_6,['emozione' 'sentimento' 'gioia' 'felicità' 'cosa che si studia'],['emozione' 'gioia'],['B-' 'O' 'B-' 'O' 'O'],
1521,1D_20,"emozione, cosa astratta",quando uno ti picchia,rabbia,quando uno ti picchia,1521_1D_20,['emozione' 'cosa astratta' 'rabbia' 'quando uno ti picchia'],['emozione' 'cosa astratta' 'rabbia'],['B-' 'B-' 'B-' 'O'],
2238,3B_17,sensazione,angoscia,paura,angoscia,2238_3B_17,['sensazione' 'paura' 'angoscia'],['sensazione' 'paura'],['B-' 'B-' 'O'],
784,2E_12,"emozione, stato d'animo, entità astratta",aracnofobia ,paura,stato d'animo,784_2E_12,"['emozione' ""stato d'animo"" 'entità astratta' 'paura' 'aracnofobia']",['emozione' 'entità astratta' 'paura' 'aracnofobia'],['B-' 'O' 'B-' 'B-' 'B-'],
733,5B_13,"persona, umano","ammalati, raffreddore",badante,"ammalati, raffreddore",733_5B_13,['persona' 'umano' 'badante' 'ammalati' 'raffreddore'],['persona' 'umano' 'badante'],['B-' 'B-' 'B-' 'O' 'O'],
5,1D_14,emozione,,affetto,,5_1D_14,['emozione' 'affetto'],['emozione' 'affetto'],['B-' 'B-'],
1622,2F_1,,,libertà,,1622_2F_1,[' libertà'],[' libertà'],['B-'],
404,5B_8,"cosa astratta, cosa inventata dall'uomo",libertà di pensiero,libertà,cosa inventata dall'uomo,404_5B_8,"['cosa astratta' ""cosa inventata dall'uomo"" 'libertà'
 'libertà di pensiero']",['cosa astratta' 'libertà' 'libertà di pensiero'],['B-' 'O' 'B-' 'B-'],
442,2E_18,"veicolo, oggetto","ferrari, suv, purosangue",automobile,"suv, purosangue",442_2E_18,['veicolo' 'oggetto' 'automobile' 'ferrari' 'suv' 'purosangue'],['veicolo' 'oggetto' 'automobile' 'ferrari'],['B-' 'B-' 'B-' 'B-' 'O' 'O'],
2349,3C_19,"oggetto, cosa",,giocattolo,,2349_3C_19,['oggetto' 'cosa' 'giocattolo'],['oggetto' 'cosa' 'giocattolo'],['B-' 'B-' 'B-'],
862,2F_24,"mammifero, animale, essere vivente",,cavallo,,862_2F_24,['mammifero' 'animale' 'essere vivente' 'cavallo'],['mammifero' 'animale' 'essere vivente' 'cavallo'],['B-' 'B-' 'B-' 'B-'],
2352,3C_20,emozione,,rabbia,,2352_3C_20,['emozione' 'rabbia'],['emozione' 'rabbia'],['B-' 'B-'],
1384,1G_14,"professore, professione, lavoro",spiegazioni,insegnante,"professore, spiegazioni",1384_1G_14,['professore' 'professione' 'lavoro' 'insegnante' 'spiegazioni'],['professione' 'lavoro' 'insegnante'],['O' 'B-' 'B-' 'B-' 'O'],
2320,3C_18,"sentimento, emozione",,rabbia,emozione,2320_3C_18,['sentimento' 'emozione' 'rabbia'],['sentimento' 'rabbia'],['B-' 'O' 'B-'],
347,5B_4,"felicità, emozione, cosa, entità",,gioia,"felicità, cosa",347_5B_4,['felicità' 'emozione' 'cosa' 'entità' 'gioia'],['emozione' 'entità' 'gioia'],['O' 'B-' 'O' 'B-' 'B-'],
86,1G_7,"persona, essere vivente",taxi,autista,,86_1G_7,['persona' 'essere vivente' 'autista' 'taxi'],['persona' 'essere vivente' 'autista' 'taxi'],['B-' 'B-' 'B-' 'B-'],
1195,1G_19,"nome, per riconoscersi",,gioia,per riconoscersi,1195_1G_19,['nome' 'nome per riconoscersi' 'gioia'],['nome' 'gioia'],['B-' 'O' 'B-'],per riconoscersi|||nome per riconoscersi___
1847,5D_23,entità,di italiano,insegnante,,1847_5D_23,['entità' 'insegnante' 'insegnante di italiano'],['entità' 'insegnante' 'insegnante di italiano'],['B-' 'B-' 'B-'],di italiano|||insegnante di italiano___
301,3B_19,"lavoratore, persona",toyota,autista,toyota,301_3B_19,['lavoratore' 'persona' 'autista' 'toyota'],['lavoratore' 'persona' 'autista'],['B-' 'B-' 'B-' 'O'],
587,5B_19,concetto astratto,avere tanti libri,sogno,avere tanti libri,587_5B_19,['concetto astratto' 'sogno' 'avere tanti libri'],['concetto astratto' 'sogno'],['B-' 'B-' 'O'],
1627,2F_14,sensazione,libertà di parola,libertà,,1627_2F_14,['sensazione' 'libertà' 'libertà di parola'],['sensazione' 'libertà' 'libertà di parola'],['B-' 'B-' 'B-'],
1736,5D_24,,libertà dai compiti,libertà,libertà dai compiti,1736_5D_24,[' libertà' 'libertà dai compiti'],[' libertà'],['B-' 'O'],
2036,3B_1,"organo, parte del corpo",cervelletto,mente,"organo, parte del corpo, cervelletto",2036_3B_1,['organo' 'parte del corpo' 'mente' 'cervelletto'],['mente'],['O' 'O' 'B-' 'O'],
1059,3C_4,"alimento fatto di più alimento, alimento/cibo, oggetto consumabile, oggetto, entità",sacher,torta,,1059_3C_4,"['alimento fatto di più alimento' 'alimento/cibo' 'oggetto consumabile'
 'oggetto' 'entità' 'torta' 'sacher']","['alimento fatto di più alimento' 'alimento/cibo' 'oggetto consumabile'
 'oggetto' 'entità' 'torta' 'sacher']",['B-' 'B-' 'B-' 'B-' 'B-' 'B-' 'B-'],
1533,5D_16,"persona, animale, mammifero, essere vivente","matematica, italiano, inglese",insegnante,"mammifero, italiano, inglese",1533_5D_16,"['persona' 'animale' 'mammifero' 'essere vivente' 'insegnante'
 'matematica' 'italiano' 'inglese']",['persona' 'animale' 'essere vivente' 'insegnante' 'matematica'],['B-' 'B-' 'O' 'B-' 'B-' 'B-' 'O' 'O'],
719,3C_23,"essere vivente, animale",,badante,animale,719_3C_23,['essere vivente' 'animale' 'badante'],['essere vivente' 'badante'],['B-' 'O' 'B-'],
1624,2F_11,,,libertà,,1624_2F_11,[' libertà'],[' libertà'],['B-'],
2241,2F_27,sentimento,di esprimersi,libertà,sentimento,2241_2F_27,['sentimento' 'libertà' 'libertà di esprimersi'],['libertà' 'libertà di esprimersi'],['O' 'B-' 'B-'],di esprimersi|||libertà di esprimersi___
999,1G_17,divertimento,"ciuccio, bambino, cinta",giocattolo,"divertimento, ciuccio, bambino, cinta",999_1G_17,['divertimento' 'giocattolo' 'ciuccio' 'bambino' 'cinta'],['giocattolo'],['O' 'B-' 'O' 'O' 'O'],
1500,3C_5,"persona, umano, essere vivente, terrestre",intelligente,insegnante,intelligente,1500_3C_5,"['persona' 'umano' 'essere vivente' 'terrestre' 'insegnante'
 'intelligente']",['persona' 'umano' 'essere vivente' 'terrestre' 'insegnante'],['B-' 'B-' 'B-' 'B-' 'B-' 'O'],
1509,5B_13,"persona, umano","maestra, silvia",insegnante,,1509_5B_13,['persona' 'umano' 'insegnante' 'maestra' 'silvia'],['persona' 'umano' 'insegnante' 'maestra' 'silvia'],['B-' 'B-' 'B-' 'B-' 'B-'],
2378,2E_15,"emozione, sentimento, cervello umano, picchiare",,rabbia,"sentimento, cervello umano, picchiare",2378_2E_15,['emozione' 'sentimento' 'cervello umano' 'picchiare' 'rabbia'],['emozione' 'rabbia'],['B-' 'O' 'O' 'O' 'B-'],
279,2F_22,"persona, essere vivente",taxista,autista,,279_2F_22,['persona' 'essere vivente' 'autista' 'taxista'],['persona' 'essere vivente' 'autista' 'taxista'],['B-' 'B-' 'B-' 'B-'],
277,2F_20,,"camionista, capotreno",autista,capotreno,277_2F_20,[' autista' 'camionista' 'capotreno'],[' autista' 'camionista'],['B-' 'B-' 'O'],
1345,1D_9,cosa astratta,"di vivere, di sognare",libertà,di sognare,1345_1D_9,['cosa astratta' 'libertà' 'libertà di vivere' 'libertà di sognare'],['cosa astratta' 'libertà' 'libertà di vivere'],['B-' 'B-' 'B-' 'O'],di vivere|||libertà di vivere___di sognare|||libertà di sognare___
2419,3C_24,"sentimento, emozione negativa","forte, impulsiva",rabbia,"emozione negativa, forte",2419_3C_24,['sentimento' 'emozione negativa' 'rabbia' 'forte' 'impulsiva'],['sentimento' 'rabbia' 'impulsiva'],['B-' 'O' 'B-' 'O' 'B-'],
2207,2F_25,"persona, essere vivente, entità",lavoro,autista,lavoro,2207_2F_25,['persona' 'essere vivente' 'entità' 'autista' 'lavoro'],['persona' 'essere vivente' 'entità' 'autista'],['B-' 'B-' 'B-' 'B-' 'O'],
65,2E_3,"sentimento, emozione",amore,affetto,emozione,65_2E_3,['sentimento' 'emozione' 'affetto' 'amore'],['sentimento' 'affetto' 'amore'],['B-' 'O' 'B-' 'B-'],
49,2E_12,"azione, emozione","affetto materno, protezione",affetto,"azione, protezione",49_2E_12,['azione' 'emozione' 'affetto' 'affetto materno' 'protezione'],['emozione' 'affetto' 'affetto materno'],['O' 'B-' 'B-' 'B-' 'O'],
763,2E_10,"emozione, sentimento",paura del buio,paura,sentimento ,763_2E_10,['emozione' 'sentimento' 'paura' 'paura del buio'],['emozione' 'sentimento' 'paura' 'paura del buio'],['B-' 'B-' 'B-' 'B-'],
1406,1D_12,"oggetto, essere non vivente, entità",ferrari,automobile,,1406_1D_12,['oggetto' 'essere non vivente' 'entità' 'automobile' 'ferrari'],['oggetto' 'essere non vivente' 'entità' 'automobile' 'ferrari'],['B-' 'B-' 'B-' 'B-' 'B-'],
1685,5D_11,"emozione, entità",,rabbia,,1685_5D_11,['emozione' 'entità' 'rabbia'],['emozione' 'entità' 'rabbia'],['B-' 'B-' 'B-'],
1662,3B_22,emozione,,libertà,emozione,1662_3B_22,['emozione' 'libertà'],['libertà'],['O' 'B-'],
2226,2F_6,"emozione, mostri",fifone,paura,"mostri, fifone",2226_2F_6,['emozione' 'mostri' 'paura' 'fifone'],['emozione' 'paura'],['B-' 'O' 'B-' 'O'],
1530,1D_20,mezzo di trasporto,ferrari,automobile,,1530_1D_20,['mezzo di trasporto' 'automobile' 'ferrari'],['mezzo di trasporto' 'automobile' 'ferrari'],['B-' 'B-' 'B-'],
2166,1G_2,"emozione, sensazione",,paura,,2166_1G_2,['emozione' 'sensazione' 'paura'],['emozione' 'sensazione' 'paura'],['B-' 'B-' 'B-'],
2421,2F_7,sentimento,emozione,rabbia,emozione,2421_2F_7,['sentimento' 'rabbia' 'emozione'],['sentimento' 'rabbia'],['B-' 'B-' 'O'],
2870,5B_17,clima atmosferico,"nuvoloso, piovoso, nevoso",tempo,"piovoso, nevoso",2870_5B_17,['clima atmosferico' 'tempo' 'nuvoloso' 'piovoso' 'nevoso'],['clima atmosferico' 'tempo' 'nuvoloso'],['B-' 'B-' 'B-' 'O' 'O'],
670,2F_26,"persona, anziane, accudire",babysitter,badante,"anziane, accudire, babysitter",670_2F_26,['persona' 'anziane' 'accudire' 'badante' 'babysitter'],['persona' 'badante'],['B-' 'O' 'O' 'B-' 'O'],
1731,5D_14,"oggetto, essere non vivente",macchinina,giocattolo,,1731_5D_14,['oggetto' 'essere non vivente' 'giocattolo' 'macchinina'],['oggetto' 'essere non vivente' 'giocattolo' 'macchinina'],['B-' 'B-' 'B-' 'B-'],
1525,5B_9,"persona, essere vivente",ascolto,insegnante,ascolto,1525_5B_9,['persona' 'essere vivente' 'insegnante' 'ascolto'],['persona' 'essere vivente' 'insegnante'],['B-' 'B-' 'B-' 'O'],
1038,3C_2,malattia,"malattia mortale, malattia mortale curabile",rabbia,"malattia mortale, malattia mortale curabile",1038_3C_2,['malattia' 'rabbia' 'malattia mortale' 'malattia mortale curabile'],['malattia' 'rabbia'],['B-' 'B-' 'O' 'O'],
1659,3B_2,dovere,,libertà,dovere,1659_3B_2,['dovere' 'libertà'],['libertà'],['O' 'B-'],
501,5B_14,"persona, essere vivente",taxista ,autista,,501_5B_14,['persona' 'essere vivente' 'autista' 'taxista'],['persona' 'essere vivente' 'autista' 'taxista'],['B-' 'B-' 'B-' 'B-'],
1163,3C_10,sensazione,affetto paterno,affetto,,1163_3C_10,['sensazione' 'affetto' 'affetto paterno'],['sensazione' 'affetto' 'affetto paterno'],['B-' 'B-' 'B-'],
48,1G_5,"dottore, entità vivente, organismo pluricellulare",chirurgo,medico,"dottore, organismo pluricellulare",48_1G_5,['dottore' 'entità vivente' 'organismo pluricellulare' 'medico' 'chirurgo'],['entità vivente' 'medico' 'chirurgo'],['O' 'B-' 'O' 'B-' 'B-'],
2362,1G_21,"sfogo, sentimento",agitazione,rabbia,"sfogo, agitazione",2362_1G_21,['sfogo' 'sentimento' 'rabbia' 'agitazione'],['sentimento' 'rabbia'],['O' 'B-' 'B-' 'O'],
2345,1D_6,"emozione, mente, cervello, organi, corpo, essere vivente","broncio, urlare",rabbia,"mente, cervello, organi, corpo, essere vivente, broncio, urlare",2345_1D_6,"['emozione' 'mente' 'cervello' 'organi' 'corpo' 'essere vivente' 'rabbia'
 'broncio' 'urlare']",['emozione' 'rabbia'],['B-' 'O' 'O' 'O' 'O' 'O' 'B-' 'O' 'O'],
1527,5D_10,persona,,insegnante,,1527_5D_10,['persona' 'insegnante'],['persona' 'insegnante'],['B-' 'B-'],
1486,1D_17,"persona, mammifero, vertebrato, organismo pluricellulare, essere vivente, entità",di matematica,insegnante,,1486_1D_17,"['persona' 'mammifero' 'vertebrato' 'organismo pluricellulare'
 'essere vivente' 'entità' 'insegnante' 'insegnante di matematica']","['persona' 'mammifero' 'vertebrato' 'organismo pluricellulare'
 'essere vivente' 'entità' 'insegnante' 'insegnante di matematica']",['B-' 'B-' 'B-' 'B-' 'B-' 'B-' 'B-' 'B-'],di matematica|||insegnante di matematica___
692,2E_6,"sensazione, cosa astratta, entità",di parola,libertà,,692_2E_6,['sensazione' 'cosa astratta' 'entità' 'libertà' 'libertà di parola'],['sensazione' 'cosa astratta' 'entità' 'libertà' 'libertà di parola'],['B-' 'B-' 'B-' 'B-' 'B-'],di parola|||libertà di parola___
809,2E_13,,,giocattolo,,809_2E_13,[' giocattolo'],[' giocattolo'],['B-'],
1637,5D_6,animale,cavallo bianco,cavallo,,1637_5D_6,['animale' 'cavallo' 'cavallo bianco'],['animale' 'cavallo' 'cavallo bianco'],['B-' 'B-' 'B-'],
1286,1D_5,"equino, quadrupede, mammifero, vertebrato, essere pluricellulare, essere vivente, entità",sauro,cavallo,,1286_1D_5,"['equino' 'quadrupede' 'mammifero' 'vertebrato' 'essere pluricellulare'
 'essere vivente' 'entità' 'cavallo' 'sauro']","['equino' 'quadrupede' 'mammifero' 'vertebrato' 'essere pluricellulare'
 'essere vivente' 'entità' 'cavallo' 'sauro']",['B-' 'B-' 'B-' 'B-' 'B-' 'B-' 'B-' 'B-' 'B-'],
2666,3C_7,fantasia,,sogno,,2666_3C_7,['fantasia' 'sogno'],['fantasia' 'sogno'],['B-' 'B-'],
2828,3B_24,,,tempo,,2828_3B_24,[' tempo'],[' tempo'],['B-'],
2261,3C_14,sentimento,"di esprimersi, aprirmi, fallire",paura,"aprirmi, fallire",2261_3C_14,['sentimento' 'paura' 'paura di esprimersi' 'aprirmi' 'fallire'],['sentimento' 'paura' 'paura di esprimersi'],['B-' 'B-' 'B-' 'O' 'O'],di esprimersi|||paura di esprimersi___
3028,3B_7,"dolce, cibo, alimento, energia","al cioccolato, panna, crostata",torta,"panna, crostata",3028_3B_7,"['dolce' 'cibo' 'alimento' 'energia' 'torta' 'al cioccolato' 'panna'
 'crostata']",['dolce' 'cibo' 'alimento' 'energia' 'torta' 'al cioccolato'],['B-' 'B-' 'B-' 'B-' 'B-' 'B-' 'O' 'O'],
556,5D_1,"veicolo, oggetto",camion,automobile,camion,556_5D_1,['veicolo' 'oggetto' 'automobile' 'camion'],['veicolo' 'oggetto' 'automobile'],['B-' 'B-' 'B-' 'O'],
1059,2F_3,"gioco, soldi, divertimento, bambini, oggetto","lego, mobile, tecnologico",giocattolo,"divertimento, soldi, bambini, tecnologico",1059_2F_3,"['gioco' 'soldi' 'divertimento' 'bambini' 'oggetto' 'giocattolo' 'lego'
 'mobile' 'tecnologico']",['gioco' 'oggetto' 'giocattolo' 'lego' 'mobile'],['B-' 'O' 'O' 'O' 'B-' 'B-' 'B-' 'B-' 'O'],
1082,3B_24,oggetto,trenino,giocattolo,,1082_3B_24,['oggetto' 'giocattolo' 'trenino'],['oggetto' 'giocattolo' 'trenino'],['B-' 'B-' 'B-'],
1816,2F_1,"lavoro, persona, essere vivente",,medico,"persona, essere vivente",1816_2F_1,['lavoro' 'persona' 'essere vivente' 'medico'],['lavoro' 'medico'],['B-' 'O' 'O' 'B-'],
1531,1D_20,cosa astratta,andarsene dalla prigione,libertà,andarsene dalla prigione,1531_1D_20,['cosa astratta' 'libertà' 'andarsene dalla prigione'],['cosa astratta' 'libertà'],['B-' 'B-' 'O'],
1297,3C_2,"felicità, stato d'animo, emozione, insieme di sensazioni",,gioia,"felicità, emozione",1297_3C_2,"['felicità' ""stato d'animo"" 'emozione' 'insieme di sensazioni' 'gioia']","[""stato d'animo"" 'insieme di sensazioni' 'gioia']",['O' 'B-' 'O' 'B-' 'B-'],
1040,2F_1,,"pupazzo, orsetto",giocattolo,,1040_2F_1,[' giocattolo' 'pupazzo' 'orsetto'],[' giocattolo' 'pupazzo' 'orsetto'],['B-' 'B-' 'B-'],
1824,5D_22,"gioco, divertimento, oggetto","bambola, macchinina, lego",giocattolo,"divertimento, macchinina, lego",1824_5D_22,"['gioco' 'divertimento' 'oggetto' 'giocattolo' 'bambola' 'macchinina'
 'lego']",['gioco' 'oggetto' 'giocattolo' 'bambola'],['B-' 'O' 'B-' 'B-' 'B-' 'O' 'O'],
2670,5B_10,fantasia,incubo,sogno,,2670_5B_10,['fantasia' 'sogno' 'incubo'],['fantasia' 'sogno' 'incubo'],['B-' 'B-' 'B-'],
2157,2F_21,"immaginazione, mente",festa,sogno,"mente, festa",2157_2F_21,['immaginazione' 'mente' 'sogno' 'festa'],['immaginazione' 'sogno'],['B-' 'O' 'B-' 'O'],
2500,5D_13,,,rabbia,,2500_5D_13,[' rabbia'],[' rabbia'],['B-'],
2009,2F_11,"mestiere, occupazione",badante degli anziani,badante,,2009_2F_11,['mestiere' 'occupazione' 'badante' 'badante degli anziani'],['mestiere' 'occupazione' 'badante' 'badante degli anziani'],['B-' 'B-' 'B-' 'B-'],
529,3C_3,"mezzo, oggetto","formula 1, ferrari",automobile,,529_3C_3,['mezzo' 'oggetto' 'automobile' 'formula 1' 'ferrari'],['mezzo' 'oggetto' 'automobile' 'formula 1' 'ferrari'],['B-' 'B-' 'B-' 'B-' 'B-'],
753,5D_12,"mestiere, persona",babysitter,badante,"persona, babysitter",753_5D_12,['mestiere' 'persona' 'badante' 'babysitter'],['mestiere' 'badante'],['B-' 'O' 'B-' 'O'],
1991,2F_10,"emozione, pensiero",,gioia,pensiero,1991_2F_10,['emozione' 'pensiero' 'gioia'],['emozione' 'gioia'],['B-' 'O' 'B-'],
1220,2E_20,"felicità, tristezza",felicità,gioia,"felicità, tristezza, felicità",1220_2E_20,['felicità' 'tristezza' 'gioia' 'felicità'],['gioia'],['O' 'O' 'B-' 'O'],
1282,1D_5,"lavoratore, persona, mammifero, onnivoro, vertebrato, essere pluricellulare, essere vivente, entità",camionista,autista,,1282_1D_5,"['lavoratore' 'persona' 'mammifero' 'onnivoro' 'vertebrato'
 'essere pluricellulare' 'essere vivente' 'entità' 'autista' 'camionista']","['lavoratore' 'persona' 'mammifero' 'onnivoro' 'vertebrato'
 'essere pluricellulare' 'essere vivente' 'entità' 'autista' 'camionista']",['B-' 'B-' 'B-' 'B-' 'B-' 'B-' 'B-' 'B-' 'B-' 'B-'],
1310,1D_6,"lavoratore, persona, essere vivente",babysitter,badante,babysitter,1310_1D_6,['lavoratore' 'persona' 'essere vivente' 'badante' 'babysitter'],['lavoratore' 'persona' 'essere vivente' 'badante'],['B-' 'B-' 'B-' 'B-' 'O'],
333,3C_24,"persona, essere vivente","camion, macchina, treno",autista,"macchina, treno",333_3C_24,['persona' 'essere vivente' 'autista' 'camion' 'macchina' 'treno'],['persona' 'essere vivente' 'autista' 'camion'],['B-' 'B-' 'B-' 'B-' 'O' 'O'],
182,5D_20,sentimento,amore,affetto,,182_5D_20,['sentimento' 'affetto' 'amore'],['sentimento' 'affetto' 'amore'],['B-' 'B-' 'B-'],
490,5B_13,essere umano,dentista,medico,,490_5B_13,['essere umano' 'medico' 'dentista'],['essere umano' 'medico' 'dentista'],['B-' 'B-' 'B-'],
1683,5D_11,"mestiere, essere vivente, entità",anziani,badante,essere vivente,1683_5D_11,['mestiere' 'essere vivente' 'entità' 'badante' 'anziani'],['mestiere' 'entità' 'badante' 'anziani'],['B-' 'O' 'B-' 'B-' 'B-'],
1037,3C_2,"alimento, cibo, elemento commestibile, composizioni chimiche, agglomerato di molecole, composto di atomi","torta dolce, torta dolce al cioccolato, torta dolce al cioccolato bianco",torta,"composizioni chimiche, agglomerato di molecole, composto di atomi",1037_3C_2,"['alimento' 'cibo' 'elemento commestibile' 'composizioni chimiche'
 'agglomerato di molecole' 'composto di atomi' 'torta' 'torta dolce'
 'torta dolce al cioccolato' 'torta dolce al cioccolato bianco']","['alimento' 'cibo' 'elemento commestibile' 'torta' 'torta dolce'
 'torta dolce al cioccolato' 'torta dolce al cioccolato bianco']",['B-' 'B-' 'B-' 'O' 'O' 'O' 'B-' 'B-' 'B-' 'B-'],
506,5B_14,"emozione, cosa astratta",buio,paura,,506_5B_14,['emozione' 'cosa astratta' 'paura' 'buio'],['emozione' 'cosa astratta' 'paura' 'buio'],['B-' 'B-' 'B-' 'B-'],
1271,1D_4,spazio chiuso,cervello,mente,"spazio chiuso, cervello",1271_1D_4,['spazio chiuso' 'mente' 'cervello'],['mente'],['O' 'B-' 'O'],
676,2F_8,"essere vivente, persona, mammifero","mamma, sorella, nonno",badante,"persona, mammifero, mamma, sorella",676_2F_8,"['essere vivente' 'persona' 'mammifero' 'badante' 'mamma' 'sorella'
 'nonno']",['essere vivente' 'badante' 'nonno'],['B-' 'O' 'O' 'B-' 'O' 'O' 'B-'],
275,1G_23,"concetto astratto, concetto",sana,mente,,275_1G_23,['concetto astratto' 'concetto' 'mente' 'sana'],['concetto astratto' 'concetto' 'mente' 'sana'],['B-' 'B-' 'B-' 'B-'],
1138,5D_1,"gioco, oggetto",macchina,giocattolo,,1138_5D_1,['gioco' 'oggetto' 'giocattolo' 'macchina'],['gioco' 'oggetto' 'giocattolo' 'macchina'],['B-' 'B-' 'B-' 'B-'],
750,5D_1,,,badante,,750_5D_1,[' badante'],[' badante'],['B-'],
1904,2F_4,"sentimento, cosa astratta","affetto reciproco, affetto reciproco tra persone, affetto reciproco tra sorelle",affetto,,1904_2F_4,"['sentimento' 'cosa astratta' 'affetto' 'affetto reciproco'
 'affetto reciproco tra persone' 'affetto reciproco tra sorelle']","['sentimento' 'cosa astratta' 'affetto' 'affetto reciproco'
 'affetto reciproco tra persone' 'affetto reciproco tra sorelle']",['B-' 'B-' 'B-' 'B-' 'B-' 'B-'],
437,2E_13,mezzo,bmw,automobile,,437_2E_13,['mezzo' 'automobile' 'bmw'],['mezzo' 'automobile' 'bmw'],['B-' 'B-' 'B-'],
492,3B_16,"mezzo di trasporto, oggetto","fiat, panda",automobile,,492_3B_16,['mezzo di trasporto' 'oggetto' 'automobile' 'fiat' 'panda'],['mezzo di trasporto' 'oggetto' 'automobile' 'fiat' 'panda'],['B-' 'B-' 'B-' 'B-' 'B-'],
2190,2E_20,"paura, spaventato",spaventato,paura,"paura, spaventato, spaventato",2190_2E_20,['paura' 'spaventato' 'paura' 'spaventato'],['paura' 'paura'],['B-' 'O' 'B-' 'O'],
1702,5D_12,"emozione, gentilezza, entità",amore,affetto,gentilezza,1702_5D_12,['emozione' 'gentilezza' 'entità' 'affetto' 'amore'],['emozione' 'entità' 'affetto' 'amore'],['B-' 'O' 'B-' 'B-' 'B-'],
1673,3B_9,"diritto, legge, dovere","libertà di parola, libertà di culto",libertà,"legge, dovere, libertà di culto",1673_3B_9,"['diritto' 'legge' 'dovere' 'libertà' 'libertà di parola'
 'libertà di culto']",['diritto' 'libertà' 'libertà di parola'],['B-' 'O' 'O' 'B-' 'B-' 'O'],
